🚀 Starting Fast Stealth Parser with Proxy Support...
📦 Categories: dc-dc-preobrazovateli-2010
⚙️  Settings: 10 browsers, 120 req/min, 3-4 sec delays, batch 200 → pause 5 min

📦 Loading proxies from .env.proxies...
✅ Loaded 20000 proxies
⏭️  Skipping first 50 proxies (slow/problematic)...
✅ Proxy manager initialized with 19950 proxies (skipped first 50)

📂 Found 1 categories to parse


[1/1] Processing: DC-DC Преобразователи
🔄 Using proxy: p.webshare.io:80 (yyinovqc-51)
[32mINFO[39m [33m PlaywrightCrawler:[39m Starting the crawler.
[32mINFO[39m [33m PlaywrightCrawler:[39m Fetching catalog: https://www.chipdip.ru/catalog/dc-dc-preobrazovateli-2010
[32mINFO[39m [33m PlaywrightCrawler:[39m Found 20 products on this page
[32mINFO[39m [33m PlaywrightCrawler:[39m Pager element exists
[32mINFO[39m [33m PlaywrightCrawler:[39m Found next page: https://www.chipdip.ru/catalog/dc-dc-preobrazovateli-2010?page=2
[32mINFO[39m [33m PlaywrightCrawler:[39m Fetching catalog: https://www.chipdip.ru/catalog/dc-dc-preobrazovateli-2010?page=2
[32mINFO[39m [33m PlaywrightCrawler:[39m Found 20 products on this page
[32mINFO[39m [33m PlaywrightCrawler:[39m Pager element exists
[32mINFO[39m [33m PlaywrightCrawler:[39m Found next page: https://www.chipdip.ru/catalog/dc-dc-preobrazovateli-2010?page=3
[32mINFO[39m [33m PlaywrightCrawler:[39m Fetching catalog: https://www.chipdip.ru/catalog/dc-dc-preobrazovateli-2010?page=3
[32mINFO[39m [33m PlaywrightCrawler:[39m Found 20 products on this page
[32mINFO[39m [33m PlaywrightCrawler:[39m Pager element exists
[32mINFO[39m [33m PlaywrightCrawler:[39m Found next page: https://www.chipdip.ru/catalog/dc-dc-preobrazovateli-2010?page=4
[32mINFO[39m [33m PlaywrightCrawler:[39m Fetching catalog: https://www.chipdip.ru/catalog/dc-dc-preobrazovateli-2010?page=4
[32mINFO[39m [33m PlaywrightCrawler:[39m Found 20 products on this page
[32mINFO[39m [33m PlaywrightCrawler:[39m Pager element exists
[32mINFO[39m [33m PlaywrightCrawler:[39m Found next page: https://www.chipdip.ru/catalog/dc-dc-preobrazovateli-2010?page=5
[32mINFO[39m [33m PlaywrightCrawler:[39m Fetching catalog: https://www.chipdip.ru/catalog/dc-dc-preobrazovateli-2010?page=5
[32mINFO[39m [33m PlaywrightCrawler:[39m Found 20 products on this page
[32mINFO[39m [33m PlaywrightCrawler:[39m Pager element exists
[32mINFO[39m [33m PlaywrightCrawler:[39m Found next page: https://www.chipdip.ru/catalog/dc-dc-preobrazovateli-2010?page=6
[32mINFO[39m [33m PlaywrightCrawler:Statistics:[39m PlaywrightCrawler request statistics:[90m {"requestAvgFailedDurationMillis":null,"requestAvgFinishedDurationMillis":11658,"requestsFinishedPerMinute":5,"requestsFailedPerMinute":0,"requestTotalDurationMillis":58290,"requestsTotal":5,"crawlerRuntimeMillis":60070,"retryHistogram":[5]}[39m
[32mINFO[39m [33m PlaywrightCrawler:AutoscaledPool:[39m state[90m {"currentConcurrency":1,"desiredConcurrency":1,"systemStatus":{"isSystemIdle":true,"memInfo":{"isOverloaded":false,"limitRatio":0.2,"actualRatio":0},"eventLoopInfo":{"isOverloaded":false,"limitRatio":0.6,"actualRatio":0},"cpuInfo":{"isOverloaded":false,"limitRatio":0.4,"actualRatio":0},"clientInfo":{"isOverloaded":false,"limitRatio":0.3,"actualRatio":0}}}[39m
[32mINFO[39m [33m PlaywrightCrawler:[39m Fetching catalog: https://www.chipdip.ru/catalog/dc-dc-preobrazovateli-2010?page=6
[32mINFO[39m [33m PlaywrightCrawler:[39m Found 20 products on this page
[32mINFO[39m [33m PlaywrightCrawler:[39m Pager element exists
[32mINFO[39m [33m PlaywrightCrawler:[39m Found next page: https://www.chipdip.ru/catalog/dc-dc-preobrazovateli-2010?page=7
[32mINFO[39m [33m PlaywrightCrawler:[39m Fetching catalog: https://www.chipdip.ru/catalog/dc-dc-preobrazovateli-2010?page=7
[32mINFO[39m [33m PlaywrightCrawler:[39m Found 20 products on this page
[32mINFO[39m [33m PlaywrightCrawler:[39m Pager element exists
[32mINFO[39m [33m PlaywrightCrawler:[39m Found next page: https://www.chipdip.ru/catalog/dc-dc-preobrazovateli-2010?page=8
[32mINFO[39m [33m PlaywrightCrawler:[39m Fetching catalog: https://www.chipdip.ru/catalog/dc-dc-preobrazovateli-2010?page=8
[32mINFO[39m [33m PlaywrightCrawler:[39m Found 20 products on this page
[32mINFO[39m [33m PlaywrightCrawler:[39m Pager element exists
[32mINFO[39m [33m PlaywrightCrawler:[39m Found next page: https://www.chipdip.ru/catalog/dc-dc-preobrazovateli-2010?page=9
[32mINFO[39m [33m PlaywrightCrawler:[39m Fetching catalog: https://www.chipdip.ru/catalog/dc-dc-preobrazovateli-2010?page=9
[32mINFO[39m [33m PlaywrightCrawler:[39m Found 20 products on this page
[32mINFO[39m [33m PlaywrightCrawler:[39m Pager element exists
[32mINFO[39m [33m PlaywrightCrawler:[39m Found next page: https://www.chipdip.ru/catalog/dc-dc-preobrazovateli-2010?page=10
[32mINFO[39m [33m PlaywrightCrawler:[39m Fetching catalog: https://www.chipdip.ru/catalog/dc-dc-preobrazovateli-2010?page=10
[32mINFO[39m [33m PlaywrightCrawler:[39m Found 20 products on this page
[32mINFO[39m [33m PlaywrightCrawler:[39m Pager element exists
[32mINFO[39m [33m PlaywrightCrawler:[39m Found next page: https://www.chipdip.ru/catalog/dc-dc-preobrazovateli-2010?page=11
[32mINFO[39m [33m PlaywrightCrawler:[39m Fetching catalog: https://www.chipdip.ru/catalog/dc-dc-preobrazovateli-2010?page=11
[32mINFO[39m [33m PlaywrightCrawler:Statistics:[39m PlaywrightCrawler request statistics:[90m {"requestAvgFailedDurationMillis":null,"requestAvgFinishedDurationMillis":11397,"requestsFinishedPerMinute":5,"requestsFailedPerMinute":0,"requestTotalDurationMillis":113971,"requestsTotal":10,"crawlerRuntimeMillis":120076,"retryHistogram":[10]}[39m
[32mINFO[39m [33m PlaywrightCrawler:AutoscaledPool:[39m state[90m {"currentConcurrency":1,"desiredConcurrency":1,"systemStatus":{"isSystemIdle":true,"memInfo":{"isOverloaded":false,"limitRatio":0.2,"actualRatio":0},"eventLoopInfo":{"isOverloaded":false,"limitRatio":0.6,"actualRatio":0},"cpuInfo":{"isOverloaded":false,"limitRatio":0.4,"actualRatio":0},"clientInfo":{"isOverloaded":false,"limitRatio":0.3,"actualRatio":0}}}[39m
[32mINFO[39m [33m PlaywrightCrawler:[39m Found 20 products on this page
[32mINFO[39m [33m PlaywrightCrawler:[39m Pager element exists
[32mINFO[39m [33m PlaywrightCrawler:[39m Found next page: https://www.chipdip.ru/catalog/dc-dc-preobrazovateli-2010?page=12
[32mINFO[39m [33m PlaywrightCrawler:[39m Fetching catalog: https://www.chipdip.ru/catalog/dc-dc-preobrazovateli-2010?page=12
[32mINFO[39m [33m PlaywrightCrawler:[39m Found 20 products on this page
[32mINFO[39m [33m PlaywrightCrawler:[39m Pager element exists
[32mINFO[39m [33m PlaywrightCrawler:[39m Found next page: https://www.chipdip.ru/catalog/dc-dc-preobrazovateli-2010?page=13
[32mINFO[39m [33m PlaywrightCrawler:[39m Fetching catalog: https://www.chipdip.ru/catalog/dc-dc-preobrazovateli-2010?page=13
[32mINFO[39m [33m PlaywrightCrawler:[39m Found 20 products on this page
[32mINFO[39m [33m PlaywrightCrawler:[39m Pager element exists
[32mINFO[39m [33m PlaywrightCrawler:[39m Found next page: https://www.chipdip.ru/catalog/dc-dc-preobrazovateli-2010?page=14
[32mINFO[39m [33m PlaywrightCrawler:[39m Fetching catalog: https://www.chipdip.ru/catalog/dc-dc-preobrazovateli-2010?page=14
[32mINFO[39m [33m PlaywrightCrawler:[39m Found 20 products on this page
[32mINFO[39m [33m PlaywrightCrawler:[39m Pager element exists
[32mINFO[39m [33m PlaywrightCrawler:[39m Found next page: https://www.chipdip.ru/catalog/dc-dc-preobrazovateli-2010?page=15
[32mINFO[39m [33m PlaywrightCrawler:[39m Fetching catalog: https://www.chipdip.ru/catalog/dc-dc-preobrazovateli-2010?page=15
[32mINFO[39m [33m PlaywrightCrawler:[39m Found 20 products on this page
[32mINFO[39m [33m PlaywrightCrawler:[39m Pager element exists
[32mINFO[39m [33m PlaywrightCrawler:[39m Found next page: https://www.chipdip.ru/catalog/dc-dc-preobrazovateli-2010?page=16
[32mINFO[39m [33m PlaywrightCrawler:[39m Fetching catalog: https://www.chipdip.ru/catalog/dc-dc-preobrazovateli-2010?page=16
[32mINFO[39m [33m PlaywrightCrawler:[39m Found 20 products on this page
[32mINFO[39m [33m PlaywrightCrawler:[39m Pager element exists
[32mINFO[39m [33m PlaywrightCrawler:[39m Found next page: https://www.chipdip.ru/catalog/dc-dc-preobrazovateli-2010?page=17
[32mINFO[39m [33m PlaywrightCrawler:[39m Fetching catalog: https://www.chipdip.ru/catalog/dc-dc-preobrazovateli-2010?page=17
[32mINFO[39m [33m PlaywrightCrawler:Statistics:[39m PlaywrightCrawler request statistics:[90m {"requestAvgFailedDurationMillis":null,"requestAvgFinishedDurationMillis":10731,"requestsFinishedPerMinute":5,"requestsFailedPerMinute":0,"requestTotalDurationMillis":171690,"requestsTotal":16,"crawlerRuntimeMillis":180077,"retryHistogram":[16]}[39m
[32mINFO[39m [33m PlaywrightCrawler:AutoscaledPool:[39m state[90m {"currentConcurrency":1,"desiredConcurrency":1,"systemStatus":{"isSystemIdle":true,"memInfo":{"isOverloaded":false,"limitRatio":0.2,"actualRatio":0},"eventLoopInfo":{"isOverloaded":false,"limitRatio":0.6,"actualRatio":0},"cpuInfo":{"isOverloaded":false,"limitRatio":0.4,"actualRatio":0},"clientInfo":{"isOverloaded":false,"limitRatio":0.3,"actualRatio":0}}}[39m
[32mINFO[39m [33m PlaywrightCrawler:[39m Found 20 products on this page
[32mINFO[39m [33m PlaywrightCrawler:[39m Pager element exists
[32mINFO[39m [33m PlaywrightCrawler:[39m Found next page: https://www.chipdip.ru/catalog/dc-dc-preobrazovateli-2010?page=18
[32mINFO[39m [33m PlaywrightCrawler:[39m Fetching catalog: https://www.chipdip.ru/catalog/dc-dc-preobrazovateli-2010?page=18
[32mINFO[39m [33m PlaywrightCrawler:[39m Found 20 products on this page
[32mINFO[39m [33m PlaywrightCrawler:[39m Pager element exists
[32mINFO[39m [33m PlaywrightCrawler:[39m Found next page: https://www.chipdip.ru/catalog/dc-dc-preobrazovateli-2010?page=19
[32mINFO[39m [33m PlaywrightCrawler:[39m Fetching catalog: https://www.chipdip.ru/catalog/dc-dc-preobrazovateli-2010?page=19
[32mINFO[39m [33m PlaywrightCrawler:[39m Found 20 products on this page
[32mINFO[39m [33m PlaywrightCrawler:[39m Pager element exists
[32mINFO[39m [33m PlaywrightCrawler:[39m Found next page: https://www.chipdip.ru/catalog/dc-dc-preobrazovateli-2010?page=20
[32mINFO[39m [33m PlaywrightCrawler:[39m Fetching catalog: https://www.chipdip.ru/catalog/dc-dc-preobrazovateli-2010?page=20
[32mINFO[39m [33m PlaywrightCrawler:[39m Found 20 products on this page
[32mINFO[39m [33m PlaywrightCrawler:[39m Pager element exists
[32mINFO[39m [33m PlaywrightCrawler:[39m Found next page: https://www.chipdip.ru/catalog/dc-dc-preobrazovateli-2010?page=21
[32mINFO[39m [33m PlaywrightCrawler:[39m Fetching catalog: https://www.chipdip.ru/catalog/dc-dc-preobrazovateli-2010?page=21
[32mINFO[39m [33m PlaywrightCrawler:[39m Found 20 products on this page
[32mINFO[39m [33m PlaywrightCrawler:[39m Pager element exists
[32mINFO[39m [33m PlaywrightCrawler:[39m Found next page: https://www.chipdip.ru/catalog/dc-dc-preobrazovateli-2010?page=22
[32mINFO[39m [33m PlaywrightCrawler:[39m Fetching catalog: https://www.chipdip.ru/catalog/dc-dc-preobrazovateli-2010?page=22
[32mINFO[39m [33m PlaywrightCrawler:[39m Found 20 products on this page
[32mINFO[39m [33m PlaywrightCrawler:[39m Pager element exists
[32mINFO[39m [33m PlaywrightCrawler:[39m Found next page: https://www.chipdip.ru/catalog/dc-dc-preobrazovateli-2010?page=23
[32mINFO[39m [33m PlaywrightCrawler:[39m Fetching catalog: https://www.chipdip.ru/catalog/dc-dc-preobrazovateli-2010?page=23
[32mINFO[39m [33m PlaywrightCrawler:[39m Found 20 products on this page
[32mINFO[39m [33m PlaywrightCrawler:[39m Pager element exists
[32mINFO[39m [33m PlaywrightCrawler:[39m Found next page: https://www.chipdip.ru/catalog/dc-dc-preobrazovateli-2010?page=24
[32mINFO[39m [33m PlaywrightCrawler:[39m Fetching catalog: https://www.chipdip.ru/catalog/dc-dc-preobrazovateli-2010?page=24
[32mINFO[39m [33m PlaywrightCrawler:Statistics:[39m PlaywrightCrawler request statistics:[90m {"requestAvgFailedDurationMillis":null,"requestAvgFinishedDurationMillis":10134,"requestsFinishedPerMinute":6,"requestsFailedPerMinute":0,"requestTotalDurationMillis":233085,"requestsTotal":23,"crawlerRuntimeMillis":240081,"retryHistogram":[23]}[39m
[32mINFO[39m [33m PlaywrightCrawler:AutoscaledPool:[39m state[90m {"currentConcurrency":1,"desiredConcurrency":1,"systemStatus":{"isSystemIdle":true,"memInfo":{"isOverloaded":false,"limitRatio":0.2,"actualRatio":0},"eventLoopInfo":{"isOverloaded":false,"limitRatio":0.6,"actualRatio":0},"cpuInfo":{"isOverloaded":false,"limitRatio":0.4,"actualRatio":0},"clientInfo":{"isOverloaded":false,"limitRatio":0.3,"actualRatio":0}}}[39m
[32mINFO[39m [33m PlaywrightCrawler:[39m Found 20 products on this page
[32mINFO[39m [33m PlaywrightCrawler:[39m Pager element exists
[32mINFO[39m [33m PlaywrightCrawler:[39m Found next page: https://www.chipdip.ru/catalog/dc-dc-preobrazovateli-2010?page=25
[32mINFO[39m [33m PlaywrightCrawler:[39m Fetching catalog: https://www.chipdip.ru/catalog/dc-dc-preobrazovateli-2010?page=25
[32mINFO[39m [33m PlaywrightCrawler:[39m Found 20 products on this page
[32mINFO[39m [33m PlaywrightCrawler:[39m Pager element exists
[32mINFO[39m [33m PlaywrightCrawler:[39m Found next page: https://www.chipdip.ru/catalog/dc-dc-preobrazovateli-2010?page=26
[32mINFO[39m [33m PlaywrightCrawler:[39m Fetching catalog: https://www.chipdip.ru/catalog/dc-dc-preobrazovateli-2010?page=26
[32mINFO[39m [33m PlaywrightCrawler:[39m Found 20 products on this page
[32mINFO[39m [33m PlaywrightCrawler:[39m Pager element exists
[32mINFO[39m [33m PlaywrightCrawler:[39m Found next page: https://www.chipdip.ru/catalog/dc-dc-preobrazovateli-2010?page=27
[32mINFO[39m [33m PlaywrightCrawler:[39m Fetching catalog: https://www.chipdip.ru/catalog/dc-dc-preobrazovateli-2010?page=27
[32mINFO[39m [33m PlaywrightCrawler:[39m Found 20 products on this page
[32mINFO[39m [33m PlaywrightCrawler:[39m Pager element exists
[32mINFO[39m [33m PlaywrightCrawler:[39m Found next page: https://www.chipdip.ru/catalog/dc-dc-preobrazovateli-2010?page=28
[32mINFO[39m [33m PlaywrightCrawler:[39m Fetching catalog: https://www.chipdip.ru/catalog/dc-dc-preobrazovateli-2010?page=28
[32mINFO[39m [33m PlaywrightCrawler:[39m Found 20 products on this page
[32mINFO[39m [33m PlaywrightCrawler:[39m Pager element exists
[32mINFO[39m [33m PlaywrightCrawler:[39m Found next page: https://www.chipdip.ru/catalog/dc-dc-preobrazovateli-2010?page=29
[32mINFO[39m [33m PlaywrightCrawler:[39m Fetching catalog: https://www.chipdip.ru/catalog/dc-dc-preobrazovateli-2010?page=29
[32mINFO[39m [33m PlaywrightCrawler:[39m Found 20 products on this page
[32mINFO[39m [33m PlaywrightCrawler:[39m Pager element exists
[32mINFO[39m [33m PlaywrightCrawler:[39m Found next page: https://www.chipdip.ru/catalog/dc-dc-preobrazovateli-2010?page=30
[32mINFO[39m [33m PlaywrightCrawler:[39m Fetching catalog: https://www.chipdip.ru/catalog/dc-dc-preobrazovateli-2010?page=30
[32mINFO[39m [33m PlaywrightCrawler:[39m Found 20 products on this page
[32mINFO[39m [33m PlaywrightCrawler:[39m Pager element exists
[32mINFO[39m [33m PlaywrightCrawler:[39m Found next page: https://www.chipdip.ru/catalog/dc-dc-preobrazovateli-2010?page=31
[32mINFO[39m [33m PlaywrightCrawler:[39m Fetching catalog: https://www.chipdip.ru/catalog/dc-dc-preobrazovateli-2010?page=31
[32mINFO[39m [33m PlaywrightCrawler:[39m Found 20 products on this page
[32mINFO[39m [33m PlaywrightCrawler:[39m Pager element exists
[32mINFO[39m [33m PlaywrightCrawler:[39m Found next page: https://www.chipdip.ru/catalog/dc-dc-preobrazovateli-2010?page=32
[32mINFO[39m [33m PlaywrightCrawler:[39m Fetching catalog: https://www.chipdip.ru/catalog/dc-dc-preobrazovateli-2010?page=32
[32mINFO[39m [33m PlaywrightCrawler:[39m Found 20 products on this page
[32mINFO[39m [33m PlaywrightCrawler:[39m Pager element exists
[32mINFO[39m [33m PlaywrightCrawler:[39m Found next page: https://www.chipdip.ru/catalog/dc-dc-preobrazovateli-2010?page=33
[32mINFO[39m [33m PlaywrightCrawler:Statistics:[39m PlaywrightCrawler request statistics:[90m {"requestAvgFailedDurationMillis":null,"requestAvgFinishedDurationMillis":9364,"requestsFinishedPerMinute":6,"requestsFailedPerMinute":0,"requestTotalDurationMillis":299658,"requestsTotal":32,"crawlerRuntimeMillis":300084,"retryHistogram":[32]}[39m
[32mINFO[39m [33m PlaywrightCrawler:AutoscaledPool:[39m state[90m {"currentConcurrency":1,"desiredConcurrency":1,"systemStatus":{"isSystemIdle":true,"memInfo":{"isOverloaded":false,"limitRatio":0.2,"actualRatio":0},"eventLoopInfo":{"isOverloaded":false,"limitRatio":0.6,"actualRatio":0},"cpuInfo":{"isOverloaded":false,"limitRatio":0.4,"actualRatio":0},"clientInfo":{"isOverloaded":false,"limitRatio":0.3,"actualRatio":0}}}[39m
[32mINFO[39m [33m PlaywrightCrawler:[39m Fetching catalog: https://www.chipdip.ru/catalog/dc-dc-preobrazovateli-2010?page=33
[32mINFO[39m [33m PlaywrightCrawler:[39m Found 20 products on this page
[32mINFO[39m [33m PlaywrightCrawler:[39m Pager element exists
[32mINFO[39m [33m PlaywrightCrawler:[39m Found next page: https://www.chipdip.ru/catalog/dc-dc-preobrazovateli-2010?page=34
[32mINFO[39m [33m PlaywrightCrawler:[39m Fetching catalog: https://www.chipdip.ru/catalog/dc-dc-preobrazovateli-2010?page=34
[32mINFO[39m [33m PlaywrightCrawler:[39m Found 20 products on this page
[32mINFO[39m [33m PlaywrightCrawler:[39m Pager element exists
[32mINFO[39m [33m PlaywrightCrawler:[39m Found next page: https://www.chipdip.ru/catalog/dc-dc-preobrazovateli-2010?page=35
[32mINFO[39m [33m PlaywrightCrawler:[39m Fetching catalog: https://www.chipdip.ru/catalog/dc-dc-preobrazovateli-2010?page=35
[32mINFO[39m [33m PlaywrightCrawler:[39m Found 20 products on this page
[32mINFO[39m [33m PlaywrightCrawler:[39m Pager element exists
[32mINFO[39m [33m PlaywrightCrawler:[39m Found next page: https://www.chipdip.ru/catalog/dc-dc-preobrazovateli-2010?page=36
[32mINFO[39m [33m PlaywrightCrawler:[39m Fetching catalog: https://www.chipdip.ru/catalog/dc-dc-preobrazovateli-2010?page=36
[32mINFO[39m [33m PlaywrightCrawler:[39m Found 20 products on this page
[32mINFO[39m [33m PlaywrightCrawler:[39m Pager element exists
[32mINFO[39m [33m PlaywrightCrawler:[39m Found next page: https://www.chipdip.ru/catalog/dc-dc-preobrazovateli-2010?page=37
[32mINFO[39m [33m PlaywrightCrawler:[39m Fetching catalog: https://www.chipdip.ru/catalog/dc-dc-preobrazovateli-2010?page=37
[32mINFO[39m [33m PlaywrightCrawler:[39m Found 20 products on this page
[32mINFO[39m [33m PlaywrightCrawler:[39m Pager element exists
[32mINFO[39m [33m PlaywrightCrawler:[39m Found next page: https://www.chipdip.ru/catalog/dc-dc-preobrazovateli-2010?page=38
[32mINFO[39m [33m PlaywrightCrawler:[39m Fetching catalog: https://www.chipdip.ru/catalog/dc-dc-preobrazovateli-2010?page=38
[32mINFO[39m [33m PlaywrightCrawler:[39m Found 20 products on this page
[32mINFO[39m [33m PlaywrightCrawler:[39m Pager element exists
[32mINFO[39m [33m PlaywrightCrawler:[39m Found next page: https://www.chipdip.ru/catalog/dc-dc-preobrazovateli-2010?page=39
[32mINFO[39m [33m PlaywrightCrawler:[39m Fetching catalog: https://www.chipdip.ru/catalog/dc-dc-preobrazovateli-2010?page=39
[32mINFO[39m [33m PlaywrightCrawler:[39m Found 20 products on this page
[32mINFO[39m [33m PlaywrightCrawler:[39m Pager element exists
[32mINFO[39m [33m PlaywrightCrawler:[39m Found next page: https://www.chipdip.ru/catalog/dc-dc-preobrazovateli-2010?page=40
[32mINFO[39m [33m PlaywrightCrawler:[39m Fetching catalog: https://www.chipdip.ru/catalog/dc-dc-preobrazovateli-2010?page=40
[32mINFO[39m [33m PlaywrightCrawler:[39m Found 20 products on this page
[32mINFO[39m [33m PlaywrightCrawler:[39m Pager element exists
[32mINFO[39m [33m PlaywrightCrawler:[39m Found next page: https://www.chipdip.ru/catalog/dc-dc-preobrazovateli-2010?page=41
[32mINFO[39m [33m PlaywrightCrawler:[39m Fetching catalog: https://www.chipdip.ru/catalog/dc-dc-preobrazovateli-2010?page=41
[32mINFO[39m [33m PlaywrightCrawler:Statistics:[39m PlaywrightCrawler request statistics:[90m {"requestAvgFailedDurationMillis":null,"requestAvgFinishedDurationMillis":8920,"requestsFinishedPerMinute":7,"requestsFailedPerMinute":0,"requestTotalDurationMillis":356798,"requestsTotal":40,"crawlerRuntimeMillis":360090,"retryHistogram":[40]}[39m
[32mINFO[39m [33m PlaywrightCrawler:AutoscaledPool:[39m state[90m {"currentConcurrency":1,"desiredConcurrency":1,"systemStatus":{"isSystemIdle":true,"memInfo":{"isOverloaded":false,"limitRatio":0.2,"actualRatio":0},"eventLoopInfo":{"isOverloaded":false,"limitRatio":0.6,"actualRatio":0},"cpuInfo":{"isOverloaded":false,"limitRatio":0.4,"actualRatio":0},"clientInfo":{"isOverloaded":false,"limitRatio":0.3,"actualRatio":0}}}[39m
[32mINFO[39m [33m PlaywrightCrawler:[39m Found 20 products on this page
[32mINFO[39m [33m PlaywrightCrawler:[39m Pager element exists
[32mINFO[39m [33m PlaywrightCrawler:[39m Found next page: https://www.chipdip.ru/catalog/dc-dc-preobrazovateli-2010?page=42
[32mINFO[39m [33m PlaywrightCrawler:[39m Fetching catalog: https://www.chipdip.ru/catalog/dc-dc-preobrazovateli-2010?page=42
[32mINFO[39m [33m PlaywrightCrawler:[39m Found 20 products on this page
[32mINFO[39m [33m PlaywrightCrawler:[39m Pager element exists
[32mINFO[39m [33m PlaywrightCrawler:[39m Found next page: https://www.chipdip.ru/catalog/dc-dc-preobrazovateli-2010?page=43
[32mINFO[39m [33m PlaywrightCrawler:[39m Fetching catalog: https://www.chipdip.ru/catalog/dc-dc-preobrazovateli-2010?page=43
[32mINFO[39m [33m PlaywrightCrawler:[39m Found 20 products on this page
[32mINFO[39m [33m PlaywrightCrawler:[39m Pager element exists
[32mINFO[39m [33m PlaywrightCrawler:[39m Found next page: https://www.chipdip.ru/catalog/dc-dc-preobrazovateli-2010?page=44
[32mINFO[39m [33m PlaywrightCrawler:[39m Fetching catalog: https://www.chipdip.ru/catalog/dc-dc-preobrazovateli-2010?page=44
[32mINFO[39m [33m PlaywrightCrawler:[39m Found 20 products on this page
[32mINFO[39m [33m PlaywrightCrawler:[39m Pager element exists
[32mINFO[39m [33m PlaywrightCrawler:[39m Found next page: https://www.chipdip.ru/catalog/dc-dc-preobrazovateli-2010?page=45
[32mINFO[39m [33m PlaywrightCrawler:[39m Fetching catalog: https://www.chipdip.ru/catalog/dc-dc-preobrazovateli-2010?page=45
[32mINFO[39m [33m PlaywrightCrawler:[39m Found 20 products on this page
[32mINFO[39m [33m PlaywrightCrawler:[39m Pager element exists
[32mINFO[39m [33m PlaywrightCrawler:[39m Found next page: https://www.chipdip.ru/catalog/dc-dc-preobrazovateli-2010?page=46
[32mINFO[39m [33m PlaywrightCrawler:[39m Fetching catalog: https://www.chipdip.ru/catalog/dc-dc-preobrazovateli-2010?page=46
[32mINFO[39m [33m PlaywrightCrawler:[39m Found 20 products on this page
[32mINFO[39m [33m PlaywrightCrawler:[39m Pager element exists
[32mINFO[39m [33m PlaywrightCrawler:[39m Found next page: https://www.chipdip.ru/catalog/dc-dc-preobrazovateli-2010?page=47
[32mINFO[39m [33m PlaywrightCrawler:[39m Fetching catalog: https://www.chipdip.ru/catalog/dc-dc-preobrazovateli-2010?page=47
[32mINFO[39m [33m PlaywrightCrawler:[39m Found 20 products on this page
[32mINFO[39m [33m PlaywrightCrawler:[39m Pager element exists
[32mINFO[39m [33m PlaywrightCrawler:[39m Found next page: https://www.chipdip.ru/catalog/dc-dc-preobrazovateli-2010?page=48
[32mINFO[39m [33m PlaywrightCrawler:[39m Fetching catalog: https://www.chipdip.ru/catalog/dc-dc-preobrazovateli-2010?page=48
[32mINFO[39m [33m PlaywrightCrawler:[39m Found 20 products on this page
[32mINFO[39m [33m PlaywrightCrawler:[39m Pager element exists
[32mINFO[39m [33m PlaywrightCrawler:[39m Found next page: https://www.chipdip.ru/catalog/dc-dc-preobrazovateli-2010?page=49
[32mINFO[39m [33m PlaywrightCrawler:[39m Fetching catalog: https://www.chipdip.ru/catalog/dc-dc-preobrazovateli-2010?page=49
[32mINFO[39m [33m PlaywrightCrawler:Statistics:[39m PlaywrightCrawler request statistics:[90m {"requestAvgFailedDurationMillis":null,"requestAvgFinishedDurationMillis":8647,"requestsFinishedPerMinute":7,"requestsFailedPerMinute":0,"requestTotalDurationMillis":415043,"requestsTotal":48,"crawlerRuntimeMillis":420093,"retryHistogram":[48]}[39m
[32mINFO[39m [33m PlaywrightCrawler:AutoscaledPool:[39m state[90m {"currentConcurrency":1,"desiredConcurrency":1,"systemStatus":{"isSystemIdle":true,"memInfo":{"isOverloaded":false,"limitRatio":0.2,"actualRatio":0},"eventLoopInfo":{"isOverloaded":false,"limitRatio":0.6,"actualRatio":0},"cpuInfo":{"isOverloaded":false,"limitRatio":0.4,"actualRatio":0},"clientInfo":{"isOverloaded":false,"limitRatio":0.3,"actualRatio":0}}}[39m
[32mINFO[39m [33m PlaywrightCrawler:[39m Found 20 products on this page
[32mINFO[39m [33m PlaywrightCrawler:[39m Pager element exists
[32mINFO[39m [33m PlaywrightCrawler:[39m Found next page: https://www.chipdip.ru/catalog/dc-dc-preobrazovateli-2010?page=50
[32mINFO[39m [33m PlaywrightCrawler:[39m Fetching catalog: https://www.chipdip.ru/catalog/dc-dc-preobrazovateli-2010?page=50
[32mINFO[39m [33m PlaywrightCrawler:[39m Found 20 products on this page
[32mINFO[39m [33m PlaywrightCrawler:[39m Pager element exists
[32mINFO[39m [33m PlaywrightCrawler:[39m Found next page: https://www.chipdip.ru/catalog/dc-dc-preobrazovateli-2010?page=51
[32mINFO[39m [33m PlaywrightCrawler:[39m Fetching catalog: https://www.chipdip.ru/catalog/dc-dc-preobrazovateli-2010?page=51
[32mINFO[39m [33m PlaywrightCrawler:[39m Found 20 products on this page
[32mINFO[39m [33m PlaywrightCrawler:[39m Pager element exists
[32mINFO[39m [33m PlaywrightCrawler:[39m Found next page: https://www.chipdip.ru/catalog/dc-dc-preobrazovateli-2010?page=52
[32mINFO[39m [33m PlaywrightCrawler:[39m Fetching catalog: https://www.chipdip.ru/catalog/dc-dc-preobrazovateli-2010?page=52
[32mINFO[39m [33m PlaywrightCrawler:[39m Found 20 products on this page
[32mINFO[39m [33m PlaywrightCrawler:[39m Pager element exists
[32mINFO[39m [33m PlaywrightCrawler:[39m Found next page: https://www.chipdip.ru/catalog/dc-dc-preobrazovateli-2010?page=53
[32mINFO[39m [33m PlaywrightCrawler:[39m Fetching catalog: https://www.chipdip.ru/catalog/dc-dc-preobrazovateli-2010?page=53
[32mINFO[39m [33m PlaywrightCrawler:[39m Found 20 products on this page
[32mINFO[39m [33m PlaywrightCrawler:[39m Pager element exists
[32mINFO[39m [33m PlaywrightCrawler:[39m Found next page: https://www.chipdip.ru/catalog/dc-dc-preobrazovateli-2010?page=54
[32mINFO[39m [33m PlaywrightCrawler:[39m Fetching catalog: https://www.chipdip.ru/catalog/dc-dc-preobrazovateli-2010?page=54
[32mINFO[39m [33m PlaywrightCrawler:[39m Found 20 products on this page
[32mINFO[39m [33m PlaywrightCrawler:[39m Pager element exists
[32mINFO[39m [33m PlaywrightCrawler:[39m Found next page: https://www.chipdip.ru/catalog/dc-dc-preobrazovateli-2010?page=55
[32mINFO[39m [33m PlaywrightCrawler:[39m Fetching catalog: https://www.chipdip.ru/catalog/dc-dc-preobrazovateli-2010?page=55
[32mINFO[39m [33m PlaywrightCrawler:[39m Found 20 products on this page
[32mINFO[39m [33m PlaywrightCrawler:[39m Pager element exists
[32mINFO[39m [33m PlaywrightCrawler:[39m Found next page: https://www.chipdip.ru/catalog/dc-dc-preobrazovateli-2010?page=56
[32mINFO[39m [33m PlaywrightCrawler:[39m Fetching catalog: https://www.chipdip.ru/catalog/dc-dc-preobrazovateli-2010?page=56
[32mINFO[39m [33m PlaywrightCrawler:Statistics:[39m PlaywrightCrawler request statistics:[90m {"requestAvgFailedDurationMillis":null,"requestAvgFinishedDurationMillis":8624,"requestsFinishedPerMinute":7,"requestsFailedPerMinute":0,"requestTotalDurationMillis":474305,"requestsTotal":55,"crawlerRuntimeMillis":480099,"retryHistogram":[55]}[39m
[32mINFO[39m [33m PlaywrightCrawler:AutoscaledPool:[39m state[90m {"currentConcurrency":1,"desiredConcurrency":1,"systemStatus":{"isSystemIdle":true,"memInfo":{"isOverloaded":false,"limitRatio":0.2,"actualRatio":0},"eventLoopInfo":{"isOverloaded":false,"limitRatio":0.6,"actualRatio":0},"cpuInfo":{"isOverloaded":false,"limitRatio":0.4,"actualRatio":0},"clientInfo":{"isOverloaded":false,"limitRatio":0.3,"actualRatio":0}}}[39m
[32mINFO[39m [33m PlaywrightCrawler:[39m Found 20 products on this page
[32mINFO[39m [33m PlaywrightCrawler:[39m Pager element exists
[32mINFO[39m [33m PlaywrightCrawler:[39m Found next page: https://www.chipdip.ru/catalog/dc-dc-preobrazovateli-2010?page=57
[32mINFO[39m [33m PlaywrightCrawler:[39m Fetching catalog: https://www.chipdip.ru/catalog/dc-dc-preobrazovateli-2010?page=57
[32mINFO[39m [33m PlaywrightCrawler:[39m Found 20 products on this page
[32mINFO[39m [33m PlaywrightCrawler:[39m Pager element exists
[32mINFO[39m [33m PlaywrightCrawler:[39m Found next page: https://www.chipdip.ru/catalog/dc-dc-preobrazovateli-2010?page=58
[32mINFO[39m [33m PlaywrightCrawler:[39m Fetching catalog: https://www.chipdip.ru/catalog/dc-dc-preobrazovateli-2010?page=58
[32mINFO[39m [33m PlaywrightCrawler:[39m Found 20 products on this page
[32mINFO[39m [33m PlaywrightCrawler:[39m Pager element exists
[32mINFO[39m [33m PlaywrightCrawler:[39m Found next page: https://www.chipdip.ru/catalog/dc-dc-preobrazovateli-2010?page=59
[32mINFO[39m [33m PlaywrightCrawler:[39m Fetching catalog: https://www.chipdip.ru/catalog/dc-dc-preobrazovateli-2010?page=59
[32mINFO[39m [33m PlaywrightCrawler:[39m Found 20 products on this page
[32mINFO[39m [33m PlaywrightCrawler:[39m Pager element exists
[32mINFO[39m [33m PlaywrightCrawler:[39m Found next page: https://www.chipdip.ru/catalog/dc-dc-preobrazovateli-2010?page=60
[32mINFO[39m [33m PlaywrightCrawler:[39m Fetching catalog: https://www.chipdip.ru/catalog/dc-dc-preobrazovateli-2010?page=60
[32mINFO[39m [33m PlaywrightCrawler:[39m Found 20 products on this page
[32mINFO[39m [33m PlaywrightCrawler:[39m Pager element exists
[32mINFO[39m [33m PlaywrightCrawler:[39m Found next page: https://www.chipdip.ru/catalog/dc-dc-preobrazovateli-2010?page=61
[32mINFO[39m [33m PlaywrightCrawler:[39m Fetching catalog: https://www.chipdip.ru/catalog/dc-dc-preobrazovateli-2010?page=61
[32mINFO[39m [33m PlaywrightCrawler:[39m Found 20 products on this page
[32mINFO[39m [33m PlaywrightCrawler:[39m Pager element exists
[32mINFO[39m [33m PlaywrightCrawler:[39m Found next page: https://www.chipdip.ru/catalog/dc-dc-preobrazovateli-2010?page=62
[32mINFO[39m [33m PlaywrightCrawler:[39m Fetching catalog: https://www.chipdip.ru/catalog/dc-dc-preobrazovateli-2010?page=62
[32mINFO[39m [33m PlaywrightCrawler:[39m Found 20 products on this page
[32mINFO[39m [33m PlaywrightCrawler:[39m Pager element exists
[32mINFO[39m [33m PlaywrightCrawler:[39m Found next page: https://www.chipdip.ru/catalog/dc-dc-preobrazovateli-2010?page=63
[32mINFO[39m [33m PlaywrightCrawler:[39m Fetching catalog: https://www.chipdip.ru/catalog/dc-dc-preobrazovateli-2010?page=63
[32mINFO[39m [33m PlaywrightCrawler:[39m Found 20 products on this page
[32mINFO[39m [33m PlaywrightCrawler:[39m Pager element exists
[32mINFO[39m [33m PlaywrightCrawler:[39m Found next page: https://www.chipdip.ru/catalog/dc-dc-preobrazovateli-2010?page=64
[32mINFO[39m [33m PlaywrightCrawler:[39m Fetching catalog: https://www.chipdip.ru/catalog/dc-dc-preobrazovateli-2010?page=64
[32mINFO[39m [33m PlaywrightCrawler:Statistics:[39m PlaywrightCrawler request statistics:[90m {"requestAvgFailedDurationMillis":null,"requestAvgFinishedDurationMillis":8522,"requestsFinishedPerMinute":7,"requestsFailedPerMinute":0,"requestTotalDurationMillis":536897,"requestsTotal":63,"crawlerRuntimeMillis":540103,"retryHistogram":[63]}[39m
[32mINFO[39m [33m PlaywrightCrawler:AutoscaledPool:[39m state[90m {"currentConcurrency":1,"desiredConcurrency":1,"systemStatus":{"isSystemIdle":true,"memInfo":{"isOverloaded":false,"limitRatio":0.2,"actualRatio":0},"eventLoopInfo":{"isOverloaded":false,"limitRatio":0.6,"actualRatio":0},"cpuInfo":{"isOverloaded":false,"limitRatio":0.4,"actualRatio":0},"clientInfo":{"isOverloaded":false,"limitRatio":0.3,"actualRatio":0}}}[39m
[32mINFO[39m [33m PlaywrightCrawler:[39m Found 20 products on this page
[32mINFO[39m [33m PlaywrightCrawler:[39m Pager element exists
[32mINFO[39m [33m PlaywrightCrawler:[39m Found next page: https://www.chipdip.ru/catalog/dc-dc-preobrazovateli-2010?page=65
[32mINFO[39m [33m PlaywrightCrawler:[39m Fetching catalog: https://www.chipdip.ru/catalog/dc-dc-preobrazovateli-2010?page=65
[32mINFO[39m [33m PlaywrightCrawler:[39m Found 20 products on this page
[32mINFO[39m [33m PlaywrightCrawler:[39m Pager element exists
[32mINFO[39m [33m PlaywrightCrawler:[39m Found next page: https://www.chipdip.ru/catalog/dc-dc-preobrazovateli-2010?page=66
[32mINFO[39m [33m PlaywrightCrawler:[39m Fetching catalog: https://www.chipdip.ru/catalog/dc-dc-preobrazovateli-2010?page=66
[32mINFO[39m [33m PlaywrightCrawler:[39m Found 20 products on this page
[32mINFO[39m [33m PlaywrightCrawler:[39m Pager element exists
[32mINFO[39m [33m PlaywrightCrawler:[39m Found next page: https://www.chipdip.ru/catalog/dc-dc-preobrazovateli-2010?page=67
[32mINFO[39m [33m PlaywrightCrawler:[39m Fetching catalog: https://www.chipdip.ru/catalog/dc-dc-preobrazovateli-2010?page=67
[32mINFO[39m [33m PlaywrightCrawler:[39m Found 20 products on this page
[32mINFO[39m [33m PlaywrightCrawler:[39m Pager element exists
[32mINFO[39m [33m PlaywrightCrawler:[39m Found next page: https://www.chipdip.ru/catalog/dc-dc-preobrazovateli-2010?page=68
[32mINFO[39m [33m PlaywrightCrawler:[39m Fetching catalog: https://www.chipdip.ru/catalog/dc-dc-preobrazovateli-2010?page=68
[32mINFO[39m [33m PlaywrightCrawler:[39m Found 20 products on this page
[32mINFO[39m [33m PlaywrightCrawler:[39m Pager element exists
[32mINFO[39m [33m PlaywrightCrawler:[39m Found next page: https://www.chipdip.ru/catalog/dc-dc-preobrazovateli-2010?page=69
[32mINFO[39m [33m PlaywrightCrawler:[39m Fetching catalog: https://www.chipdip.ru/catalog/dc-dc-preobrazovateli-2010?page=69
[32mINFO[39m [33m PlaywrightCrawler:[39m Found 20 products on this page
[32mINFO[39m [33m PlaywrightCrawler:[39m Pager element exists
[32mINFO[39m [33m PlaywrightCrawler:[39m Found next page: https://www.chipdip.ru/catalog/dc-dc-preobrazovateli-2010?page=70
[32mINFO[39m [33m PlaywrightCrawler:[39m Fetching catalog: https://www.chipdip.ru/catalog/dc-dc-preobrazovateli-2010?page=70
[32mINFO[39m [33m PlaywrightCrawler:[39m Found 20 products on this page
[32mINFO[39m [33m PlaywrightCrawler:[39m Pager element exists
[32mINFO[39m [33m PlaywrightCrawler:[39m Found next page: https://www.chipdip.ru/catalog/dc-dc-preobrazovateli-2010?page=71
[32mINFO[39m [33m PlaywrightCrawler:[39m Fetching catalog: https://www.chipdip.ru/catalog/dc-dc-preobrazovateli-2010?page=71
[32mINFO[39m [33m PlaywrightCrawler:[39m Found 20 products on this page
[32mINFO[39m [33m PlaywrightCrawler:[39m Pager element exists
[32mINFO[39m [33m PlaywrightCrawler:[39m Found next page: https://www.chipdip.ru/catalog/dc-dc-preobrazovateli-2010?page=72
[32mINFO[39m [33m PlaywrightCrawler:Statistics:[39m PlaywrightCrawler request statistics:[90m {"requestAvgFailedDurationMillis":null,"requestAvgFinishedDurationMillis":8417,"requestsFinishedPerMinute":7,"requestsFailedPerMinute":0,"requestTotalDurationMillis":597639,"requestsTotal":71,"crawlerRuntimeMillis":600105,"retryHistogram":[71]}[39m
[32mINFO[39m [33m PlaywrightCrawler:AutoscaledPool:[39m state[90m {"currentConcurrency":1,"desiredConcurrency":1,"systemStatus":{"isSystemIdle":true,"memInfo":{"isOverloaded":false,"limitRatio":0.2,"actualRatio":0},"eventLoopInfo":{"isOverloaded":false,"limitRatio":0.6,"actualRatio":0},"cpuInfo":{"isOverloaded":false,"limitRatio":0.4,"actualRatio":0},"clientInfo":{"isOverloaded":false,"limitRatio":0.3,"actualRatio":0}}}[39m
[32mINFO[39m [33m PlaywrightCrawler:[39m Fetching catalog: https://www.chipdip.ru/catalog/dc-dc-preobrazovateli-2010?page=72
[32mINFO[39m [33m PlaywrightCrawler:[39m Found 20 products on this page
[32mINFO[39m [33m PlaywrightCrawler:[39m Pager element exists
[32mINFO[39m [33m PlaywrightCrawler:[39m Found next page: https://www.chipdip.ru/catalog/dc-dc-preobrazovateli-2010?page=73
[32mINFO[39m [33m PlaywrightCrawler:[39m Fetching catalog: https://www.chipdip.ru/catalog/dc-dc-preobrazovateli-2010?page=73
[32mINFO[39m [33m PlaywrightCrawler:[39m Found 20 products on this page
[32mINFO[39m [33m PlaywrightCrawler:[39m Pager element exists
[32mINFO[39m [33m PlaywrightCrawler:[39m Found next page: https://www.chipdip.ru/catalog/dc-dc-preobrazovateli-2010?page=74
[32mINFO[39m [33m PlaywrightCrawler:[39m Fetching catalog: https://www.chipdip.ru/catalog/dc-dc-preobrazovateli-2010?page=74
[32mINFO[39m [33m PlaywrightCrawler:[39m Found 20 products on this page
[32mINFO[39m [33m PlaywrightCrawler:[39m Pager element exists
[32mINFO[39m [33m PlaywrightCrawler:[39m Found next page: https://www.chipdip.ru/catalog/dc-dc-preobrazovateli-2010?page=75
[32mINFO[39m [33m PlaywrightCrawler:[39m Fetching catalog: https://www.chipdip.ru/catalog/dc-dc-preobrazovateli-2010?page=75
[32mINFO[39m [33m PlaywrightCrawler:[39m Found 20 products on this page
[32mINFO[39m [33m PlaywrightCrawler:[39m Pager element exists
[32mINFO[39m [33m PlaywrightCrawler:[39m Found next page: https://www.chipdip.ru/catalog/dc-dc-preobrazovateli-2010?page=76
[32mINFO[39m [33m PlaywrightCrawler:[39m Fetching catalog: https://www.chipdip.ru/catalog/dc-dc-preobrazovateli-2010?page=76
[32mINFO[39m [33m PlaywrightCrawler:[39m Found 20 products on this page
[32mINFO[39m [33m PlaywrightCrawler:[39m Pager element exists
[32mINFO[39m [33m PlaywrightCrawler:[39m Found next page: https://www.chipdip.ru/catalog/dc-dc-preobrazovateli-2010?page=77
[32mINFO[39m [33m PlaywrightCrawler:[39m Fetching catalog: https://www.chipdip.ru/catalog/dc-dc-preobrazovateli-2010?page=77
[32mINFO[39m [33m PlaywrightCrawler:[39m Found 20 products on this page
[32mINFO[39m [33m PlaywrightCrawler:[39m Pager element exists
[32mINFO[39m [33m PlaywrightCrawler:[39m Found next page: https://www.chipdip.ru/catalog/dc-dc-preobrazovateli-2010?page=78
[32mINFO[39m [33m PlaywrightCrawler:[39m Fetching catalog: https://www.chipdip.ru/catalog/dc-dc-preobrazovateli-2010?page=78
[32mINFO[39m [33m PlaywrightCrawler:[39m Found 20 products on this page
[32mINFO[39m [33m PlaywrightCrawler:[39m Pager element exists
[32mINFO[39m [33m PlaywrightCrawler:[39m Found next page: https://www.chipdip.ru/catalog/dc-dc-preobrazovateli-2010?page=79
[32mINFO[39m [33m PlaywrightCrawler:[39m Fetching catalog: https://www.chipdip.ru/catalog/dc-dc-preobrazovateli-2010?page=79
[32mINFO[39m [33m PlaywrightCrawler:Statistics:[39m PlaywrightCrawler request statistics:[90m {"requestAvgFailedDurationMillis":null,"requestAvgFinishedDurationMillis":8377,"requestsFinishedPerMinute":7,"requestsFailedPerMinute":0,"requestTotalDurationMillis":653401,"requestsTotal":78,"crawlerRuntimeMillis":660108,"retryHistogram":[78]}[39m
[32mINFO[39m [33m PlaywrightCrawler:AutoscaledPool:[39m state[90m {"currentConcurrency":1,"desiredConcurrency":1,"systemStatus":{"isSystemIdle":true,"memInfo":{"isOverloaded":false,"limitRatio":0.2,"actualRatio":0},"eventLoopInfo":{"isOverloaded":false,"limitRatio":0.6,"actualRatio":0},"cpuInfo":{"isOverloaded":false,"limitRatio":0.4,"actualRatio":0},"clientInfo":{"isOverloaded":false,"limitRatio":0.3,"actualRatio":0}}}[39m
[32mINFO[39m [33m PlaywrightCrawler:[39m Found 20 products on this page
[32mINFO[39m [33m PlaywrightCrawler:[39m Pager element exists
[32mINFO[39m [33m PlaywrightCrawler:[39m Found next page: https://www.chipdip.ru/catalog/dc-dc-preobrazovateli-2010?page=80
[32mINFO[39m [33m PlaywrightCrawler:[39m Fetching catalog: https://www.chipdip.ru/catalog/dc-dc-preobrazovateli-2010?page=80
[32mINFO[39m [33m PlaywrightCrawler:[39m Found 20 products on this page
[32mINFO[39m [33m PlaywrightCrawler:[39m Pager element exists
[32mINFO[39m [33m PlaywrightCrawler:[39m Found next page: https://www.chipdip.ru/catalog/dc-dc-preobrazovateli-2010?page=81
[32mINFO[39m [33m PlaywrightCrawler:[39m Fetching catalog: https://www.chipdip.ru/catalog/dc-dc-preobrazovateli-2010?page=81
[32mINFO[39m [33m PlaywrightCrawler:[39m Found 20 products on this page
[32mINFO[39m [33m PlaywrightCrawler:[39m Pager element exists
[32mINFO[39m [33m PlaywrightCrawler:[39m Found next page: https://www.chipdip.ru/catalog/dc-dc-preobrazovateli-2010?page=82
[32mINFO[39m [33m PlaywrightCrawler:[39m Fetching catalog: https://www.chipdip.ru/catalog/dc-dc-preobrazovateli-2010?page=82
[32mINFO[39m [33m PlaywrightCrawler:[39m Found 20 products on this page
[32mINFO[39m [33m PlaywrightCrawler:[39m Pager element exists
[32mINFO[39m [33m PlaywrightCrawler:[39m Found next page: https://www.chipdip.ru/catalog/dc-dc-preobrazovateli-2010?page=83
[32mINFO[39m [33m PlaywrightCrawler:[39m Fetching catalog: https://www.chipdip.ru/catalog/dc-dc-preobrazovateli-2010?page=83
[32mINFO[39m [33m PlaywrightCrawler:[39m Found 20 products on this page
[32mINFO[39m [33m PlaywrightCrawler:[39m Pager element exists
[32mINFO[39m [33m PlaywrightCrawler:[39m Found next page: https://www.chipdip.ru/catalog/dc-dc-preobrazovateli-2010?page=84
[32mINFO[39m [33m PlaywrightCrawler:[39m Fetching catalog: https://www.chipdip.ru/catalog/dc-dc-preobrazovateli-2010?page=84
[32mINFO[39m [33m PlaywrightCrawler:[39m Found 20 products on this page
[32mINFO[39m [33m PlaywrightCrawler:[39m Pager element exists
[32mINFO[39m [33m PlaywrightCrawler:[39m Found next page: https://www.chipdip.ru/catalog/dc-dc-preobrazovateli-2010?page=85
[32mINFO[39m [33m PlaywrightCrawler:[39m Fetching catalog: https://www.chipdip.ru/catalog/dc-dc-preobrazovateli-2010?page=85
[32mINFO[39m [33m PlaywrightCrawler:[39m Found 20 products on this page
[32mINFO[39m [33m PlaywrightCrawler:[39m Pager element exists
[32mINFO[39m [33m PlaywrightCrawler:[39m Found next page: https://www.chipdip.ru/catalog/dc-dc-preobrazovateli-2010?page=86
[32mINFO[39m [33m PlaywrightCrawler:[39m Fetching catalog: https://www.chipdip.ru/catalog/dc-dc-preobrazovateli-2010?page=86
[32mINFO[39m [33m PlaywrightCrawler:[39m Found 20 products on this page
[32mINFO[39m [33m PlaywrightCrawler:[39m Pager element exists
[32mINFO[39m [33m PlaywrightCrawler:[39m Found next page: https://www.chipdip.ru/catalog/dc-dc-preobrazovateli-2010?page=87
[32mINFO[39m [33m PlaywrightCrawler:[39m Fetching catalog: https://www.chipdip.ru/catalog/dc-dc-preobrazovateli-2010?page=87
[32mINFO[39m [33m PlaywrightCrawler:Statistics:[39m PlaywrightCrawler request statistics:[90m {"requestAvgFailedDurationMillis":null,"requestAvgFinishedDurationMillis":8317,"requestsFinishedPerMinute":7,"requestsFailedPerMinute":0,"requestTotalDurationMillis":715256,"requestsTotal":86,"crawlerRuntimeMillis":720115,"retryHistogram":[86]}[39m
[32mINFO[39m [33m PlaywrightCrawler:AutoscaledPool:[39m state[90m {"currentConcurrency":1,"desiredConcurrency":1,"systemStatus":{"isSystemIdle":true,"memInfo":{"isOverloaded":false,"limitRatio":0.2,"actualRatio":0},"eventLoopInfo":{"isOverloaded":false,"limitRatio":0.6,"actualRatio":0},"cpuInfo":{"isOverloaded":false,"limitRatio":0.4,"actualRatio":0},"clientInfo":{"isOverloaded":false,"limitRatio":0.3,"actualRatio":0}}}[39m
[32mINFO[39m [33m PlaywrightCrawler:[39m Found 20 products on this page
[32mINFO[39m [33m PlaywrightCrawler:[39m Pager element exists
[32mINFO[39m [33m PlaywrightCrawler:[39m Found next page: https://www.chipdip.ru/catalog/dc-dc-preobrazovateli-2010?page=88
[32mINFO[39m [33m PlaywrightCrawler:[39m Fetching catalog: https://www.chipdip.ru/catalog/dc-dc-preobrazovateli-2010?page=88
[32mINFO[39m [33m PlaywrightCrawler:[39m Found 20 products on this page
[32mINFO[39m [33m PlaywrightCrawler:[39m Pager element exists
[32mINFO[39m [33m PlaywrightCrawler:[39m Found next page: https://www.chipdip.ru/catalog/dc-dc-preobrazovateli-2010?page=89
[32mINFO[39m [33m PlaywrightCrawler:[39m Fetching catalog: https://www.chipdip.ru/catalog/dc-dc-preobrazovateli-2010?page=89
[32mINFO[39m [33m PlaywrightCrawler:[39m Found 20 products on this page
[32mINFO[39m [33m PlaywrightCrawler:[39m Pager element exists
[32mINFO[39m [33m PlaywrightCrawler:[39m Found next page: https://www.chipdip.ru/catalog/dc-dc-preobrazovateli-2010?page=90
[32mINFO[39m [33m PlaywrightCrawler:[39m Fetching catalog: https://www.chipdip.ru/catalog/dc-dc-preobrazovateli-2010?page=90
[32mINFO[39m [33m PlaywrightCrawler:[39m Found 20 products on this page
[32mINFO[39m [33m PlaywrightCrawler:[39m Pager element exists
[32mINFO[39m [33m PlaywrightCrawler:[39m Found next page: https://www.chipdip.ru/catalog/dc-dc-preobrazovateli-2010?page=91
[32mINFO[39m [33m PlaywrightCrawler:[39m Fetching catalog: https://www.chipdip.ru/catalog/dc-dc-preobrazovateli-2010?page=91
[32mINFO[39m [33m PlaywrightCrawler:[39m Found 20 products on this page
[32mINFO[39m [33m PlaywrightCrawler:[39m Pager element exists
[32mINFO[39m [33m PlaywrightCrawler:[39m Found next page: https://www.chipdip.ru/catalog/dc-dc-preobrazovateli-2010?page=92
[32mINFO[39m [33m PlaywrightCrawler:[39m Fetching catalog: https://www.chipdip.ru/catalog/dc-dc-preobrazovateli-2010?page=92
[32mINFO[39m [33m PlaywrightCrawler:[39m Found 20 products on this page
[32mINFO[39m [33m PlaywrightCrawler:[39m Pager element exists
[32mINFO[39m [33m PlaywrightCrawler:[39m Found next page: https://www.chipdip.ru/catalog/dc-dc-preobrazovateli-2010?page=93
[32mINFO[39m [33m PlaywrightCrawler:[39m Fetching catalog: https://www.chipdip.ru/catalog/dc-dc-preobrazovateli-2010?page=93
[32mINFO[39m [33m PlaywrightCrawler:[39m Found 20 products on this page
[32mINFO[39m [33m PlaywrightCrawler:[39m Pager element exists
[32mINFO[39m [33m PlaywrightCrawler:[39m Found next page: https://www.chipdip.ru/catalog/dc-dc-preobrazovateli-2010?page=94
[32mINFO[39m [33m PlaywrightCrawler:[39m Fetching catalog: https://www.chipdip.ru/catalog/dc-dc-preobrazovateli-2010?page=94
[32mINFO[39m [33m PlaywrightCrawler:[39m Found 20 products on this page
[32mINFO[39m [33m PlaywrightCrawler:[39m Pager element exists
[32mINFO[39m [33m PlaywrightCrawler:[39m Found next page: https://www.chipdip.ru/catalog/dc-dc-preobrazovateli-2010?page=95
[32mINFO[39m [33m PlaywrightCrawler:Statistics:[39m PlaywrightCrawler request statistics:[90m {"requestAvgFailedDurationMillis":null,"requestAvgFinishedDurationMillis":8285,"requestsFinishedPerMinute":7,"requestsFailedPerMinute":0,"requestTotalDurationMillis":778811,"requestsTotal":94,"crawlerRuntimeMillis":780123,"retryHistogram":[94]}[39m
[32mINFO[39m [33m PlaywrightCrawler:AutoscaledPool:[39m state[90m {"currentConcurrency":1,"desiredConcurrency":1,"systemStatus":{"isSystemIdle":true,"memInfo":{"isOverloaded":false,"limitRatio":0.2,"actualRatio":0},"eventLoopInfo":{"isOverloaded":false,"limitRatio":0.6,"actualRatio":0},"cpuInfo":{"isOverloaded":false,"limitRatio":0.4,"actualRatio":0},"clientInfo":{"isOverloaded":false,"limitRatio":0.3,"actualRatio":0}}}[39m
[32mINFO[39m [33m PlaywrightCrawler:[39m Fetching catalog: https://www.chipdip.ru/catalog/dc-dc-preobrazovateli-2010?page=95
[32mINFO[39m [33m PlaywrightCrawler:[39m Found 20 products on this page
[32mINFO[39m [33m PlaywrightCrawler:[39m Pager element exists
[32mINFO[39m [33m PlaywrightCrawler:[39m Found next page: https://www.chipdip.ru/catalog/dc-dc-preobrazovateli-2010?page=96
[32mINFO[39m [33m PlaywrightCrawler:[39m Fetching catalog: https://www.chipdip.ru/catalog/dc-dc-preobrazovateli-2010?page=96
[32mINFO[39m [33m PlaywrightCrawler:[39m Found 20 products on this page
[32mINFO[39m [33m PlaywrightCrawler:[39m Pager element exists
[32mINFO[39m [33m PlaywrightCrawler:[39m Found next page: https://www.chipdip.ru/catalog/dc-dc-preobrazovateli-2010?page=97
[32mINFO[39m [33m PlaywrightCrawler:[39m Fetching catalog: https://www.chipdip.ru/catalog/dc-dc-preobrazovateli-2010?page=97
[32mINFO[39m [33m PlaywrightCrawler:[39m Found 20 products on this page
[32mINFO[39m [33m PlaywrightCrawler:[39m Pager element exists
[32mINFO[39m [33m PlaywrightCrawler:[39m Found next page: https://www.chipdip.ru/catalog/dc-dc-preobrazovateli-2010?page=98
[32mINFO[39m [33m PlaywrightCrawler:[39m Fetching catalog: https://www.chipdip.ru/catalog/dc-dc-preobrazovateli-2010?page=98
[32mINFO[39m [33m PlaywrightCrawler:[39m Found 20 products on this page
[32mINFO[39m [33m PlaywrightCrawler:[39m Pager element exists
[32mINFO[39m [33m PlaywrightCrawler:[39m Found next page: https://www.chipdip.ru/catalog/dc-dc-preobrazovateli-2010?page=99
[32mINFO[39m [33m PlaywrightCrawler:[39m Fetching catalog: https://www.chipdip.ru/catalog/dc-dc-preobrazovateli-2010?page=99
[32mINFO[39m [33m PlaywrightCrawler:[39m Found 20 products on this page
[32mINFO[39m [33m PlaywrightCrawler:[39m Pager element exists
[32mINFO[39m [33m PlaywrightCrawler:[39m Found next page: https://www.chipdip.ru/catalog/dc-dc-preobrazovateli-2010?page=100
[32mINFO[39m [33m PlaywrightCrawler:[39m Fetching catalog: https://www.chipdip.ru/catalog/dc-dc-preobrazovateli-2010?page=100
[32mINFO[39m [33m PlaywrightCrawler:[39m Found 20 products on this page
[32mINFO[39m [33m PlaywrightCrawler:[39m Pager element exists
[32mINFO[39m [33m PlaywrightCrawler:[39m All requests from the queue have been processed, the crawler will shut down.
[32mINFO[39m [33m PlaywrightCrawler:[39m Final request statistics:[90m {"requestsFinished":100,"requestsFailed":0,"retryHistogram":[100],"requestAvgFailedDurationMillis":null,"requestAvgFinishedDurationMillis":8299,"requestsFinishedPerMinute":7,"requestsFailedPerMinute":0,"requestTotalDurationMillis":829932,"requestsTotal":100,"crawlerRuntimeMillis":830774}[39m
[32mINFO[39m [33m PlaywrightCrawler:[39m Finished! Total 100 requests: 100 succeeded, 0 failed.[90m {"terminal":true}[39m
✅ Collected 2000 product URLs so far

✅ Total product URLs collected: 2000
🚀 Starting product parsing with proxy rotation...


🔄 Batch 1: Processing 30 products with proxy p.webshare.io:80
[32mINFO[39m [33m PlaywrightCrawler:[39m Starting the crawler.
[32mINFO[39m [33m PlaywrightCrawler:[39m Parsing: https://www.chipdip.ru/product/adm660arz-reel7-dc-dc-konverter-charge-pump-analog-devices-9000985953
[32mINFO[39m [33m PlaywrightCrawler:[39m Using proxy: p.webshare.io:80
[32mINFO[39m [33m PlaywrightCrawler:[39m Parsing: https://www.chipdip.ru/product/act4060ash-dc-dc-preobrazovatel-buck-uvh-4.5-24v-9020004925
[32mINFO[39m [33m PlaywrightCrawler:[39m Using proxy: p.webshare.io:80
[32mINFO[39m [33m PlaywrightCrawler:[39m ✅ Parsed: ADM660ARZ-REEL7, DC-DC конвертер Charge Pump 1.5-7В 100мА [SOIC-8.]
📊 Progress: 1/2000 (0.1%) | Speed: 0.1 products/min | ETA: 28317 min | Failed: 0 | Blocked: 0
🔄 Proxy rotations: 2 | Healthy proxies: 19950/19950
[32mINFO[39m [33m PlaywrightCrawler:[39m ✅ Parsed: ACT4060ASH, DC-DC преобразователь, Buck, Uвх=4.5…24В, Uвых=1.5…5В, 2А, 400кГц [SOIC-8.]
📊 Progress: 2/2000 (0.1%) | Speed: 0.1 products/min | ETA: 14162 min | Failed: 0 | Blocked: 0
🔄 Proxy rotations: 2 | Healthy proxies: 19950/19950
[32mINFO[39m [33m PlaywrightCrawler:[39m Parsing: https://www.chipdip.ru/product/adp1111arz-5-impulsnyy-stabilizator-napryazheniya-analog-devices-10360
[32mINFO[39m [33m PlaywrightCrawler:[39m Using proxy: p.webshare.io:80
[32mINFO[39m [33m PlaywrightCrawler:[39m Parsing: https://www.chipdip.ru/product/adp1111arz-imp-stabilizator-napryazheniya-ind-analog-devices-183836983
[32mINFO[39m [33m PlaywrightCrawler:[39m Using proxy: p.webshare.io:80
[32mINFO[39m [33m PlaywrightCrawler:[39m Parsing: https://www.chipdip.ru/product/aoz1073ail-dc-dc-preobrazovatel-step-down-adj-alpha-omega-9000255045
[32mINFO[39m [33m PlaywrightCrawler:[39m Using proxy: p.webshare.io:80
[32mINFO[39m [33m PlaywrightCrawler:[39m Parsing: https://www.chipdip.ru/product/adp2301aujz-r7-dc-dc-preobrazovatel-analog-devices-9001582266
[32mINFO[39m [33m PlaywrightCrawler:[39m Using proxy: p.webshare.io:80
[32mINFO[39m [33m PlaywrightCrawler:[39m ✅ Parsed: ADP1111ARZ-5, Импульсный стабилизатор напряжения Ind [SO-8]
📊 Progress: 3/2000 (0.1%) | Speed: 0.2 products/min | ETA: 9623 min | Failed: 0 | Blocked: 0
🔄 Proxy rotations: 2 | Healthy proxies: 19950/19950
[32mINFO[39m [33m PlaywrightCrawler:[39m ✅ Parsed: AOZ1073AIL, DC-DC преобразователь Step-Down ADJ 3А [SOIC-8-0.154.]
📊 Progress: 4/2000 (0.2%) | Speed: 0.3 products/min | ETA: 7215 min | Failed: 0 | Blocked: 0
🔄 Proxy rotations: 2 | Healthy proxies: 19950/19950
[32mINFO[39m [33m PlaywrightCrawler:[39m ✅ Parsed: ADP2301AUJZ-R7, DC-DC преобразователь понижающий ADJ 1.2А [TSOT-23-6.]
📊 Progress: 5/2000 (0.3%) | Speed: 0.3 products/min | ETA: 5772 min | Failed: 0 | Blocked: 0
🔄 Proxy rotations: 2 | Healthy proxies: 19950/19950
[32mINFO[39m [33m PlaywrightCrawler:[39m ✅ Parsed: ADP1111ARZ, Имп. стабилизатор напряжения Ind [SO-8]
📊 Progress: 6/2000 (0.3%) | Speed: 0.4 products/min | ETA: 4808 min | Failed: 0 | Blocked: 0
🔄 Proxy rotations: 2 | Healthy proxies: 19950/19950
[32mINFO[39m [33m PlaywrightCrawler:[39m Parsing: https://www.chipdip.ru/product/aoz1280ci-dc-dc-preobrazovatel-step-down-alpha-omega-9000361378
[32mINFO[39m [33m PlaywrightCrawler:[39m Using proxy: p.webshare.io:80
[32mINFO[39m [33m PlaywrightCrawler:[39m Parsing: https://www.chipdip.ru/product/aoz1282ci-dc-dc-preobrazovatel-buck-uvh-4.5-36v-alpha-omega-9000391568
[32mINFO[39m [33m PlaywrightCrawler:[39m Using proxy: p.webshare.io:80
[32mINFO[39m [33m PlaywrightCrawler:[39m Parsing: https://www.chipdip.ru/product/ap1501-3.3-ponizhayuschiy-dc-dc-preobrazovatel-3.3v-3a-umw-9001633737
[32mINFO[39m [33m PlaywrightCrawler:[39m Using proxy: p.webshare.io:80
[32mINFO[39m [33m PlaywrightCrawler:[39m Parsing: https://www.chipdip.ru/product/aoz1212ai-dc-dc-preobrazovatel-buck-uvh-4.5-27v-alpha-omega-9000401469
[32mINFO[39m [33m PlaywrightCrawler:[39m Using proxy: p.webshare.io:80
[32mINFO[39m [33m PlaywrightCrawler:[39m Parsing: https://www.chipdip.ru/product/ap1501-12-ponizhayuschiy-dc-dc-preobrazovatel-12v-3a-umw-9001633736
[32mINFO[39m [33m PlaywrightCrawler:[39m Using proxy: p.webshare.io:80
[32mINFO[39m [33m PlaywrightCrawler:[39m Parsing: https://www.chipdip.ru/product/aoz1284pi-dc-dc-preobrazovatel-buck-uvh-3-36v-alpha-omega-9000383786
[32mINFO[39m [33m PlaywrightCrawler:[39m Using proxy: p.webshare.io:80
[32mINFO[39m [33m PlaywrightCrawler:[39m ✅ Parsed: AOZ1280CI, DC-DC преобразователь, Step-Down, Uвх=3...26В, Uвых=0.8...26В, 1.2А, 1.5МГц [SOT-23-6.]
📊 Progress: 7/2000 (0.4%) | Speed: 0.5 products/min | ETA: 4202 min | Failed: 0 | Blocked: 0
🔄 Proxy rotations: 2 | Healthy proxies: 19950/19950
[32mINFO[39m [33m PlaywrightCrawler:[39m ✅ Parsed: AOZ1282CI, DC-DC преобразователь, Buck, Uвх=4.5…36В, Uвых=0.8…36В, 1.2А, 450кГц [SOT-23-6.]
📊 Progress: 8/2000 (0.4%) | Speed: 0.5 products/min | ETA: 3676 min | Failed: 0 | Blocked: 0
🔄 Proxy rotations: 2 | Healthy proxies: 19950/19950
[32mINFO[39m [33m PlaywrightCrawler:[39m ✅ Parsed: AP1501-3.3, Понижающий DC-DC преобразователь 3.3В 3А [TO-263-5L]
📊 Progress: 9/2000 (0.4%) | Speed: 0.6 products/min | ETA: 3266 min | Failed: 0 | Blocked: 0
🔄 Proxy rotations: 2 | Healthy proxies: 19950/19950
[32mINFO[39m [33m PlaywrightCrawler:[39m ✅ Parsed: AOZ1212AI, DC-DC преобразователь, Buck, Uвх=4.5…27В, Uвых=0.8…22.95В, 3А, 370кГц [SOIC-8.]
📊 Progress: 10/2000 (0.5%) | Speed: 0.7 products/min | ETA: 2938 min | Failed: 0 | Blocked: 0
🔄 Proxy rotations: 2 | Healthy proxies: 19950/19950
[32mINFO[39m [33m PlaywrightCrawler:[39m ✅ Parsed: AOZ1284PI, DC-DC преобразователь, Buck, Uвх=3…36В, Uвых=0.8…30.6В, 4А, 0.2…1МГц [SO-8_PowerPad.]
📊 Progress: 11/2000 (0.5%) | Speed: 0.7 products/min | ETA: 2672 min | Failed: 0 | Blocked: 0
🔄 Proxy rotations: 2 | Healthy proxies: 19950/19950
[32mINFO[39m [33m PlaywrightCrawler:[39m ✅ Parsed: AP1501-12, Понижающий DC-DC преобразователь 12В 3А [TO-263-5L]
📊 Progress: 12/2000 (0.6%) | Speed: 0.8 products/min | ETA: 2448 min | Failed: 0 | Blocked: 0
🔄 Proxy rotations: 2 | Healthy proxies: 19950/19950
[32mINFO[39m [33m PlaywrightCrawler:Statistics:[39m PlaywrightCrawler request statistics:[90m {"requestAvgFailedDurationMillis":null,"requestAvgFinishedDurationMillis":17931,"requestsFinishedPerMinute":12,"requestsFailedPerMinute":0,"requestTotalDurationMillis":215171,"requestsTotal":12,"crawlerRuntimeMillis":60094,"retryHistogram":[12]}[39m
[32mINFO[39m [33m PlaywrightCrawler:AutoscaledPool:[39m state[90m {"currentConcurrency":7,"desiredConcurrency":8,"systemStatus":{"isSystemIdle":true,"memInfo":{"isOverloaded":false,"limitRatio":0.2,"actualRatio":0},"eventLoopInfo":{"isOverloaded":false,"limitRatio":0.6,"actualRatio":0},"cpuInfo":{"isOverloaded":false,"limitRatio":0.4,"actualRatio":0},"clientInfo":{"isOverloaded":false,"limitRatio":0.3,"actualRatio":0}}}[39m
[32mINFO[39m [33m PlaywrightCrawler:[39m Parsing: https://www.chipdip.ru/product/cn3303-sop-8-dc-dc-controllers-kontroller-consonance-9001610889
[32mINFO[39m [33m PlaywrightCrawler:[39m Using proxy: p.webshare.io:80
[32mINFO[39m [33m PlaywrightCrawler:[39m Parsing: https://www.chipdip.ru/product/ap2971tc-a1-dc-dc-preobrazovatel-buck-uvh-4.5-18v-chipown-9001304167
[32mINFO[39m [33m PlaywrightCrawler:[39m Using proxy: p.webshare.io:80
[32mINFO[39m [33m PlaywrightCrawler:[39m Parsing: https://www.chipdip.ru/product/ap1501-5.0-ponizhayuschiy-dc-dc-preobrazovatel-5.0v-3a-umw-9001633739
[32mINFO[39m [33m PlaywrightCrawler:[39m Using proxy: p.webshare.io:80
[32mINFO[39m [33m PlaywrightCrawler:[39m Parsing: https://www.chipdip.ru/product/ap1501-adj-ponizhayuschiy-dc-dc-preobrazovatel-adj-3a-umw-9001633738
[32mINFO[39m [33m PlaywrightCrawler:[39m Using proxy: p.webshare.io:80
[32mINFO[39m [33m PlaywrightCrawler:[39m Parsing: https://www.chipdip.ru/product/az34063umtr-g1-dc-dc-preobrazovatel-boost-buck-diodes-9000565705
[32mINFO[39m [33m PlaywrightCrawler:[39m Using proxy: p.webshare.io:80
[32mINFO[39m [33m PlaywrightCrawler:[39m Parsing: https://www.chipdip.ru/product/ap3211ktr-g1-dc-dc-preobrazovatel-buck-uvh-4.5-18v-diodes-9000849854
[32mINFO[39m [33m PlaywrightCrawler:[39m Using proxy: p.webshare.io:80
[32mINFO[39m [33m PlaywrightCrawler:[39m Parsing: https://www.chipdip.ru/product/icl7660cbaz-t-invertiruyuschiy-preobrazovatel-intersil-17001
[32mINFO[39m [33m PlaywrightCrawler:[39m Using proxy: p.webshare.io:80
[32mINFO[39m [33m PlaywrightCrawler:[39m Parsing: https://www.chipdip.ru/product/apw7142ki-trg-dc-dc-preobrazovatel-napryazheniya-anpec-9000375229
[32mINFO[39m [33m PlaywrightCrawler:[39m Using proxy: p.webshare.io:80
[32mINFO[39m [33m PlaywrightCrawler:[39m ✅ Parsed: CN3303, SOP-8 DC-DC Controllers, DC-DC контроллер
📊 Progress: 13/2000 (0.7%) | Speed: 0.9 products/min | ETA: 2298 min | Failed: 0 | Blocked: 0
🔄 Proxy rotations: 2 | Healthy proxies: 19950/19950
[32mINFO[39m [33m PlaywrightCrawler:[39m ✅ Parsed: AP1501-5.0, Понижающий DC-DC преобразователь 5.0В 3А [TO-263-5L]
📊 Progress: 14/2000 (0.7%) | Speed: 0.9 products/min | ETA: 2138 min | Failed: 0 | Blocked: 0
🔄 Proxy rotations: 2 | Healthy proxies: 19950/19950
[32mINFO[39m [33m PlaywrightCrawler:[39m ✅ Parsed: AP2971TC-A1, DC-DC преобразователь, Buck, Uвх=4.5…18В, Uвых=1…5В, 3А, 500кГц [SOT-23-6.]
📊 Progress: 15/2000 (0.8%) | Speed: 1.0 products/min | ETA: 1995 min | Failed: 0 | Blocked: 0
🔄 Proxy rotations: 2 | Healthy proxies: 19950/19950
[32mINFO[39m [33m PlaywrightCrawler:[39m ✅ Parsed: AP1501-ADJ, Понижающий DC-DC преобразователь ADJ 3А [TO-263-5L]
📊 Progress: 16/2000 (0.8%) | Speed: 1.1 products/min | ETA: 1869 min | Failed: 0 | Blocked: 0
🔄 Proxy rotations: 2 | Healthy proxies: 19950/19950
[32mINFO[39m [33m PlaywrightCrawler:[39m ✅ Parsed: AZ34063UMTR-G1, DC-DC преобразователь, Boost, Buck, Uвх=3…36В, Uвых=1.25…36В, 1.5А, до 180кГц [SOIC-8.]
📊 Progress: 17/2000 (0.9%) | Speed: 1.1 products/min | ETA: 1759 min | Failed: 0 | Blocked: 0
🔄 Proxy rotations: 2 | Healthy proxies: 19950/19950
[32mINFO[39m [33m PlaywrightCrawler:[39m ✅ Parsed: AP3211KTR-G1, DC-DC преобразователь, Buck, Uвх=4.5…18В, Uвых=0.81…15В, 1.5А, 1.4МГц [SOT-23-6.]
📊 Progress: 18/2000 (0.9%) | Speed: 1.2 products/min | ETA: 1662 min | Failed: 0 | Blocked: 0
🔄 Proxy rotations: 2 | Healthy proxies: 19950/19950
[32mINFO[39m [33m PlaywrightCrawler:[39m ✅ Parsed: ICL7660CBAZ-T, Инвертирующий преобразователь напряжения [SO-8]
📊 Progress: 19/2000 (0.9%) | Speed: 1.3 products/min | ETA: 1574 min | Failed: 0 | Blocked: 0
🔄 Proxy rotations: 2 | Healthy proxies: 19950/19950
[32mINFO[39m [33m PlaywrightCrawler:[39m ✅ Parsed: APW7142KI-TRG, DC/DC преобразователь напряжения 0.8-12В/3А, 500 кГц, [SOP-8]
📊 Progress: 20/2000 (1.0%) | Speed: 1.3 products/min | ETA: 1495 min | Failed: 0 | Blocked: 0
🔄 Proxy rotations: 2 | Healthy proxies: 19950/19950
[32mINFO[39m [33m PlaywrightCrawler:[39m Parsing: https://www.chipdip.ru/product/icl7660cpaz-invertiruyuschiy-preobrazovatel-intersil-823161912
[32mINFO[39m [33m PlaywrightCrawler:[39m Using proxy: p.webshare.io:80
[32mINFO[39m [33m PlaywrightCrawler:[39m Parsing: https://www.chipdip.ru/product/icl7660scbaz-t-invertiruyuschiy-preobrazovatel-intersil-215939753
[32mINFO[39m [33m PlaywrightCrawler:[39m Using proxy: p.webshare.io:80
[32mINFO[39m [33m PlaywrightCrawler:[39m Parsing: https://www.chipdip.ru/product/icl7662cba-t-kmop-preobrazovateli-napryazheniya-soic-8-maxim-162541581
[32mINFO[39m [33m PlaywrightCrawler:[39m Using proxy: p.webshare.io:80
[32mINFO[39m [33m PlaywrightCrawler:[39m Parsing: https://www.chipdip.ru/product/l4970a-stabilizator-napryazheniya-st-microelectronics-754417554
[32mINFO[39m [33m PlaywrightCrawler:[39m Using proxy: p.webshare.io:80
[32mINFO[39m [33m PlaywrightCrawler:[39m ✅ Parsed: ICL7660SCBAZ-T, Инвертирующий преобразователь напряжения [SO-8]
📊 Progress: 21/2000 (1.1%) | Speed: 1.4 products/min | ETA: 1442 min | Failed: 0 | Blocked: 0
🔄 Proxy rotations: 2 | Healthy proxies: 19950/19950
[32mINFO[39m [33m PlaywrightCrawler:[39m Parsing: https://www.chipdip.ru/product/icl7660scpaz-invertiruyuschiy-preobrazovatel-intersil-4719
[32mINFO[39m [33m PlaywrightCrawler:[39m Using proxy: p.webshare.io:80
[32mINFO[39m [33m PlaywrightCrawler:[39m ✅ Parsed: ICL7660CPAZ, Инвертирующий преобразователь напряжения [DIP-8]
📊 Progress: 22/2000 (1.1%) | Speed: 1.4 products/min | ETA: 1376 min | Failed: 0 | Blocked: 0
🔄 Proxy rotations: 2 | Healthy proxies: 19950/19950
[32mINFO[39m [33m PlaywrightCrawler:[39m Parsing: https://www.chipdip.ru/product/l4973d5.1-impulsnyy-regulyator-st-microelectronics-9000019952
[32mINFO[39m [33m PlaywrightCrawler:[39m Using proxy: p.webshare.io:80
[32mINFO[39m [33m PlaywrightCrawler:[39m Parsing: https://www.chipdip.ru/product/l296-silnotochnyy-impulsnyy-regulyator-st-microelectronics-3182
[32mINFO[39m [33m PlaywrightCrawler:[39m Using proxy: p.webshare.io:80
[32mINFO[39m [33m PlaywrightCrawler:[39m Parsing: https://www.chipdip.ru/product/l4971-impulsnyy-ponizhayuschiy-regulyator-st-microelectronics-84109012
[32mINFO[39m [33m PlaywrightCrawler:[39m Using proxy: p.webshare.io:80
[32mINFO[39m [33m PlaywrightCrawler:[39m Parsing: https://www.chipdip.ru/product/l4971d-dc-dc-preobrazovatel-st-microelectronics-1141640346
[32mINFO[39m [33m PlaywrightCrawler:[39m Using proxy: p.webshare.io:80
[32mINFO[39m [33m PlaywrightCrawler:[39m Parsing: https://www.chipdip.ru/product/l4978-dc-dc-preobrazovatel-2a-step-down-st-microelectronics-2992547619
[32mINFO[39m [33m PlaywrightCrawler:[39m Using proxy: p.webshare.io:80
[32mINFO[39m [33m PlaywrightCrawler:[39m ✅ Parsed: ICL7662CBA+T, КМОП преобразователи напряжения [SOIC-8]
📊 Progress: 23/2000 (1.1%) | Speed: 1.5 products/min | ETA: 1321 min | Failed: 0 | Blocked: 0
🔄 Proxy rotations: 2 | Healthy proxies: 19950/19950
[32mINFO[39m [33m PlaywrightCrawler:[39m ✅ Parsed: L4970A, Стабилизатор напряжения импульсный 5.1...40В, 2%, 10A, (-40...+120C), [Multiwatt-15V]
📊 Progress: 24/2000 (1.2%) | Speed: 1.6 products/min | ETA: 1267 min | Failed: 0 | Blocked: 0
🔄 Proxy rotations: 2 | Healthy proxies: 19950/19950
[32mINFO[39m [33m PlaywrightCrawler:[39m ✅ Parsed: ICL7660SCPAZ, Инвертирующий преобразователь напряжения [DIP-8]
📊 Progress: 25/2000 (1.3%) | Speed: 1.6 products/min | ETA: 1217 min | Failed: 0 | Blocked: 0
🔄 Proxy rotations: 2 | Healthy proxies: 19950/19950
[32mINFO[39m [33m PlaywrightCrawler:[39m ✅ Parsed: L4973D5.1, Импульсный регулятор напряжения 5.1V 3.5A Step-Down, [SOIC-20W]
📊 Progress: 26/2000 (1.3%) | Speed: 1.7 products/min | ETA: 1170 min | Failed: 0 | Blocked: 0
🔄 Proxy rotations: 2 | Healthy proxies: 19950/19950
[32mINFO[39m [33m PlaywrightCrawler:[39m ✅ Parsed: L4971D, DC/DC преобразователь, понижающий, Uвых= 3.3...50В, 1.5А, 300кГц [SO-16W]
📊 Progress: 27/2000 (1.4%) | Speed: 1.8 products/min | ETA: 1127 min | Failed: 0 | Blocked: 0
🔄 Proxy rotations: 2 | Healthy proxies: 19950/19950
[32mINFO[39m [33m PlaywrightCrawler:[39m ✅ Parsed: L296, Сильноточный импульсный регулятор напряжения ADJ 4A Step-Down [Multiwatt-15]
📊 Progress: 28/2000 (1.4%) | Speed: 1.8 products/min | ETA: 1087 min | Failed: 0 | Blocked: 0
🔄 Proxy rotations: 2 | Healthy proxies: 19950/19950
[32mINFO[39m [33m PlaywrightCrawler:[39m ✅ Parsed: L4971, Импульсный понижающий регулятор напряжения, 1.5А, 3.3В…50В, [DIP-8]
📊 Progress: 29/2000 (1.5%) | Speed: 1.9 products/min | ETA: 1050 min | Failed: 0 | Blocked: 0
🔄 Proxy rotations: 2 | Healthy proxies: 19950/19950
[32mINFO[39m [33m PlaywrightCrawler:[39m ✅ Parsed: L4978, DC-DC преобразователь 2А STEP DOWN [DIP-8]
📊 Progress: 30/2000 (1.5%) | Speed: 1.9 products/min | ETA: 1015 min | Failed: 0 | Blocked: 0
🔄 Proxy rotations: 2 | Healthy proxies: 19950/19950
[32mINFO[39m [33m PlaywrightCrawler:[39m All requests from the queue have been processed, the crawler will shut down.
[32mINFO[39m [33m PlaywrightCrawler:[39m Final request statistics:[90m {"requestsFinished":30,"requestsFailed":0,"retryHistogram":[30],"requestAvgFailedDurationMillis":null,"requestAvgFinishedDurationMillis":18141,"requestsFinishedPerMinute":19,"requestsFailedPerMinute":0,"requestTotalDurationMillis":544218,"requestsTotal":30,"crawlerRuntimeMillis":96555}[39m
[32mINFO[39m [33m PlaywrightCrawler:[39m Finished! Total 30 requests: 30 succeeded, 0 failed.[90m {"terminal":true}[39m
✅ Batch completed. Processed: 30/2000

🔄 Batch 2: Processing 30 products with proxy p.webshare.io:80
[32mINFO[39m [33m PlaywrightCrawler:[39m Starting the crawler.
[32mINFO[39m [33m PlaywrightCrawler:[39m Parsing: https://www.chipdip.ru/product/l5972d013tr-impulsnyy-regulyator-st-microelectronics-2260054958
[32mINFO[39m [33m PlaywrightCrawler:[39m Using proxy: p.webshare.io:80
[32mINFO[39m [33m PlaywrightCrawler:[39m Parsing: https://www.chipdip.ru/product/l5970d013tr-impulsnyy-st-microelectronics-2362903864
[32mINFO[39m [33m PlaywrightCrawler:[39m Using proxy: p.webshare.io:80
[32mINFO[39m [33m PlaywrightCrawler:[39m ✅ Parsed: L5972D013TR, Импульсный регулятор напряжения ADJ 2A Step-Down [SOIC-8]
📊 Progress: 31/2000 (1.6%) | Speed: 2.0 products/min | ETA: 996 min | Failed: 0 | Blocked: 0
🔄 Proxy rotations: 3 | Healthy proxies: 19950/19950
[32mINFO[39m [33m PlaywrightCrawler:[39m ✅ Parsed: L5970D013TR, Импульсный понижающий/повышающий регулятор напряжения, 1А, [SO-8]
📊 Progress: 32/2000 (1.6%) | Speed: 2.0 products/min | ETA: 965 min | Failed: 0 | Blocked: 0
🔄 Proxy rotations: 3 | Healthy proxies: 19950/19950
[32mINFO[39m [33m PlaywrightCrawler:[39m Parsing: https://www.chipdip.ru/product/l5973adtr-dc-dc-preobrazovatel-2a-step-st-microelectronics-9000033061
[32mINFO[39m [33m PlaywrightCrawler:[39m Using proxy: p.webshare.io:80
[32mINFO[39m [33m PlaywrightCrawler:[39m Parsing: https://www.chipdip.ru/product/l5973d013tr-impulsnyy-ponizhayuschiy-st-microelectronics-9000052232
[32mINFO[39m [33m PlaywrightCrawler:[39m Using proxy: p.webshare.io:80
[32mINFO[39m [33m PlaywrightCrawler:[39m Parsing: https://www.chipdip.ru/product/l6920dctr-preobrazovatel-postoyannogo-st-microelectronics-9000997329
[32mINFO[39m [33m PlaywrightCrawler:[39m Using proxy: p.webshare.io:80
[32mINFO[39m [33m PlaywrightCrawler:[39m ✅ Parsed: L5973ADTR, DC-DC преобразователь 2А STEP DOWN [HSOP-8]
📊 Progress: 33/2000 (1.7%) | Speed: 2.1 products/min | ETA: 944 min | Failed: 0 | Blocked: 0
🔄 Proxy rotations: 3 | Healthy proxies: 19950/19950
[32mINFO[39m [33m PlaywrightCrawler:[39m ✅ Parsed: L5973D013TR, Импульсный понижающий регулятор напряжения [HSOP-8]
📊 Progress: 34/2000 (1.7%) | Speed: 2.1 products/min | ETA: 916 min | Failed: 0 | Blocked: 0
🔄 Proxy rotations: 3 | Healthy proxies: 19950/19950
[32mINFO[39m [33m PlaywrightCrawler:[39m ✅ Parsed: L6920DCTR, Преобразователь постоянного тока повышающий синхронный 3.3/5В/подстраиваемый [MSOP-8]
📊 Progress: 35/2000 (1.8%) | Speed: 2.2 products/min | ETA: 891 min | Failed: 0 | Blocked: 0
🔄 Proxy rotations: 3 | Healthy proxies: 19950/19950
[32mINFO[39m [33m PlaywrightCrawler:[39m Parsing: https://www.chipdip.ru/product/lm1501agr-adj-ponizhayuschiy-dc-dc-preobrazovatel-htc-9000543846
[32mINFO[39m [33m PlaywrightCrawler:[39m Using proxy: p.webshare.io:80
[32mINFO[39m [33m PlaywrightCrawler:[39m Parsing: https://www.chipdip.ru/product/lm1501bgr-adj-ponizhayuschiy-dc-dc-preobrazovatel-htc-9001087014
[32mINFO[39m [33m PlaywrightCrawler:[39m Using proxy: p.webshare.io:80
[32mINFO[39m [33m PlaywrightCrawler:[39m Parsing: https://www.chipdip.ru/product/lm22673mrx-adj-nopb-dc-dc-preobrazovatel-texas-instruments-9001599782
[32mINFO[39m [33m PlaywrightCrawler:[39m Using proxy: p.webshare.io:80
[32mINFO[39m [33m PlaywrightCrawler:[39m Parsing: https://www.chipdip.ru/product/lm22670mrx-adj-nopb-dc-dc-preobrazovatel-texas-instruments-9001599781
[32mINFO[39m [33m PlaywrightCrawler:[39m Using proxy: p.webshare.io:80
[32mINFO[39m [33m PlaywrightCrawler:[39m ✅ Parsed: LM1501AGR-ADJ, Понижающий DC-DC преобразователь, Uвх=до 40В, Uвых=1.23…37, 5А, 150кГц [TO-263-5L.]
📊 Progress: 36/2000 (1.8%) | Speed: 2.3 products/min | ETA: 872 min | Failed: 0 | Blocked: 0
🔄 Proxy rotations: 3 | Healthy proxies: 19950/19950
[32mINFO[39m [33m PlaywrightCrawler:[39m ✅ Parsed: LM22670MRX-ADJ/NOPB, DC-DC преобразователь понижающий ADJ 3А 500кГц [SO-8 PowerPad.] (=LM22670MR-ADJ/NOPB)
📊 Progress: 37/2000 (1.8%) | Speed: 2.3 products/min | ETA: 850 min | Failed: 0 | Blocked: 0
🔄 Proxy rotations: 3 | Healthy proxies: 19950/19950
[32mINFO[39m [33m PlaywrightCrawler:[39m ✅ Parsed: LM22673MRX-ADJ/NOPB, DC-DC преобразователь понижающий ADJ 3А 500кГц [SO-8 PowerPad.] (=LM22673MRE-ADJ/NOPB)
📊 Progress: 38/2000 (1.9%) | Speed: 2.4 products/min | ETA: 827 min | Failed: 0 | Blocked: 0
🔄 Proxy rotations: 3 | Healthy proxies: 19950/19950
[32mINFO[39m [33m PlaywrightCrawler:[39m ✅ Parsed: LM1501BGR-ADJ, Понижающий DC-DC преобразователь, Uвх=до 40В, Uвых=1.23…37, 5А, 300кГц [TO-263-5L.]
📊 Progress: 39/2000 (1.9%) | Speed: 2.4 products/min | ETA: 806 min | Failed: 0 | Blocked: 0
🔄 Proxy rotations: 3 | Healthy proxies: 19950/19950
[32mINFO[39m [33m PlaywrightCrawler:[39m Parsing: https://www.chipdip.ru/product/lm22675mrx-adj-nopb-dc-dc-preobrazovatel-texas-instruments-9000229763
[32mINFO[39m [33m PlaywrightCrawler:[39m Using proxy: p.webshare.io:80
[32mINFO[39m [33m PlaywrightCrawler:[39m Parsing: https://www.chipdip.ru/product/lm22675mrx-5.0-nopb-preobrazovatel-s-texas-instruments-9000123438
[32mINFO[39m [33m PlaywrightCrawler:[39m Using proxy: p.webshare.io:80
[32mINFO[39m [33m PlaywrightCrawler:[39m Parsing: https://www.chipdip.ru/product/lm22676mrx-adj-nopb-dc-dc-preobrazovatel-texas-instruments-9001599783
[32mINFO[39m [33m PlaywrightCrawler:[39m Using proxy: p.webshare.io:80
[32mINFO[39m [33m PlaywrightCrawler:[39m Parsing: https://www.chipdip.ru/product/lm22680mrx-adj-nopb-dc-dc-preobrazovatel-texas-instruments-9000100708
[32mINFO[39m [33m PlaywrightCrawler:[39m Using proxy: p.webshare.io:80
[32mINFO[39m [33m PlaywrightCrawler:[39m Parsing: https://www.chipdip.ru/product/lm25575mhx-nopb-ponizhayuschiy-dc-dc-texas-instruments-9000063587
[32mINFO[39m [33m PlaywrightCrawler:[39m Using proxy: p.webshare.io:80
[32mINFO[39m [33m PlaywrightCrawler:[39m ✅ Parsed: LM22675MRX-ADJ/NOPB, DC-DC преобразователь Step-Down 1А , Uвх=4.5-42В, Uвых=1.285-30В [PSOP-8]
📊 Progress: 40/2000 (2.0%) | Speed: 2.5 products/min | ETA: 792 min | Failed: 0 | Blocked: 0
🔄 Proxy rotations: 3 | Healthy proxies: 19950/19950
[32mINFO[39m [33m PlaywrightCrawler:[39m ✅ Parsed: LM22675MRX-5.0/NOPB, Преобразователь с фиксированным выходным напряжением 5В [SO PowerPAD-8]
📊 Progress: 41/2000 (2.1%) | Speed: 2.5 products/min | ETA: 773 min | Failed: 0 | Blocked: 0
🔄 Proxy rotations: 3 | Healthy proxies: 19950/19950
[32mINFO[39m [33m PlaywrightCrawler:[39m ✅ Parsed: LM22676MRX-ADJ/NOPB, DC-DC преобразователь понижающий ADJ 3А 500кГц [SO-8 PowerPad.] (=LM22676MRE-ADJ/NOPB)
📊 Progress: 42/2000 (2.1%) | Speed: 2.6 products/min | ETA: 754 min | Failed: 0 | Blocked: 0
🔄 Proxy rotations: 3 | Healthy proxies: 19950/19950
[32mINFO[39m [33m PlaywrightCrawler:[39m ✅ Parsed: LM22680MRX-ADJ/NOPB, DC-DC преобразователь, Buck, Uвх=4.5…42В, Uвых=1.285…37В, 2А, 500кГц [SO PowerPAD-8.]
📊 Progress: 43/2000 (2.1%) | Speed: 2.7 products/min | ETA: 737 min | Failed: 0 | Blocked: 0
🔄 Proxy rotations: 3 | Healthy proxies: 19950/19950
[32mINFO[39m [33m PlaywrightCrawler:[39m ✅ Parsed: LM25575MHX/NOPB, Понижающий DC-DC конвертер, ADJ, 1.5А, [HTSSOP-16 EP](=LM25575MH/NOPB)
📊 Progress: 44/2000 (2.2%) | Speed: 2.7 products/min | ETA: 720 min | Failed: 0 | Blocked: 0
🔄 Proxy rotations: 3 | Healthy proxies: 19950/19950
[32mINFO[39m [33m PlaywrightCrawler:[39m Parsing: https://www.chipdip.ru/product/lm2574n-5.0-nopb-impulsnyy-ponizhayuschiy-texas-instruments-7568590
[32mINFO[39m [33m PlaywrightCrawler:[39m Using proxy: p.webshare.io:80
[32mINFO[39m [33m PlaywrightCrawler:[39m Parsing: https://www.chipdip.ru/product/lm2575gr-adj-ponizhayuschiy-dc-dc-preobrazovatel-uvh-do-htc-9000543836
[32mINFO[39m [33m PlaywrightCrawler:[39m Using proxy: p.webshare.io:80
[32mINFO[39m [33m PlaywrightCrawler:[39m Parsing: https://www.chipdip.ru/product/lm2575hvr-12-ponizhayuschiy-dc-dc-preobrazovatel-uvh-do-htc-9001087020
[32mINFO[39m [33m PlaywrightCrawler:[39m Using proxy: p.webshare.io:80
[32mINFO[39m [33m PlaywrightCrawler:[39m Parsing: https://www.chipdip.ru/product/lm2575gt-adj-ponizhayuschiy-dc-dc-preobrazovatel-uvh-do-htc-9000543837
[32mINFO[39m [33m PlaywrightCrawler:[39m Using proxy: p.webshare.io:80
[32mINFO[39m [33m PlaywrightCrawler:[39m Parsing: https://www.chipdip.ru/product/lm2575hvr-5.0-ponizhayuschiy-dc-dc-preobrazovatel-htc-9001087019
[32mINFO[39m [33m PlaywrightCrawler:[39m Using proxy: p.webshare.io:80
[32mINFO[39m [33m PlaywrightCrawler:[39m Parsing: https://www.chipdip.ru/product/lm2575hvr-adj-ponizhayuschiy-dc-dc-preobrazovatel-htc-9001087017
[32mINFO[39m [33m PlaywrightCrawler:[39m Using proxy: p.webshare.io:80
[32mINFO[39m [33m PlaywrightCrawler:[39m ✅ Parsed: LM2574N-5.0/NOPB, Импульсный понижающий регулятор напряжения, 5В, 0.5А, [DIP-8]
📊 Progress: 45/2000 (2.3%) | Speed: 2.8 products/min | ETA: 709 min | Failed: 0 | Blocked: 0
🔄 Proxy rotations: 3 | Healthy proxies: 19950/19950
[32mINFO[39m [33m PlaywrightCrawler:[39m ✅ Parsed: LM2575GR-ADJ, Понижающий DC-DC преобразователь, Uвх=до 40В, Uвых=1.23…37, 1А, 52кГц [TO-263-5L](=LM2575S-ADJ)
📊 Progress: 46/2000 (2.3%) | Speed: 2.8 products/min | ETA: 694 min | Failed: 0 | Blocked: 0
🔄 Proxy rotations: 3 | Healthy proxies: 19950/19950
[32mINFO[39m [33m PlaywrightCrawler:[39m ✅ Parsed: LM2575HVR-12, Понижающий DC-DC преобразователь, Uвх=до 60В, Uвых=+12В, 1А, 52кГц [TO-263-5L] (=LM2575HVS-12)
📊 Progress: 47/2000 (2.4%) | Speed: 2.9 products/min | ETA: 680 min | Failed: 0 | Blocked: 0
🔄 Proxy rotations: 3 | Healthy proxies: 19950/19950
[32mINFO[39m [33m PlaywrightCrawler:[39m ✅ Parsed: LM2575GT-ADJ, Понижающий DC-DC преобразователь, Uвх=до 40В, Uвых=1.23…37, 1А, 52кГц [TO-220-5L] (=LM2575T-ADJ)
📊 Progress: 48/2000 (2.4%) | Speed: 2.9 products/min | ETA: 665 min | Failed: 0 | Blocked: 0
🔄 Proxy rotations: 3 | Healthy proxies: 19950/19950
[32mINFO[39m [33m PlaywrightCrawler:[39m ✅ Parsed: LM2575HVR-5.0, Понижающий DC-DC преобразователь, Uвх=до 60В, Uвых=+5В, 1А, 52кГц [TO-263-5L] (=LM2575HVS-5.0)
📊 Progress: 49/2000 (2.5%) | Speed: 3.0 products/min | ETA: 652 min | Failed: 0 | Blocked: 0
🔄 Proxy rotations: 3 | Healthy proxies: 19950/19950
[32mINFO[39m [33m PlaywrightCrawler:[39m ✅ Parsed: LM2575HVR-ADJ, Понижающий DC-DC преобразователь, Uвх=до 60В, Uвых=1.23…52, 1А, 52кГц [TO-263-5L] (=LM2575HVS-ADJ)
📊 Progress: 50/2000 (2.5%) | Speed: 3.1 products/min | ETA: 639 min | Failed: 0 | Blocked: 0
🔄 Proxy rotations: 3 | Healthy proxies: 19950/19950
[32mINFO[39m [33m PlaywrightCrawler:[39m Parsing: https://www.chipdip.ru/product/lm2575hvs-12-ponizhayuschiy-dc-dc-preobrazovatel-uvh-do-umw-9001231213
[32mINFO[39m [33m PlaywrightCrawler:[39m Using proxy: p.webshare.io:80
[32mINFO[39m [33m PlaywrightCrawler:[39m Parsing: https://www.chipdip.ru/product/lm2575hvs-3.3-ponizhayuschiy-dc-dc-preobrazovatel-umw-9001231209
[32mINFO[39m [33m PlaywrightCrawler:[39m Using proxy: p.webshare.io:80
[32mINFO[39m [33m PlaywrightCrawler:[39m Parsing: https://www.chipdip.ru/product/lm2575hvs-5.0-ponizhayuschiy-dc-dc-preobrazovatel-umw-9001231210
[32mINFO[39m [33m PlaywrightCrawler:[39m Using proxy: p.webshare.io:80
[32mINFO[39m [33m PlaywrightCrawler:[39m Parsing: https://www.chipdip.ru/product/lm2575hvs-adj-ponizhayuschiy-dc-dc-preobrazovatel-umw-9001231214
[32mINFO[39m [33m PlaywrightCrawler:[39m Using proxy: p.webshare.io:80
[32mINFO[39m [33m PlaywrightCrawler:[39m Parsing: https://www.chipdip.ru/product/lm2575hvt-5.0-ponizhayuschiy-dc-dc-preobrazovatel-htc-9001087015
[32mINFO[39m [33m PlaywrightCrawler:[39m Using proxy: p.webshare.io:80
[32mINFO[39m [33m PlaywrightCrawler:Statistics:[39m PlaywrightCrawler request statistics:[90m {"requestAvgFailedDurationMillis":null,"requestAvgFinishedDurationMillis":10844,"requestsFinishedPerMinute":20,"requestsFailedPerMinute":0,"requestTotalDurationMillis":216884,"requestsTotal":20,"crawlerRuntimeMillis":60103,"retryHistogram":[20]}[39m
[32mINFO[39m [33m PlaywrightCrawler:AutoscaledPool:[39m state[90m {"currentConcurrency":7,"desiredConcurrency":8,"systemStatus":{"isSystemIdle":true,"memInfo":{"isOverloaded":false,"limitRatio":0.2,"actualRatio":0},"eventLoopInfo":{"isOverloaded":false,"limitRatio":0.6,"actualRatio":0},"cpuInfo":{"isOverloaded":false,"limitRatio":0.4,"actualRatio":0},"clientInfo":{"isOverloaded":false,"limitRatio":0.3,"actualRatio":0}}}[39m
[32mINFO[39m [33m PlaywrightCrawler:[39m Parsing: https://www.chipdip.ru/product/lm2575s-12-ponizhayuschiy-dc-dc-preobrazovatel-uvh-do-umw-9001169290
[32mINFO[39m [33m PlaywrightCrawler:[39m Using proxy: p.webshare.io:80
[32mINFO[39m [33m PlaywrightCrawler:[39m Parsing: https://www.chipdip.ru/product/lm2575hvt-adj-ponizhayuschiy-dc-dc-preobrazovatel-htc-9001087016
[32mINFO[39m [33m PlaywrightCrawler:[39m Using proxy: p.webshare.io:80
[32mINFO[39m [33m PlaywrightCrawler:[39m ✅ Parsed: LM2575HVS-12, Понижающий DC-DC преобразователь, Uвх=до 60В, Uвых=12В, 1А, 52кГц [TO-263-5L]
📊 Progress: 51/2000 (2.5%) | Speed: 3.1 products/min | ETA: 630 min | Failed: 0 | Blocked: 0
🔄 Proxy rotations: 3 | Healthy proxies: 19950/19950
[32mINFO[39m [33m PlaywrightCrawler:[39m ✅ Parsed: LM2575HVS-3.3, Понижающий DC-DC преобразователь, Uвх=до 60В, Uвых=3.3В, 1А, 52кГц [TO-263-5L]
📊 Progress: 52/2000 (2.6%) | Speed: 3.2 products/min | ETA: 618 min | Failed: 0 | Blocked: 0
🔄 Proxy rotations: 3 | Healthy proxies: 19950/19950
[32mINFO[39m [33m PlaywrightCrawler:[39m ✅ Parsed: LM2575HVS-5.0, Понижающий DC-DC преобразователь, Uвх=до 60В, Uвых=5В, 1А, 52кГц [TO-263-5L]
📊 Progress: 53/2000 (2.6%) | Speed: 3.2 products/min | ETA: 606 min | Failed: 0 | Blocked: 0
🔄 Proxy rotations: 3 | Healthy proxies: 19950/19950
[32mINFO[39m [33m PlaywrightCrawler:[39m ✅ Parsed: LM2575HVS-ADJ, Понижающий DC-DC преобразователь, Uвх=до 60В, Uвых=1.23…57В, 1А, 52кГц [TO-263-5L]
📊 Progress: 54/2000 (2.7%) | Speed: 3.3 products/min | ETA: 595 min | Failed: 0 | Blocked: 0
🔄 Proxy rotations: 3 | Healthy proxies: 19950/19950
[32mINFO[39m [33m PlaywrightCrawler:[39m ✅ Parsed: LM2575HVT-5.0, Понижающий DC-DC преобразователь, Uвх=до 60В, Uвых=+5В, 1А, 52кГц [TO-220-5L] (=LM2575T-5.0)
📊 Progress: 55/2000 (2.8%) | Speed: 3.3 products/min | ETA: 584 min | Failed: 0 | Blocked: 0
🔄 Proxy rotations: 3 | Healthy proxies: 19950/19950
[32mINFO[39m [33m PlaywrightCrawler:[39m ✅ Parsed: LM2575HVT-ADJ, Понижающий DC-DC преобразователь, Uвх=до 60В, Uвых=1.23…52, 1А, 52кГц [TO-220-5L] (=LM2575T-ADJ)
📊 Progress: 56/2000 (2.8%) | Speed: 3.4 products/min | ETA: 574 min | Failed: 0 | Blocked: 0
🔄 Proxy rotations: 3 | Healthy proxies: 19950/19950
[32mINFO[39m [33m PlaywrightCrawler:[39m ✅ Parsed: LM2575S-12, Понижающий DC-DC преобразователь, Uвх=до 40В, Uвых=12В, 1А, 52кГц [TO-263-5]
📊 Progress: 57/2000 (2.9%) | Speed: 3.4 products/min | ETA: 564 min | Failed: 0 | Blocked: 0
🔄 Proxy rotations: 3 | Healthy proxies: 19950/19950
[32mINFO[39m [33m PlaywrightCrawler:[39m Parsing: https://www.chipdip.ru/product/lm2575s-5.0-ponizhayuschiy-dc-dc-preobrazovatel-uvh-do-umw-9001169288
[32mINFO[39m [33m PlaywrightCrawler:[39m Using proxy: p.webshare.io:80
[32mINFO[39m [33m PlaywrightCrawler:[39m Parsing: https://www.chipdip.ru/product/lm2575s-3.3-ponizhayuschiy-dc-dc-preobrazovatel-uvh-do-umw-9001169289
[32mINFO[39m [33m PlaywrightCrawler:[39m Using proxy: p.webshare.io:80
[32mINFO[39m [33m PlaywrightCrawler:[39m Parsing: https://www.chipdip.ru/product/lm2575s-adj-ponizhayuschiy-dc-dc-preobrazovatel-uvh-do-umw-9001169287
[32mINFO[39m [33m PlaywrightCrawler:[39m Using proxy: p.webshare.io:80
[32mINFO[39m [33m PlaywrightCrawler:[39m ✅ Parsed: LM2575S-5.0, Понижающий DC-DC преобразователь, Uвх=до 40В, Uвых=5В, 1А, 52кГц [TO-263-5]
📊 Progress: 58/2000 (2.9%) | Speed: 3.5 products/min | ETA: 557 min | Failed: 0 | Blocked: 0
🔄 Proxy rotations: 3 | Healthy proxies: 19950/19950
[32mINFO[39m [33m PlaywrightCrawler:[39m ✅ Parsed: LM2575S-3.3, Понижающий DC-DC преобразователь, Uвх=до 40В, Uвых=3.3В, 1А, 52кГц [TO-263-5]
📊 Progress: 59/2000 (2.9%) | Speed: 3.5 products/min | ETA: 547 min | Failed: 0 | Blocked: 0
🔄 Proxy rotations: 3 | Healthy proxies: 19950/19950
[32mINFO[39m [33m PlaywrightCrawler:[39m ✅ Parsed: LM2575S-ADJ, Понижающий DC-DC преобразователь, Uвх=до 40В, Uвых=1.23…37, 1А, 52кГц [TO-263-5]
📊 Progress: 60/2000 (3.0%) | Speed: 3.6 products/min | ETA: 539 min | Failed: 0 | Blocked: 0
🔄 Proxy rotations: 3 | Healthy proxies: 19950/19950
[32mINFO[39m [33m PlaywrightCrawler:[39m All requests from the queue have been processed, the crawler will shut down.
[32mINFO[39m [33m PlaywrightCrawler:[39m Final request statistics:[90m {"requestsFinished":30,"requestsFailed":0,"retryHistogram":[30],"requestAvgFailedDurationMillis":null,"requestAvgFinishedDurationMillis":10523,"requestsFinishedPerMinute":25,"requestsFailedPerMinute":0,"requestTotalDurationMillis":315699,"requestsTotal":30,"crawlerRuntimeMillis":72323}[39m
[32mINFO[39m [33m PlaywrightCrawler:[39m Finished! Total 30 requests: 30 succeeded, 0 failed.[90m {"terminal":true}[39m
✅ Batch completed. Processed: 60/2000

🔄 Batch 3: Processing 30 products with proxy p.webshare.io:80
[32mINFO[39m [33m PlaywrightCrawler:[39m Starting the crawler.
[33mWARN[39m [33m PlaywrightCrawler:[39m Reclaiming failed request back to the list or queue. Detected a session error, rotating session... 
page.goto: net::ERR_TUNNEL_CONNECTION_FAILED at https://www.chipdip.ru/product/lm2576hvr-adj-ponizhayuschiy-dc-dc-preobrazovatel-htc-9000543840
Call log:
  - navigating to "https://www.chipdip.ru/product/lm2576hvr-adj-ponizhayuschiy-dc-dc-preobrazovatel-htc-9000543840", waiting until "load"


[90m {"id":"KP8ysJHYg1PlB7H","url":"https://www.chipdip.ru/product/lm2576hvr-adj-ponizhayuschiy-dc-dc-preobrazovatel-htc-9000543840","retryCount":1}[39m
[32mINFO[39m [33m PlaywrightCrawler:[39m Parsing: https://www.chipdip.ru/product/lm2576hvr-3.3-ponizhayuschiy-dc-dc-preobrazovatel-htc-9001087018
[32mINFO[39m [33m PlaywrightCrawler:[39m Using proxy: p.webshare.io:80
[32mINFO[39m [33m PlaywrightCrawler:[39m Parsing: https://www.chipdip.ru/product/lm2576hvs-12-ponizhayuschiy-dc-dc-preobrazovatel-uvh-do-umw-9001231217
[32mINFO[39m [33m PlaywrightCrawler:[39m Using proxy: p.webshare.io:80
[32mINFO[39m [33m PlaywrightCrawler:[39m ✅ Parsed: LM2576HVR-3.3, Понижающий DC-DC преобразователь, Uвх=до 60В, Uвых=+3.3В, 3А, 52кГц [TO-263-5L] (=LM2576HVS-ADJ)
📊 Progress: 61/2000 (3.0%) | Speed: 3.6 products/min | ETA: 539 min | Failed: 0 | Blocked: 0
🔄 Proxy rotations: 4 | Healthy proxies: 19950/19950
[32mINFO[39m [33m PlaywrightCrawler:[39m ✅ Parsed: LM2576HVS-12, Понижающий DC-DC преобразователь, Uвх=до 60В, Uвых=12В, 3А, 52кГц [TO-263-5L]
📊 Progress: 62/2000 (3.1%) | Speed: 3.6 products/min | ETA: 531 min | Failed: 0 | Blocked: 0
🔄 Proxy rotations: 4 | Healthy proxies: 19950/19950
[32mINFO[39m [33m PlaywrightCrawler:[39m Parsing: https://www.chipdip.ru/product/lm2576hvs-3.3-ponizhayuschiy-dc-dc-preobrazovatel-umw-9001231207
[32mINFO[39m [33m PlaywrightCrawler:[39m Using proxy: p.webshare.io:80
[32mINFO[39m [33m PlaywrightCrawler:[39m Parsing: https://www.chipdip.ru/product/lm2576hvs-adj-ponizhayuschiy-dc-dc-preobrazovatel-umw-9001231216
[32mINFO[39m [33m PlaywrightCrawler:[39m Using proxy: p.webshare.io:80
[32mINFO[39m [33m PlaywrightCrawler:[39m Parsing: https://www.chipdip.ru/product/lm2576hvs-5.0-ponizhayuschiy-dc-dc-preobrazovatel-umw-9001231206
[32mINFO[39m [33m PlaywrightCrawler:[39m Using proxy: p.webshare.io:80
[32mINFO[39m [33m PlaywrightCrawler:[39m Parsing: https://www.chipdip.ru/product/lm2576hvt-adj-ponizhayuschiy-dc-dc-preobrazovatel-htc-9000543841
[32mINFO[39m [33m PlaywrightCrawler:[39m Using proxy: p.webshare.io:80
[32mINFO[39m [33m PlaywrightCrawler:[39m ✅ Parsed: LM2576HVS-3.3, Понижающий DC-DC преобразователь, Uвх=до 60В, Uвых=3.3В, 3А, 52кГц [TO-263-5L]
📊 Progress: 63/2000 (3.1%) | Speed: 3.6 products/min | ETA: 533 min | Failed: 0 | Blocked: 0
🔄 Proxy rotations: 4 | Healthy proxies: 19950/19950
[32mINFO[39m [33m PlaywrightCrawler:[39m ✅ Parsed: LM2576HVS-ADJ, Понижающий DC-DC преобразователь, Uвх=до 60В, Uвых=1.23…57В, 3А, 52кГц [TO-263-5L]
📊 Progress: 64/2000 (3.2%) | Speed: 3.7 products/min | ETA: 525 min | Failed: 0 | Blocked: 0
🔄 Proxy rotations: 4 | Healthy proxies: 19950/19950
[32mINFO[39m [33m PlaywrightCrawler:[39m ✅ Parsed: LM2576HVS-5.0, Понижающий DC-DC преобразователь, Uвх=до 60В, Uвых=5В, 3А, 52кГц [TO-263-5L]
📊 Progress: 65/2000 (3.3%) | Speed: 3.7 products/min | ETA: 517 min | Failed: 0 | Blocked: 0
🔄 Proxy rotations: 4 | Healthy proxies: 19950/19950
[32mINFO[39m [33m PlaywrightCrawler:[39m ✅ Parsed: LM2576HVT-ADJ, Понижающий DC-DC преобразователь, Uвх=до 60В, Uвых=1.23…37, 3А, 52кГц [TO-220-5L.]
📊 Progress: 66/2000 (3.3%) | Speed: 3.8 products/min | ETA: 510 min | Failed: 0 | Blocked: 0
🔄 Proxy rotations: 4 | Healthy proxies: 19950/19950
[32mINFO[39m [33m PlaywrightCrawler:Statistics:[39m PlaywrightCrawler request statistics:[90m {"requestAvgFailedDurationMillis":null,"requestAvgFinishedDurationMillis":21329,"requestsFinishedPerMinute":6,"requestsFailedPerMinute":0,"requestTotalDurationMillis":127976,"requestsTotal":6,"crawlerRuntimeMillis":60091,"retryHistogram":[6]}[39m
[32mINFO[39m [33m PlaywrightCrawler:AutoscaledPool:[39m state[90m {"currentConcurrency":7,"desiredConcurrency":8,"systemStatus":{"isSystemIdle":true,"memInfo":{"isOverloaded":false,"limitRatio":0.2,"actualRatio":0},"eventLoopInfo":{"isOverloaded":false,"limitRatio":0.6,"actualRatio":0},"cpuInfo":{"isOverloaded":false,"limitRatio":0.4,"actualRatio":0},"clientInfo":{"isOverloaded":false,"limitRatio":0.3,"actualRatio":0}}}[39m
[32mINFO[39m [33m PlaywrightCrawler:[39m Parsing: https://www.chipdip.ru/product/lm2576s-12-ponizhayuschiy-dc-dc-preobrazovatel-uvh-do-umw-9001169286
[32mINFO[39m [33m PlaywrightCrawler:[39m Using proxy: p.webshare.io:80
[32mINFO[39m [33m PlaywrightCrawler:[39m Parsing: https://www.chipdip.ru/product/lm2576s-5.0-ponizhayuschiy-dc-dc-preobrazovatel-uvh-do-umw-9001169284
[32mINFO[39m [33m PlaywrightCrawler:[39m Using proxy: p.webshare.io:80
[32mINFO[39m [33m PlaywrightCrawler:[39m Parsing: https://www.chipdip.ru/product/lm2576t-12-nopb-impulsnyy-ponizhayuschiy-texas-instruments-810205389
[32mINFO[39m [33m PlaywrightCrawler:[39m Using proxy: p.webshare.io:80
[32mINFO[39m [33m PlaywrightCrawler:[39m Parsing: https://www.chipdip.ru/product/lm2576s-3.3-ponizhayuschiy-dc-dc-preobrazovatel-uvh-do-umw-9001169285
[32mINFO[39m [33m PlaywrightCrawler:[39m Using proxy: p.webshare.io:80
[32mINFO[39m [33m PlaywrightCrawler:[39m Parsing: https://www.chipdip.ru/product/lm2576r-adj-ponizhayuschiy-dc-dc-preobrazovatel-uvh-do-htc-9000543838
[32mINFO[39m [33m PlaywrightCrawler:[39m Using proxy: p.webshare.io:80
[32mINFO[39m [33m PlaywrightCrawler:[39m Parsing: https://www.chipdip.ru/product/lm2576t-5.0-nopb-impulsnyy-ponizhayuschiy-texas-instruments-10804
[32mINFO[39m [33m PlaywrightCrawler:[39m Using proxy: p.webshare.io:80
[32mINFO[39m [33m PlaywrightCrawler:[39m Parsing: https://www.chipdip.ru/product/lm2576s-adj-ponizhayuschiy-dc-dc-preobrazovatel-uvh-do-umw-9001169283
[32mINFO[39m [33m PlaywrightCrawler:[39m Using proxy: p.webshare.io:80
[32mINFO[39m [33m PlaywrightCrawler:[39m ✅ Parsed: LM2576S-12, Понижающий DC-DC преобразователь, Uвх=до 40В, Uвых=12В , 3А, 52кГц [TO-263-5]
📊 Progress: 67/2000 (3.4%) | Speed: 3.7 products/min | ETA: 516 min | Failed: 0 | Blocked: 0
🔄 Proxy rotations: 4 | Healthy proxies: 19950/19950
[32mINFO[39m [33m PlaywrightCrawler:[39m ✅ Parsed: LM2576S-5.0, Понижающий DC-DC преобразователь, Uвх=до 40В, Uвых=5В , 3А, 52кГц [TO-263-5]
📊 Progress: 68/2000 (3.4%) | Speed: 3.8 products/min | ETA: 509 min | Failed: 0 | Blocked: 0
🔄 Proxy rotations: 4 | Healthy proxies: 19950/19950
[32mINFO[39m [33m PlaywrightCrawler:[39m ✅ Parsed: LM2576S-3.3, Понижающий DC-DC преобразователь, Uвх=до 40В, Uвых=3.3В , 3А, 52кГц [TO-263-5]
📊 Progress: 69/2000 (3.5%) | Speed: 3.8 products/min | ETA: 502 min | Failed: 0 | Blocked: 0
🔄 Proxy rotations: 4 | Healthy proxies: 19950/19950
[32mINFO[39m [33m PlaywrightCrawler:[39m ✅ Parsed: LM2576T-12/NOPB, Импульсный понижающий регулятор напряжения, 12В, 3А, [TO-220-5]
📊 Progress: 70/2000 (3.5%) | Speed: 3.9 products/min | ETA: 495 min | Failed: 0 | Blocked: 0
🔄 Proxy rotations: 4 | Healthy proxies: 19950/19950
[32mINFO[39m [33m PlaywrightCrawler:[39m ✅ Parsed: LM2576R-ADJ, Понижающий DC-DC преобразователь, Uвх=до 40В, Uвых=1.23…37, 3А, 52кГц [TO-263-5L] (=LM2576S-ADJ)
📊 Progress: 71/2000 (3.5%) | Speed: 4.0 products/min | ETA: 488 min | Failed: 0 | Blocked: 0
🔄 Proxy rotations: 4 | Healthy proxies: 19950/19950
[32mINFO[39m [33m PlaywrightCrawler:[39m ✅ Parsed: LM2576T-5.0/NOPB, Импульсный понижающий регулятор напряжения, 5В, 3А, [TO-220-5-T]
📊 Progress: 72/2000 (3.6%) | Speed: 4.0 products/min | ETA: 481 min | Failed: 0 | Blocked: 0
🔄 Proxy rotations: 4 | Healthy proxies: 19950/19950
[32mINFO[39m [33m PlaywrightCrawler:[39m ✅ Parsed: LM2576S-ADJ, Понижающий DC-DC преобразователь, Uвх=до 40В, Uвых=1.23…37В, 3А, 52кГц [TO-263-5]
📊 Progress: 73/2000 (3.6%) | Speed: 4.1 products/min | ETA: 474 min | Failed: 0 | Blocked: 0
🔄 Proxy rotations: 4 | Healthy proxies: 19950/19950
[33mWARN[39m [33m PlaywrightCrawler:[39m Reclaiming failed request back to the list or queue. page.goto: net::ERR_NETWORK_IO_SUSPENDED at https://www.chipdip.ru/product/lm2592hvs-5.0-ponizhayuschiy-dc-dc-preobrazovatel-umw-9001633712
Call log:
  - navigating to "https://www.chipdip.ru/product/lm2592hvs-5.0-ponizhayuschiy-dc-dc-preobrazovatel-umw-9001633712", waiting until "load"

[90m {"id":"gMEQlm9lORV1apl","url":"https://www.chipdip.ru/product/lm2592hvs-5.0-ponizhayuschiy-dc-dc-preobrazovatel-umw-9001633712","retryCount":1}[39m
[33mWARN[39m [33m PlaywrightCrawler:[39m Reclaiming failed request back to the list or queue. page.goto: net::ERR_NETWORK_IO_SUSPENDED at https://www.chipdip.ru/product/lm2592hvs-adj-ponizhayuschiy-dc-dc-preobrazovatel-umw-9001633711
Call log:
  - navigating to "https://www.chipdip.ru/product/lm2592hvs-adj-ponizhayuschiy-dc-dc-preobrazovatel-umw-9001633711", waiting until "load"

[90m {"id":"CYl7Wvm1m1nguyN","url":"https://www.chipdip.ru/product/lm2592hvs-adj-ponizhayuschiy-dc-dc-preobrazovatel-umw-9001633711","retryCount":1}[39m
[33mWARN[39m [33m PlaywrightCrawler:[39m Reclaiming failed request back to the list or queue. page.goto: net::ERR_NETWORK_IO_SUSPENDED at https://www.chipdip.ru/product/lm2594hvm-12-dc-dc-preobrazovatel-step-down-uvh-4.5-60v-umw-9001169282
Call log:
  - navigating to "https://www.chipdip.ru/product/lm2594hvm-12-dc-dc-preobrazovatel-step-down-uvh-4.5-60v-umw-9001169282", waiting until "load"

[90m {"id":"sSRLUJpia8ku93i","url":"https://www.chipdip.ru/product/lm2594hvm-12-dc-dc-preobrazovatel-step-down-uvh-4.5-60v-umw-9001169282","retryCount":1}[39m
[33mWARN[39m [33m PlaywrightCrawler:[39m Reclaiming failed request back to the list or queue. Detected a session error, rotating session... 
page.goto: net::ERR_TUNNEL_CONNECTION_FAILED at https://www.chipdip.ru/product/lm2576hvr-adj-ponizhayuschiy-dc-dc-preobrazovatel-htc-9000543840
Call log:
  - navigating to "https://www.chipdip.ru/product/lm2576hvr-adj-ponizhayuschiy-dc-dc-preobrazovatel-htc-9000543840", waiting until "load"


[90m {"id":"KP8ysJHYg1PlB7H","url":"https://www.chipdip.ru/product/lm2576hvr-adj-ponizhayuschiy-dc-dc-preobrazovatel-htc-9000543840","retryCount":2}[39m
[33mWARN[39m [33m PlaywrightCrawler:[39m Reclaiming failed request back to the list or queue. Detected a session error, rotating session... 
page.goto: net::ERR_TUNNEL_CONNECTION_FAILED at https://www.chipdip.ru/product/lm2592hvs-5.0-ponizhayuschiy-dc-dc-preobrazovatel-umw-9001633712
Call log:
  - navigating to "https://www.chipdip.ru/product/lm2592hvs-5.0-ponizhayuschiy-dc-dc-preobrazovatel-umw-9001633712", waiting until "load"


[90m {"id":"gMEQlm9lORV1apl","url":"https://www.chipdip.ru/product/lm2592hvs-5.0-ponizhayuschiy-dc-dc-preobrazovatel-umw-9001633712","retryCount":2}[39m
[33mWARN[39m [33m PlaywrightCrawler:[39m Reclaiming failed request back to the list or queue. Detected a session error, rotating session... 
page.goto: net::ERR_TUNNEL_CONNECTION_FAILED at https://www.chipdip.ru/product/lm2594hvm-3.3-dc-dc-preobrazovatel-step-down-umw-9001333342
Call log:
  - navigating to "https://www.chipdip.ru/product/lm2594hvm-3.3-dc-dc-preobrazovatel-step-down-umw-9001333342", waiting until "load"


[90m {"id":"OuW4RQ3bmxCJpH1","url":"https://www.chipdip.ru/product/lm2594hvm-3.3-dc-dc-preobrazovatel-step-down-umw-9001333342","retryCount":1}[39m
[32mINFO[39m [33m PlaywrightCrawler:AutoscaledPool:[39m state[90m {"currentConcurrency":10,"desiredConcurrency":10,"systemStatus":{"isSystemIdle":true,"memInfo":{"isOverloaded":false,"limitRatio":0.2,"actualRatio":0},"eventLoopInfo":{"isOverloaded":false,"limitRatio":0.6,"actualRatio":0},"cpuInfo":{"isOverloaded":false,"limitRatio":0.4,"actualRatio":0},"clientInfo":{"isOverloaded":false,"limitRatio":0.3,"actualRatio":0}}}[39m
[32mINFO[39m [33m PlaywrightCrawler:Statistics:[39m PlaywrightCrawler request statistics:[90m {"requestAvgFailedDurationMillis":null,"requestAvgFinishedDurationMillis":27979,"requestsFinishedPerMinute":4,"requestsFailedPerMinute":0,"requestTotalDurationMillis":363722,"requestsTotal":13,"crawlerRuntimeMillis":179999,"retryHistogram":[13]}[39m
[33mWARN[39m [33m PlaywrightCrawler:[39m Reclaiming failed request back to the list or queue. Navigation timed out after 120 seconds.[90m {"id":"MdmwKa5Kv5G7mQT","url":"https://www.chipdip.ru/product/lm2576t-adj-ponizhayuschiy-dc-dc-preobrazovatel-uvh-do-htc-9000543839","retryCount":1}[39m
[33mWARN[39m [33m PlaywrightCrawler:[39m Reclaiming failed request back to the list or queue. Navigation timed out after 120 seconds.[90m {"id":"WYSAgbYhsg5CZRz","url":"https://www.chipdip.ru/product/lm2576t-adjg-impulsnyy-ponizhayuschiy-on-semiconductor-244865210","retryCount":1}[39m
[33mWARN[39m [33m PlaywrightCrawler:[39m Reclaiming failed request back to the list or queue. Navigation timed out after 120 seconds.[90m {"id":"6Orb26v3Jljem5f","url":"https://www.chipdip.ru/product/lm2577sx-adj-nopb-dc-dc-preobrazovatel-texas-instruments-331533099","retryCount":1}[39m
[33mWARN[39m [33m PlaywrightCrawler:[39m Reclaiming failed request back to the list or queue. Navigation timed out after 120 seconds.[90m {"id":"PIssvNM1KbCRGHd","url":"https://www.chipdip.ru/product/lm2577t-adj-nopb-impulsnyy-povyshayuschiy-texas-instruments-37828","retryCount":1}[39m
[33mWARN[39m [33m PlaywrightCrawler:[39m Reclaiming failed request back to the list or queue. Navigation timed out after 120 seconds.[90m {"id":"3drFvw3CxIHKpFT","url":"https://www.chipdip.ru/product/lm2585sx-adj-nopb-dc-dc-preobrazovatel-texas-instruments-302253328","retryCount":1}[39m
[33mWARN[39m [33m PlaywrightCrawler:[39m Reclaiming failed request back to the list or queue. Navigation timed out after 120 seconds.[90m {"id":"pnHxnyDcYEXPL4T","url":"https://www.chipdip.ru/product/lm2591hvs-adj-ponizhayuschiy-dc-dc-preobrazovatel-umw-9001633714","retryCount":1}[39m
[32mINFO[39m [33m PlaywrightCrawler:[39m Parsing: https://www.chipdip.ru/product/lm2591hvs-5.0-ponizhayuschiy-dc-dc-preobrazovatel-umw-9001633713
[32mINFO[39m [33m PlaywrightCrawler:[39m Using proxy: p.webshare.io:80
[32mINFO[39m [33m PlaywrightCrawler:[39m ✅ Parsed: LM2591HVS-5.0, Понижающий DC-DC преобразователь Uвых=5.0В, 1А, 150кГц [TO-263-5L.]
📊 Progress: 74/2000 (3.7%) | Speed: 3.7 products/min | ETA: 522 min | Failed: 0 | Blocked: 0
🔄 Proxy rotations: 4 | Healthy proxies: 19950/19950
[33mWARN[39m [33m PlaywrightCrawler:[39m Reclaiming failed request back to the list or queue. Navigation timed out after 120 seconds.[90m {"id":"CYl7Wvm1m1nguyN","url":"https://www.chipdip.ru/product/lm2592hvs-adj-ponizhayuschiy-dc-dc-preobrazovatel-umw-9001633711","retryCount":2}[39m
[33mWARN[39m [33m PlaywrightCrawler:[39m Reclaiming failed request back to the list or queue. Navigation timed out after 120 seconds.[90m {"id":"sSRLUJpia8ku93i","url":"https://www.chipdip.ru/product/lm2594hvm-12-dc-dc-preobrazovatel-step-down-uvh-4.5-60v-umw-9001169282","retryCount":2}[39m
[33mWARN[39m [33m PlaywrightCrawler:[39m Reclaiming failed request back to the list or queue. Navigation timed out after 120 seconds.[90m {"id":"QVe521CVX1PLDXO","url":"https://www.chipdip.ru/product/lm2594hvm-5.0-dc-dc-preobrazovatel-step-down-umw-9001106134","retryCount":1}[39m
[32mINFO[39m [33m PlaywrightCrawler:[39m Parsing: https://www.chipdip.ru/product/lm2576t-adj-ponizhayuschiy-dc-dc-preobrazovatel-uvh-do-htc-9000543839
[32mINFO[39m [33m PlaywrightCrawler:[39m Using proxy: p.webshare.io:80
[32mINFO[39m [33m PlaywrightCrawler:[39m Parsing: https://www.chipdip.ru/product/lm2594m-5.0-dc-dc-preobrazovatel-step-down-uvh-4.5-45v-umw-9001633722
[32mINFO[39m [33m PlaywrightCrawler:[39m Using proxy: p.webshare.io:80
[32mINFO[39m [33m PlaywrightCrawler:[39m Parsing: https://www.chipdip.ru/product/lm2594hvm-adj-dc-dc-preobrazovatel-step-down-umw-9001106135
[32mINFO[39m [33m PlaywrightCrawler:[39m Using proxy: p.webshare.io:80
[32mINFO[39m [33m PlaywrightCrawler:[39m ✅ Parsed: LM2594HVM-ADJ, DC-DC преобразователь, Step-Down, Uвх.=4.5…60В, Uвых=1.2.…37В, Iвых= 1.5А, 150кГц [SOIC-8.]
📊 Progress: 75/2000 (3.8%) | Speed: 3.6 products/min | ETA: 530 min | Failed: 0 | Blocked: 0
🔄 Proxy rotations: 4 | Healthy proxies: 19950/19950
[32mINFO[39m [33m PlaywrightCrawler:[39m Parsing: https://www.chipdip.ru/product/lm2577sx-adj-nopb-dc-dc-preobrazovatel-texas-instruments-331533099
[32mINFO[39m [33m PlaywrightCrawler:[39m Using proxy: p.webshare.io:80
[32mINFO[39m [33m PlaywrightCrawler:Statistics:[39m PlaywrightCrawler request statistics:[90m {"requestAvgFailedDurationMillis":null,"requestAvgFinishedDurationMillis":35673,"requestsFinishedPerMinute":4,"requestsFailedPerMinute":0,"requestTotalDurationMillis":535094,"requestsTotal":15,"crawlerRuntimeMillis":240005,"retryHistogram":[15]}[39m
[32mINFO[39m [33m PlaywrightCrawler:AutoscaledPool:[39m state[90m {"currentConcurrency":10,"desiredConcurrency":10,"systemStatus":{"isSystemIdle":true,"memInfo":{"isOverloaded":false,"limitRatio":0.2,"actualRatio":0},"eventLoopInfo":{"isOverloaded":false,"limitRatio":0.6,"actualRatio":0},"cpuInfo":{"isOverloaded":false,"limitRatio":0.4,"actualRatio":0},"clientInfo":{"isOverloaded":false,"limitRatio":0.3,"actualRatio":0}}}[39m
[32mINFO[39m [33m PlaywrightCrawler:[39m Parsing: https://www.chipdip.ru/product/lm2594m-3.3-dc-dc-preobrazovatel-step-down-uvh-4.5-45v-umw-9001333345
[32mINFO[39m [33m PlaywrightCrawler:[39m Using proxy: p.webshare.io:80
[32mINFO[39m [33m PlaywrightCrawler:[39m ✅ Parsed: LM2576T-ADJ, Понижающий DC-DC преобразователь, Uвх=до 40В, Uвых=1.23…37, 3А, 52кГц [TO-220-5L] (=LM2576T-ADJ)
📊 Progress: 76/2000 (3.8%) | Speed: 3.7 products/min | ETA: 524 min | Failed: 0 | Blocked: 0
🔄 Proxy rotations: 4 | Healthy proxies: 19950/19950
[32mINFO[39m [33m PlaywrightCrawler:[39m ✅ Parsed: LM2577SX-ADJ/NOPB, DC-DC преобразователь, Boost, Flyback, Forward Converter, Uвх=до 40В, Uвых=1.23…60В, 3А [D2PAK-5.]
📊 Progress: 77/2000 (3.9%) | Speed: 3.7 products/min | ETA: 518 min | Failed: 0 | Blocked: 0
🔄 Proxy rotations: 4 | Healthy proxies: 19950/19950
[32mINFO[39m [33m PlaywrightCrawler:[39m ✅ Parsed: LM2594M-5.0, DC-DC преобразователь, Step-Down, Uвх.=4.5…45В, Uвых=5.0В, Iвых= 1.5А, 150кГц [SOIC-8.]
📊 Progress: 78/2000 (3.9%) | Speed: 3.8 products/min | ETA: 511 min | Failed: 0 | Blocked: 0
🔄 Proxy rotations: 4 | Healthy proxies: 19950/19950
[32mINFO[39m [33m PlaywrightCrawler:[39m Parsing: https://www.chipdip.ru/product/lm2576t-adjg-impulsnyy-ponizhayuschiy-on-semiconductor-244865210
[32mINFO[39m [33m PlaywrightCrawler:[39m Using proxy: p.webshare.io:80
[32mINFO[39m [33m PlaywrightCrawler:[39m Parsing: https://www.chipdip.ru/product/lm2576hvr-adj-ponizhayuschiy-dc-dc-preobrazovatel-htc-9000543840
[32mINFO[39m [33m PlaywrightCrawler:[39m Using proxy: p.webshare.io:80
[32mINFO[39m [33m PlaywrightCrawler:[39m Parsing: https://www.chipdip.ru/product/lm2594m-adj-dc-dc-preobrazovatel-step-down-uvh-4.5-45v-umw-9001633723
[32mINFO[39m [33m PlaywrightCrawler:[39m Using proxy: p.webshare.io:80
[32mINFO[39m [33m PlaywrightCrawler:[39m ✅ Parsed: LM2594M-3.3, DC-DC преобразователь, Step-Down, Uвх.=4.5…45В, Uвых=3.3В, Iвых= 1.5А, 150кГц [SOIC-8.]
📊 Progress: 79/2000 (4.0%) | Speed: 3.8 products/min | ETA: 506 min | Failed: 0 | Blocked: 0
🔄 Proxy rotations: 4 | Healthy proxies: 19950/19950
[33mWARN[39m [33m PlaywrightCrawler:[39m Reclaiming failed request back to the list or queue. Detected a session error, rotating session... 
page.goto: net::ERR_TUNNEL_CONNECTION_FAILED at https://www.chipdip.ru/product/lm2592hvs-5.0-ponizhayuschiy-dc-dc-preobrazovatel-umw-9001633712
Call log:
  - navigating to "https://www.chipdip.ru/product/lm2592hvs-5.0-ponizhayuschiy-dc-dc-preobrazovatel-umw-9001633712", waiting until "load"


[90m {"id":"gMEQlm9lORV1apl","url":"https://www.chipdip.ru/product/lm2592hvs-5.0-ponizhayuschiy-dc-dc-preobrazovatel-umw-9001633712","retryCount":3}[39m
[33mWARN[39m [33m PlaywrightCrawler:[39m Reclaiming failed request back to the list or queue. Detected a session error, rotating session... 
page.goto: net::ERR_TUNNEL_CONNECTION_FAILED at https://www.chipdip.ru/product/lm2577t-adj-nopb-impulsnyy-povyshayuschiy-texas-instruments-37828
Call log:
  - navigating to "https://www.chipdip.ru/product/lm2577t-adj-nopb-impulsnyy-povyshayuschiy-texas-instruments-37828", waiting until "load"


[90m {"id":"PIssvNM1KbCRGHd","url":"https://www.chipdip.ru/product/lm2577t-adj-nopb-impulsnyy-povyshayuschiy-texas-instruments-37828","retryCount":2}[39m
[33mWARN[39m [33m PlaywrightCrawler:[39m Reclaiming failed request back to the list or queue. Detected a session error, rotating session... 
page.goto: net::ERR_TUNNEL_CONNECTION_FAILED at https://www.chipdip.ru/product/lm2594hvm-3.3-dc-dc-preobrazovatel-step-down-umw-9001333342
Call log:
  - navigating to "https://www.chipdip.ru/product/lm2594hvm-3.3-dc-dc-preobrazovatel-step-down-umw-9001333342", waiting until "load"


[90m {"id":"OuW4RQ3bmxCJpH1","url":"https://www.chipdip.ru/product/lm2594hvm-3.3-dc-dc-preobrazovatel-step-down-umw-9001333342","retryCount":2}[39m
[33mWARN[39m [33m PlaywrightCrawler:[39m Reclaiming failed request back to the list or queue. Detected a session error, rotating session... 
page.goto: net::ERR_TUNNEL_CONNECTION_FAILED at https://www.chipdip.ru/product/lm2585sx-adj-nopb-dc-dc-preobrazovatel-texas-instruments-302253328
Call log:
  - navigating to "https://www.chipdip.ru/product/lm2585sx-adj-nopb-dc-dc-preobrazovatel-texas-instruments-302253328", waiting until "load"


[90m {"id":"3drFvw3CxIHKpFT","url":"https://www.chipdip.ru/product/lm2585sx-adj-nopb-dc-dc-preobrazovatel-texas-instruments-302253328","retryCount":2}[39m
[33mWARN[39m [33m PlaywrightCrawler:[39m Reclaiming failed request back to the list or queue. Detected a session error, rotating session... 
page.goto: net::ERR_TUNNEL_CONNECTION_FAILED at https://www.chipdip.ru/product/lm2591hvs-adj-ponizhayuschiy-dc-dc-preobrazovatel-umw-9001633714
Call log:
  - navigating to "https://www.chipdip.ru/product/lm2591hvs-adj-ponizhayuschiy-dc-dc-preobrazovatel-umw-9001633714", waiting until "load"


[90m {"id":"pnHxnyDcYEXPL4T","url":"https://www.chipdip.ru/product/lm2591hvs-adj-ponizhayuschiy-dc-dc-preobrazovatel-umw-9001633714","retryCount":2}[39m
[33mWARN[39m [33m PlaywrightCrawler:[39m Reclaiming failed request back to the list or queue. Detected a session error, rotating session... 
page.goto: net::ERR_TUNNEL_CONNECTION_FAILED at https://www.chipdip.ru/product/lm2592hvs-adj-ponizhayuschiy-dc-dc-preobrazovatel-umw-9001633711
Call log:
  - navigating to "https://www.chipdip.ru/product/lm2592hvs-adj-ponizhayuschiy-dc-dc-preobrazovatel-umw-9001633711", waiting until "load"


[90m {"id":"CYl7Wvm1m1nguyN","url":"https://www.chipdip.ru/product/lm2592hvs-adj-ponizhayuschiy-dc-dc-preobrazovatel-umw-9001633711","retryCount":3}[39m
[33mWARN[39m [33m PlaywrightCrawler:[39m Reclaiming failed request back to the list or queue. Detected a session error, rotating session... 
page.goto: net::ERR_TUNNEL_CONNECTION_FAILED at https://www.chipdip.ru/product/lm2594hvm-12-dc-dc-preobrazovatel-step-down-uvh-4.5-60v-umw-9001169282
Call log:
  - navigating to "https://www.chipdip.ru/product/lm2594hvm-12-dc-dc-preobrazovatel-step-down-uvh-4.5-60v-umw-9001169282", waiting until "load"


[90m {"id":"sSRLUJpia8ku93i","url":"https://www.chipdip.ru/product/lm2594hvm-12-dc-dc-preobrazovatel-step-down-uvh-4.5-60v-umw-9001169282","retryCount":3}[39m
[33mWARN[39m [33m PlaywrightCrawler:[39m Reclaiming failed request back to the list or queue. Detected a session error, rotating session... 
page.goto: net::ERR_TUNNEL_CONNECTION_FAILED at https://www.chipdip.ru/product/lm2592hvs-5.0-ponizhayuschiy-dc-dc-preobrazovatel-umw-9001633712
Call log:
  - navigating to "https://www.chipdip.ru/product/lm2592hvs-5.0-ponizhayuschiy-dc-dc-preobrazovatel-umw-9001633712", waiting until "load"


[90m {"id":"gMEQlm9lORV1apl","url":"https://www.chipdip.ru/product/lm2592hvs-5.0-ponizhayuschiy-dc-dc-preobrazovatel-umw-9001633712","retryCount":4}[39m
[32mINFO[39m [33m PlaywrightCrawler:[39m ✅ Parsed: LM2576T-ADJG, Импульсный понижающий регулятор напряжения с регулировкой выхода 1.23В…37В, 3А, [TO-220-5]
📊 Progress: 80/2000 (4.0%) | Speed: 3.8 products/min | ETA: 506 min | Failed: 0 | Blocked: 0
🔄 Proxy rotations: 4 | Healthy proxies: 19950/19950
[32mINFO[39m [33m PlaywrightCrawler:[39m ✅ Parsed: LM2594M-ADJ, DC-DC преобразователь, Step-Down, Uвх.=4.5…45В, Uвых=1.27...37В, Iвых= 1.5А, 150кГц [SOIC-8.]
📊 Progress: 81/2000 (4.0%) | Speed: 3.8 products/min | ETA: 500 min | Failed: 0 | Blocked: 0
🔄 Proxy rotations: 4 | Healthy proxies: 19950/19950
[32mINFO[39m [33m PlaywrightCrawler:[39m ✅ Parsed: LM2576HVR-ADJ, Понижающий DC-DC преобразователь, Uвх=до 60В, Uвых=1.23…37, 3А, 52кГц [TO-263-5L] (=LM2576HVS-ADJ)
📊 Progress: 82/2000 (4.1%) | Speed: 3.9 products/min | ETA: 495 min | Failed: 0 | Blocked: 0
🔄 Proxy rotations: 4 | Healthy proxies: 19950/19950
[32mINFO[39m [33m PlaywrightCrawler:Statistics:[39m PlaywrightCrawler request statistics:[90m {"requestAvgFailedDurationMillis":null,"requestAvgFinishedDurationMillis":42216,"requestsFinishedPerMinute":4,"requestsFailedPerMinute":0,"requestTotalDurationMillis":928761,"requestsTotal":22,"crawlerRuntimeMillis":300014,"retryHistogram":[18,3,1]}[39m
[32mINFO[39m [33m PlaywrightCrawler:AutoscaledPool:[39m state[90m {"currentConcurrency":8,"desiredConcurrency":10,"systemStatus":{"isSystemIdle":true,"memInfo":{"isOverloaded":false,"limitRatio":0.2,"actualRatio":0},"eventLoopInfo":{"isOverloaded":false,"limitRatio":0.6,"actualRatio":0},"cpuInfo":{"isOverloaded":false,"limitRatio":0.4,"actualRatio":0},"clientInfo":{"isOverloaded":false,"limitRatio":0.3,"actualRatio":0}}}[39m
[33mWARN[39m [33m PlaywrightCrawler:[39m Reclaiming failed request back to the list or queue. page.goto: net::ERR_CONNECTION_CLOSED at https://www.chipdip.ru/product/lm2585sx-adj-nopb-dc-dc-preobrazovatel-texas-instruments-302253328
Call log:
  - navigating to "https://www.chipdip.ru/product/lm2585sx-adj-nopb-dc-dc-preobrazovatel-texas-instruments-302253328", waiting until "load"

[90m {"id":"3drFvw3CxIHKpFT","url":"https://www.chipdip.ru/product/lm2585sx-adj-nopb-dc-dc-preobrazovatel-texas-instruments-302253328","retryCount":3}[39m
[33mWARN[39m [33m PlaywrightCrawler:[39m Reclaiming failed request back to the list or queue. page.goto: net::ERR_CONNECTION_CLOSED at https://www.chipdip.ru/product/lm2594hvm-5.0-dc-dc-preobrazovatel-step-down-umw-9001106134
Call log:
  - navigating to "https://www.chipdip.ru/product/lm2594hvm-5.0-dc-dc-preobrazovatel-step-down-umw-9001106134", waiting until "load"

[90m {"id":"QVe521CVX1PLDXO","url":"https://www.chipdip.ru/product/lm2594hvm-5.0-dc-dc-preobrazovatel-step-down-umw-9001106134","retryCount":2}[39m
[33mWARN[39m [33m PlaywrightCrawler:[39m Reclaiming failed request back to the list or queue. page.goto: net::ERR_CONNECTION_CLOSED at https://www.chipdip.ru/product/lm2577t-adj-nopb-impulsnyy-povyshayuschiy-texas-instruments-37828
Call log:
  - navigating to "https://www.chipdip.ru/product/lm2577t-adj-nopb-impulsnyy-povyshayuschiy-texas-instruments-37828", waiting until "load"

[90m {"id":"PIssvNM1KbCRGHd","url":"https://www.chipdip.ru/product/lm2577t-adj-nopb-impulsnyy-povyshayuschiy-texas-instruments-37828","retryCount":3}[39m
[33mWARN[39m [33m PlaywrightCrawler:[39m Reclaiming failed request back to the list or queue. page.goto: net::ERR_CONNECTION_CLOSED at https://www.chipdip.ru/product/lm2591hvs-adj-ponizhayuschiy-dc-dc-preobrazovatel-umw-9001633714
Call log:
  - navigating to "https://www.chipdip.ru/product/lm2591hvs-adj-ponizhayuschiy-dc-dc-preobrazovatel-umw-9001633714", waiting until "load"

[90m {"id":"pnHxnyDcYEXPL4T","url":"https://www.chipdip.ru/product/lm2591hvs-adj-ponizhayuschiy-dc-dc-preobrazovatel-umw-9001633714","retryCount":3}[39m
[33mWARN[39m [33m PlaywrightCrawler:[39m Reclaiming failed request back to the list or queue. page.goto: net::ERR_CONNECTION_CLOSED at https://www.chipdip.ru/product/lm2594hvm-3.3-dc-dc-preobrazovatel-step-down-umw-9001333342
Call log:
  - navigating to "https://www.chipdip.ru/product/lm2594hvm-3.3-dc-dc-preobrazovatel-step-down-umw-9001333342", waiting until "load"

[90m {"id":"OuW4RQ3bmxCJpH1","url":"https://www.chipdip.ru/product/lm2594hvm-3.3-dc-dc-preobrazovatel-step-down-umw-9001333342","retryCount":3}[39m
[31mERROR[39m[33m PlaywrightCrawler:[39m Request failed and reached maximum retries. page.goto: net::ERR_CONNECTION_CLOSED at https://www.chipdip.ru/product/lm2592hvs-adj-ponizhayuschiy-dc-dc-preobrazovatel-umw-9001633711
Call log:
  - navigating to "https://www.chipdip.ru/product/lm2592hvs-adj-ponizhayuschiy-dc-dc-preobrazovatel-umw-9001633711", waiting until "load"

    at gotoExtended (/Users/lux/Desktop/projects/electromagaz/node_modules/@crawlee/src/internals/utils/playwright-utils.ts:240:17)
    at PlaywrightCrawler._navigationHandler (/Users/lux/Desktop/projects/electromagaz/node_modules/@crawlee/src/internals/playwright-crawler.ts:250:28)
    at PlaywrightCrawler._handleNavigation (/Users/lux/Desktop/projects/electromagaz/node_modules/@crawlee/src/internals/browser-crawler.ts:656:52)
    at async PlaywrightCrawler._runRequestHandler (/Users/lux/Desktop/projects/electromagaz/node_modules/@crawlee/src/internals/browser-crawler.ts:553:13)
    at async PlaywrightCrawler._runRequestHandler (/Users/lux/Desktop/projects/electromagaz/node_modules/@crawlee/src/internals/playwright-crawler.ts:243:9)
    at async wrap (/Users/lux/Desktop/projects/electromagaz/node_modules/@apify/src/index.ts:76:27)[90m {"id":"CYl7Wvm1m1nguyN","url":"https://www.chipdip.ru/product/lm2592hvs-adj-ponizhayuschiy-dc-dc-preobrazovatel-umw-9001633711","method":"GET","uniqueKey":"https://www.chipdip.ru/product/lm2592hvs-adj-ponizhayuschiy-dc-dc-preobrazovatel-umw-9001633711"}[39m
[32mINFO[39m [33m PlaywrightCrawler:Statistics:[39m PlaywrightCrawler request statistics:[90m {"requestAvgFailedDurationMillis":85972,"requestAvgFinishedDurationMillis":42216,"requestsFinishedPerMinute":4,"requestsFailedPerMinute":0,"requestTotalDurationMillis":1014733,"requestsTotal":23,"crawlerRuntimeMillis":360022,"retryHistogram":[18,3,1,1]}[39m
[32mINFO[39m [33m PlaywrightCrawler:AutoscaledPool:[39m state[90m {"currentConcurrency":7,"desiredConcurrency":10,"systemStatus":{"isSystemIdle":true,"memInfo":{"isOverloaded":false,"limitRatio":0.2,"actualRatio":0},"eventLoopInfo":{"isOverloaded":false,"limitRatio":0.6,"actualRatio":0},"cpuInfo":{"isOverloaded":false,"limitRatio":0.4,"actualRatio":0},"clientInfo":{"isOverloaded":false,"limitRatio":0.3,"actualRatio":0}}}[39m
[33mWARN[39m [33m PlaywrightCrawler:[39m Reclaiming failed request back to the list or queue. page.goto: net::ERR_CONNECTION_CLOSED at https://www.chipdip.ru/product/lm2594hvm-5.0-dc-dc-preobrazovatel-step-down-umw-9001106134
Call log:
  - navigating to "https://www.chipdip.ru/product/lm2594hvm-5.0-dc-dc-preobrazovatel-step-down-umw-9001106134", waiting until "load"

[90m {"id":"QVe521CVX1PLDXO","url":"https://www.chipdip.ru/product/lm2594hvm-5.0-dc-dc-preobrazovatel-step-down-umw-9001106134","retryCount":3}[39m
[31mERROR[39m[33m PlaywrightCrawler:[39m Request failed and reached maximum retries. page.goto: net::ERR_CONNECTION_CLOSED at https://www.chipdip.ru/product/lm2594hvm-12-dc-dc-preobrazovatel-step-down-uvh-4.5-60v-umw-9001169282
Call log:
  - navigating to "https://www.chipdip.ru/product/lm2594hvm-12-dc-dc-preobrazovatel-step-down-uvh-4.5-60v-umw-9001169282", waiting until "load"

    at gotoExtended (/Users/lux/Desktop/projects/electromagaz/node_modules/@crawlee/src/internals/utils/playwright-utils.ts:240:17)
    at PlaywrightCrawler._navigationHandler (/Users/lux/Desktop/projects/electromagaz/node_modules/@crawlee/src/internals/playwright-crawler.ts:250:28)
    at PlaywrightCrawler._handleNavigation (/Users/lux/Desktop/projects/electromagaz/node_modules/@crawlee/src/internals/browser-crawler.ts:656:52)
    at async PlaywrightCrawler._runRequestHandler (/Users/lux/Desktop/projects/electromagaz/node_modules/@crawlee/src/internals/browser-crawler.ts:553:13)
    at async PlaywrightCrawler._runRequestHandler (/Users/lux/Desktop/projects/electromagaz/node_modules/@crawlee/src/internals/playwright-crawler.ts:243:9)
    at async wrap (/Users/lux/Desktop/projects/electromagaz/node_modules/@apify/src/index.ts:76:27)[90m {"id":"sSRLUJpia8ku93i","url":"https://www.chipdip.ru/product/lm2594hvm-12-dc-dc-preobrazovatel-step-down-uvh-4.5-60v-umw-9001169282","method":"GET","uniqueKey":"https://www.chipdip.ru/product/lm2594hvm-12-dc-dc-preobrazovatel-step-down-uvh-4.5-60v-umw-9001169282"}[39m
[31mERROR[39m[33m PlaywrightCrawler:[39m Request failed and reached maximum retries. page.goto: net::ERR_CONNECTION_CLOSED at https://www.chipdip.ru/product/lm2592hvs-5.0-ponizhayuschiy-dc-dc-preobrazovatel-umw-9001633712
Call log:
  - navigating to "https://www.chipdip.ru/product/lm2592hvs-5.0-ponizhayuschiy-dc-dc-preobrazovatel-umw-9001633712", waiting until "load"

    at gotoExtended (/Users/lux/Desktop/projects/electromagaz/node_modules/@crawlee/src/internals/utils/playwright-utils.ts:240:17)
    at PlaywrightCrawler._navigationHandler (/Users/lux/Desktop/projects/electromagaz/node_modules/@crawlee/src/internals/playwright-crawler.ts:250:28)
    at PlaywrightCrawler._handleNavigation (/Users/lux/Desktop/projects/electromagaz/node_modules/@crawlee/src/internals/browser-crawler.ts:656:52)
    at async PlaywrightCrawler._runRequestHandler (/Users/lux/Desktop/projects/electromagaz/node_modules/@crawlee/src/internals/browser-crawler.ts:553:13)
    at async PlaywrightCrawler._runRequestHandler (/Users/lux/Desktop/projects/electromagaz/node_modules/@crawlee/src/internals/playwright-crawler.ts:243:9)
    at async wrap (/Users/lux/Desktop/projects/electromagaz/node_modules/@apify/src/index.ts:76:27)[90m {"id":"gMEQlm9lORV1apl","url":"https://www.chipdip.ru/product/lm2592hvs-5.0-ponizhayuschiy-dc-dc-preobrazovatel-umw-9001633712","method":"GET","uniqueKey":"https://www.chipdip.ru/product/lm2592hvs-5.0-ponizhayuschiy-dc-dc-preobrazovatel-umw-9001633712"}[39m
[31mERROR[39m[33m PlaywrightCrawler:[39m Request failed and reached maximum retries. page.goto: net::ERR_CONNECTION_CLOSED at https://www.chipdip.ru/product/lm2585sx-adj-nopb-dc-dc-preobrazovatel-texas-instruments-302253328
Call log:
  - navigating to "https://www.chipdip.ru/product/lm2585sx-adj-nopb-dc-dc-preobrazovatel-texas-instruments-302253328", waiting until "load"

    at gotoExtended (/Users/lux/Desktop/projects/electromagaz/node_modules/@crawlee/src/internals/utils/playwright-utils.ts:240:17)
    at PlaywrightCrawler._navigationHandler (/Users/lux/Desktop/projects/electromagaz/node_modules/@crawlee/src/internals/playwright-crawler.ts:250:28)
    at PlaywrightCrawler._handleNavigation (/Users/lux/Desktop/projects/electromagaz/node_modules/@crawlee/src/internals/browser-crawler.ts:656:52)
    at async PlaywrightCrawler._runRequestHandler (/Users/lux/Desktop/projects/electromagaz/node_modules/@crawlee/src/internals/browser-crawler.ts:553:13)
    at async PlaywrightCrawler._runRequestHandler (/Users/lux/Desktop/projects/electromagaz/node_modules/@crawlee/src/internals/playwright-crawler.ts:243:9)
    at async wrap (/Users/lux/Desktop/projects/electromagaz/node_modules/@apify/src/index.ts:76:27)[90m {"id":"3drFvw3CxIHKpFT","url":"https://www.chipdip.ru/product/lm2585sx-adj-nopb-dc-dc-preobrazovatel-texas-instruments-302253328","method":"GET","uniqueKey":"https://www.chipdip.ru/product/lm2585sx-adj-nopb-dc-dc-preobrazovatel-texas-instruments-302253328"}[39m
[31mERROR[39m[33m PlaywrightCrawler:[39m Request failed and reached maximum retries. page.goto: net::ERR_CONNECTION_CLOSED at https://www.chipdip.ru/product/lm2591hvs-adj-ponizhayuschiy-dc-dc-preobrazovatel-umw-9001633714
Call log:
  - navigating to "https://www.chipdip.ru/product/lm2591hvs-adj-ponizhayuschiy-dc-dc-preobrazovatel-umw-9001633714", waiting until "load"

    at gotoExtended (/Users/lux/Desktop/projects/electromagaz/node_modules/@crawlee/src/internals/utils/playwright-utils.ts:240:17)
    at PlaywrightCrawler._navigationHandler (/Users/lux/Desktop/projects/electromagaz/node_modules/@crawlee/src/internals/playwright-crawler.ts:250:28)
    at PlaywrightCrawler._handleNavigation (/Users/lux/Desktop/projects/electromagaz/node_modules/@crawlee/src/internals/browser-crawler.ts:656:52)
    at async PlaywrightCrawler._runRequestHandler (/Users/lux/Desktop/projects/electromagaz/node_modules/@crawlee/src/internals/browser-crawler.ts:553:13)
    at async PlaywrightCrawler._runRequestHandler (/Users/lux/Desktop/projects/electromagaz/node_modules/@crawlee/src/internals/playwright-crawler.ts:243:9)
    at async wrap (/Users/lux/Desktop/projects/electromagaz/node_modules/@apify/src/index.ts:76:27)[90m {"id":"pnHxnyDcYEXPL4T","url":"https://www.chipdip.ru/product/lm2591hvs-adj-ponizhayuschiy-dc-dc-preobrazovatel-umw-9001633714","method":"GET","uniqueKey":"https://www.chipdip.ru/product/lm2591hvs-adj-ponizhayuschiy-dc-dc-preobrazovatel-umw-9001633714"}[39m
[31mERROR[39m[33m PlaywrightCrawler:[39m Request failed and reached maximum retries. page.goto: net::ERR_CONNECTION_CLOSED at https://www.chipdip.ru/product/lm2577t-adj-nopb-impulsnyy-povyshayuschiy-texas-instruments-37828
Call log:
  - navigating to "https://www.chipdip.ru/product/lm2577t-adj-nopb-impulsnyy-povyshayuschiy-texas-instruments-37828", waiting until "load"

    at gotoExtended (/Users/lux/Desktop/projects/electromagaz/node_modules/@crawlee/src/internals/utils/playwright-utils.ts:240:17)
    at PlaywrightCrawler._navigationHandler (/Users/lux/Desktop/projects/electromagaz/node_modules/@crawlee/src/internals/playwright-crawler.ts:250:28)
    at PlaywrightCrawler._handleNavigation (/Users/lux/Desktop/projects/electromagaz/node_modules/@crawlee/src/internals/browser-crawler.ts:656:52)
    at async PlaywrightCrawler._runRequestHandler (/Users/lux/Desktop/projects/electromagaz/node_modules/@crawlee/src/internals/browser-crawler.ts:553:13)
    at async PlaywrightCrawler._runRequestHandler (/Users/lux/Desktop/projects/electromagaz/node_modules/@crawlee/src/internals/playwright-crawler.ts:243:9)
    at async wrap (/Users/lux/Desktop/projects/electromagaz/node_modules/@apify/src/index.ts:76:27)[90m {"id":"PIssvNM1KbCRGHd","url":"https://www.chipdip.ru/product/lm2577t-adj-nopb-impulsnyy-povyshayuschiy-texas-instruments-37828","method":"GET","uniqueKey":"https://www.chipdip.ru/product/lm2577t-adj-nopb-impulsnyy-povyshayuschiy-texas-instruments-37828"}[39m
[31mERROR[39m[33m PlaywrightCrawler:[39m Request failed and reached maximum retries. page.goto: net::ERR_CONNECTION_CLOSED at https://www.chipdip.ru/product/lm2594hvm-3.3-dc-dc-preobrazovatel-step-down-umw-9001333342
Call log:
  - navigating to "https://www.chipdip.ru/product/lm2594hvm-3.3-dc-dc-preobrazovatel-step-down-umw-9001333342", waiting until "load"

    at gotoExtended (/Users/lux/Desktop/projects/electromagaz/node_modules/@crawlee/src/internals/utils/playwright-utils.ts:240:17)
    at PlaywrightCrawler._navigationHandler (/Users/lux/Desktop/projects/electromagaz/node_modules/@crawlee/src/internals/playwright-crawler.ts:250:28)
    at PlaywrightCrawler._handleNavigation (/Users/lux/Desktop/projects/electromagaz/node_modules/@crawlee/src/internals/browser-crawler.ts:656:52)
    at async PlaywrightCrawler._runRequestHandler (/Users/lux/Desktop/projects/electromagaz/node_modules/@crawlee/src/internals/browser-crawler.ts:553:13)
    at async PlaywrightCrawler._runRequestHandler (/Users/lux/Desktop/projects/electromagaz/node_modules/@crawlee/src/internals/playwright-crawler.ts:243:9)
    at async wrap (/Users/lux/Desktop/projects/electromagaz/node_modules/@apify/src/index.ts:76:27)[90m {"id":"OuW4RQ3bmxCJpH1","url":"https://www.chipdip.ru/product/lm2594hvm-3.3-dc-dc-preobrazovatel-step-down-umw-9001333342","method":"GET","uniqueKey":"https://www.chipdip.ru/product/lm2594hvm-3.3-dc-dc-preobrazovatel-step-down-umw-9001333342"}[39m
[32mINFO[39m [33m PlaywrightCrawler:Statistics:[39m PlaywrightCrawler request statistics:[90m {"requestAvgFailedDurationMillis":51245,"requestAvgFinishedDurationMillis":42216,"requestsFinishedPerMinute":3,"requestsFailedPerMinute":0,"requestTotalDurationMillis":1287477,"requestsTotal":29,"crawlerRuntimeMillis":420024,"retryHistogram":[18,3,1,6,1]}[39m
[32mINFO[39m [33m PlaywrightCrawler:AutoscaledPool:[39m state[90m {"currentConcurrency":1,"desiredConcurrency":10,"systemStatus":{"isSystemIdle":true,"memInfo":{"isOverloaded":false,"limitRatio":0.2,"actualRatio":0},"eventLoopInfo":{"isOverloaded":false,"limitRatio":0.6,"actualRatio":0},"cpuInfo":{"isOverloaded":false,"limitRatio":0.4,"actualRatio":0},"clientInfo":{"isOverloaded":false,"limitRatio":0.3,"actualRatio":0}}}[39m
[32mINFO[39m [33m PlaywrightCrawler:Statistics:[39m PlaywrightCrawler request statistics:[90m {"requestAvgFailedDurationMillis":51245,"requestAvgFinishedDurationMillis":42216,"requestsFinishedPerMinute":3,"requestsFailedPerMinute":0,"requestTotalDurationMillis":1287477,"requestsTotal":29,"crawlerRuntimeMillis":480031,"retryHistogram":[18,3,1,6,1]}[39m
[32mINFO[39m [33m PlaywrightCrawler:AutoscaledPool:[39m state[90m {"currentConcurrency":1,"desiredConcurrency":10,"systemStatus":{"isSystemIdle":true,"memInfo":{"isOverloaded":false,"limitRatio":0.2,"actualRatio":0},"eventLoopInfo":{"isOverloaded":false,"limitRatio":0.6,"actualRatio":0},"cpuInfo":{"isOverloaded":false,"limitRatio":0.4,"actualRatio":0},"clientInfo":{"isOverloaded":false,"limitRatio":0.3,"actualRatio":0}}}[39m
[31mERROR[39m[33m PlaywrightCrawler:[39m Request failed and reached maximum retries. Navigation timed out after 120 seconds.[90m {"id":"QVe521CVX1PLDXO","url":"https://www.chipdip.ru/product/lm2594hvm-5.0-dc-dc-preobrazovatel-step-down-umw-9001106134","method":"GET","uniqueKey":"https://www.chipdip.ru/product/lm2594hvm-5.0-dc-dc-preobrazovatel-step-down-umw-9001106134"}[39m
[32mINFO[39m [33m PlaywrightCrawler:[39m All requests from the queue have been processed, the crawler will shut down.
[32mINFO[39m [33m PlaywrightCrawler:[39m Final request statistics:[90m {"requestsFinished":22,"requestsFailed":8,"retryHistogram":[18,3,1,7,1],"requestAvgFailedDurationMillis":59857,"requestAvgFinishedDurationMillis":42216,"requestsFinishedPerMinute":3,"requestsFailedPerMinute":0,"requestTotalDurationMillis":1407615,"requestsTotal":30,"crawlerRuntimeMillis":480326}[39m
[32mINFO[39m [33m PlaywrightCrawler:[39m Error analysis:[90m {"totalErrors":8,"uniqueErrors":2,"mostCommonErrors":["7x: page.goto: net::ERR_CONNECTION_CLOSED at _ (/Users/lux/Desktop/projects/electromagaz/node_modules/@crawlee/src/internals/utils/playwright-utils.ts:240:17)","1x: Navigation timed out after 120 seconds. (/Users/lux/Desktop/projects/electromagaz/node_modules/@crawlee/src/crawlers/crawler_utils.ts:13:11)"]}[39m
[32mINFO[39m [33m PlaywrightCrawler:[39m Finished! Total 30 requests: 22 succeeded, 8 failed.[90m {"terminal":true}[39m
✅ Batch completed. Processed: 90/2000

🔄 Batch 4: Processing 30 products with proxy p.webshare.io:80
[32mINFO[39m [33m PlaywrightCrawler:[39m Starting the crawler.
[32mINFO[39m [33m PlaywrightCrawler:Statistics:[39m PlaywrightCrawler request statistics:[90m {"requestAvgFailedDurationMillis":null,"requestAvgFinishedDurationMillis":null,"requestsFinishedPerMinute":0,"requestsFailedPerMinute":0,"requestTotalDurationMillis":0,"requestsTotal":0,"crawlerRuntimeMillis":60115,"retryHistogram":[]}[39m
[32mINFO[39m [33m PlaywrightCrawler:AutoscaledPool:[39m state[90m {"currentConcurrency":2,"desiredConcurrency":4,"systemStatus":{"isSystemIdle":true,"memInfo":{"isOverloaded":false,"limitRatio":0.2,"actualRatio":0},"eventLoopInfo":{"isOverloaded":false,"limitRatio":0.6,"actualRatio":0},"cpuInfo":{"isOverloaded":false,"limitRatio":0.4,"actualRatio":0},"clientInfo":{"isOverloaded":false,"limitRatio":0.3,"actualRatio":0}}}[39m
[33mWARN[39m [33m PlaywrightCrawler:[39m Reclaiming failed request back to the list or queue. page.goto: net::ERR_CONNECTION_CLOSED at https://www.chipdip.ru/product/lm2595s-adj-ponizhayuschiy-dc-dc-preobrazovatel-umw-9001633729
Call log:
  - navigating to "https://www.chipdip.ru/product/lm2595s-adj-ponizhayuschiy-dc-dc-preobrazovatel-umw-9001633729", waiting until "load"

[90m {"id":"cC1wHc0rKDyGakB","url":"https://www.chipdip.ru/product/lm2595s-adj-ponizhayuschiy-dc-dc-preobrazovatel-umw-9001633729","retryCount":1}[39m
[32mINFO[39m [33m PlaywrightCrawler:Statistics:[39m PlaywrightCrawler request statistics:[90m {"requestAvgFailedDurationMillis":null,"requestAvgFinishedDurationMillis":null,"requestsFinishedPerMinute":0,"requestsFailedPerMinute":0,"requestTotalDurationMillis":0,"requestsTotal":0,"crawlerRuntimeMillis":120114,"retryHistogram":[]}[39m
[32mINFO[39m [33m PlaywrightCrawler:AutoscaledPool:[39m state[90m {"currentConcurrency":4,"desiredConcurrency":6,"systemStatus":{"isSystemIdle":true,"memInfo":{"isOverloaded":false,"limitRatio":0.2,"actualRatio":0},"eventLoopInfo":{"isOverloaded":false,"limitRatio":0.6,"actualRatio":0},"cpuInfo":{"isOverloaded":false,"limitRatio":0.4,"actualRatio":0},"clientInfo":{"isOverloaded":false,"limitRatio":0.3,"actualRatio":0}}}[39m
[33mWARN[39m [33m PlaywrightCrawler:[39m Reclaiming failed request back to the list or queue. Navigation timed out after 120 seconds.[90m {"id":"rJ8PkT6bSn7GgRf","url":"https://www.chipdip.ru/product/lm2595s-5.0-ponizhayuschiy-dc-dc-preobrazovatel-umw-9001633728","retryCount":1}[39m
[33mWARN[39m [33m PlaywrightCrawler:[39m Reclaiming failed request back to the list or queue. page.goto: net::ERR_TIMED_OUT at https://www.chipdip.ru/product/lm2596hvgr-5.0-ponizhayuschiy-dc-dc-preobrazovatel-htc-9000660820
Call log:
  - navigating to "https://www.chipdip.ru/product/lm2596hvgr-5.0-ponizhayuschiy-dc-dc-preobrazovatel-htc-9000660820", waiting until "load"

[90m {"id":"ZMPeDdqWKHs9Lg9","url":"https://www.chipdip.ru/product/lm2596hvgr-5.0-ponizhayuschiy-dc-dc-preobrazovatel-htc-9000660820","retryCount":1}[39m
[33mWARN[39m [33m PlaywrightCrawler:[39m Reclaiming failed request back to the list or queue. page.goto: net::ERR_TIMED_OUT at https://www.chipdip.ru/product/lm2596hvgr-adj-ponizhayuschiy-dc-dc-preobrazovatel-htc-9000543844
Call log:
  - navigating to "https://www.chipdip.ru/product/lm2596hvgr-adj-ponizhayuschiy-dc-dc-preobrazovatel-htc-9000543844", waiting until "load"

[90m {"id":"EPJkvnOoUd2N18E","url":"https://www.chipdip.ru/product/lm2596hvgr-adj-ponizhayuschiy-dc-dc-preobrazovatel-htc-9000543844","retryCount":1}[39m
[33mWARN[39m [33m PlaywrightCrawler:[39m Reclaiming failed request back to the list or queue. page.goto: net::ERR_TIMED_OUT at https://www.chipdip.ru/product/lm2596hvgt-adj-ponizhayuschiy-dc-dc-preobrazovatel-htc-9000543845
Call log:
  - navigating to "https://www.chipdip.ru/product/lm2596hvgt-adj-ponizhayuschiy-dc-dc-preobrazovatel-htc-9000543845", waiting until "load"

[90m {"id":"dQrv4CLlVmXICJh","url":"https://www.chipdip.ru/product/lm2596hvgt-adj-ponizhayuschiy-dc-dc-preobrazovatel-htc-9000543845","retryCount":1}[39m
[33mWARN[39m [33m PlaywrightCrawler:[39m Reclaiming failed request back to the list or queue. page.goto: net::ERR_ABORTED at https://www.chipdip.ru/product/lm2596dsadjr4g-ponizhayuschiy-regulyator-on-semiconductor-9000091160
Call log:
  - navigating to "https://www.chipdip.ru/product/lm2596dsadjr4g-ponizhayuschiy-regulyator-on-semiconductor-9000091160", waiting until "load"

[90m {"id":"iYvkhwD8KBzU3ds","url":"https://www.chipdip.ru/product/lm2596dsadjr4g-ponizhayuschiy-regulyator-on-semiconductor-9000091160","retryCount":1}[39m
[33mWARN[39m [33m PlaywrightCrawler:[39m Reclaiming failed request back to the list or queue. page.goto: net::ERR_ABORTED at https://www.chipdip.ru/product/lm2596hvgr-12-ponizhayuschiy-dc-dc-preobrazovatel-htc-9000660821
Call log:
  - navigating to "https://www.chipdip.ru/product/lm2596hvgr-12-ponizhayuschiy-dc-dc-preobrazovatel-htc-9000660821", waiting until "load"

[90m {"id":"gK9WUXiE5L6mt1W","url":"https://www.chipdip.ru/product/lm2596hvgr-12-ponizhayuschiy-dc-dc-preobrazovatel-htc-9000660821","retryCount":1}[39m
[33mWARN[39m [33m PlaywrightCrawler:[39m Reclaiming failed request back to the list or queue. page.goto: Target page, context or browser has been closed
Call log:
  - navigating to "https://www.chipdip.ru/product/lm2596hvgr-3.3-ponizhayuschiy-dc-dc-preobrazovatel-htc-9000660819", waiting until "load"

[90m {"id":"e3esg2tG5SFqeIe","url":"https://www.chipdip.ru/product/lm2596hvgr-3.3-ponizhayuschiy-dc-dc-preobrazovatel-htc-9000660819","retryCount":1}[39m
[33mWARN[39m [33m PlaywrightCrawler:[39m Reclaiming failed request back to the list or queue. browserController.newPage() failed: DqvcEpqh1O1hz9LftqJLQ
Cause:browserContext.newPage: Target page, context or browser has been closed.
[90m {"id":"Zy4eFnjWbOUJHpy","url":"https://www.chipdip.ru/product/lm2596r-adj-ponizhayuschiy-dc-dc-preobrazovatel-uvh-do-htc-9000543843","retryCount":1}[39m
[32mINFO[39m [33m PlaywrightCrawler:[39m Parsing: https://www.chipdip.ru/product/lm2596hvs-adj-ponizhayuschiy-dc-dc-preobrazovatel-umw-9001231215
[32mINFO[39m [33m PlaywrightCrawler:[39m Using proxy: p.webshare.io:80
[31mERROR[39m[33m PlaywrightCrawler:[39m Error parsing product: Error: page.evaluate: Target page, context or browser has been closed
[32mINFO[39m [33m PlaywrightCrawler:[39m Parsing: https://www.chipdip.ru/product/lm2596hvs-12-ponizhayuschiy-dc-dc-preobrazovatel-uvh-do-umw-9001231212
[32mINFO[39m [33m PlaywrightCrawler:[39m Using proxy: p.webshare.io:80
[31mERROR[39m[33m PlaywrightCrawler:[39m Error parsing product: Error: page.evaluate: Target page, context or browser has been closed
[32mINFO[39m [33m PlaywrightCrawler:[39m Parsing: https://www.chipdip.ru/product/lm2596hvs-3.3-ponizhayuschiy-dc-dc-preobrazovatel-umw-9001231208
[32mINFO[39m [33m PlaywrightCrawler:[39m Using proxy: p.webshare.io:80
[31mERROR[39m[33m PlaywrightCrawler:[39m Error parsing product: Error: page.evaluate: Target page, context or browser has been closed
Proxy p.webshare.io:80 marked as unhealthy after 3 failures
[32mINFO[39m [33m PlaywrightCrawler:[39m Parsing: https://www.chipdip.ru/product/lm2596hvs-5.0-ponizhayuschiy-dc-dc-preobrazovatel-umw-9001231211
[32mINFO[39m [33m PlaywrightCrawler:[39m Using proxy: p.webshare.io:80
[31mERROR[39m[33m PlaywrightCrawler:[39m Error parsing product: Error: page.evaluate: Target page, context or browser has been closed
Proxy p.webshare.io:80 marked as unhealthy after 4 failures
[32mINFO[39m [33m PlaywrightCrawler:[39m Parsing: https://www.chipdip.ru/product/lm2621mm-nopb-povyshayuschiy-texas-instruments-5577602908
[32mINFO[39m [33m PlaywrightCrawler:[39m Using proxy: p.webshare.io:80
[32mINFO[39m [33m PlaywrightCrawler:[39m Parsing: https://www.chipdip.ru/product/lm2611amfx-nopb-cuk-preobrazovatel-adj-texas-instruments-9001599785
[32mINFO[39m [33m PlaywrightCrawler:[39m Using proxy: p.webshare.io:80
