🚀 Starting Fast Stealth Parser with Proxy Support...
📦 Categories: dc-dc-preobrazovateli-2010
⚙️  Settings: 10 browsers, 120 req/min, 3-4 sec delays, batch 200 → pause 5 min

📦 Loading proxies from .env.proxies...
✅ Loaded 20000 proxies
✅ Loaded 20000 proxies. Will test each proxy before use.
✅ Proxy manager initialized with 20000 proxies (skipped first 100)

📂 Found 1 categories to parse


[1/1] Processing: DC-DC Преобразователи
🔍 Testing proxy 1/50: yyinovqc-1...
❌ Proxy yyinovqc-1 failed test, marking as unhealthy
🔍 Testing proxy 2/50: yyinovqc-2...
❌ Proxy yyinovqc-2 failed test, marking as unhealthy
🔍 Testing proxy 3/50: yyinovqc-3...
❌ Proxy yyinovqc-3 failed test, marking as unhealthy
🔍 Testing proxy 4/50: yyinovqc-4...
❌ Proxy yyinovqc-4 failed test, marking as unhealthy
🔍 Testing proxy 5/50: yyinovqc-5...
❌ Proxy yyinovqc-5 failed test, marking as unhealthy
🔍 Testing proxy 6/50: yyinovqc-6...
❌ Proxy yyinovqc-6 failed test, marking as unhealthy
🔍 Testing proxy 7/50: yyinovqc-7...
❌ Proxy yyinovqc-7 failed test, marking as unhealthy
🔍 Testing proxy 8/50: yyinovqc-8...
❌ Proxy yyinovqc-8 failed test, marking as unhealthy
🔍 Testing proxy 9/50: yyinovqc-9...
❌ Proxy yyinovqc-9 failed test, marking as unhealthy
🔍 Testing proxy 10/50: yyinovqc-10...
❌ Proxy yyinovqc-10 failed test, marking as unhealthy
🔍 Testing proxy 11/50: yyinovqc-11...
❌ Proxy yyinovqc-11 failed test, marking as unhealthy
🔍 Testing proxy 12/50: yyinovqc-12...
❌ Proxy yyinovqc-12 failed test, marking as unhealthy
🔍 Testing proxy 13/50: yyinovqc-13...
❌ Proxy yyinovqc-13 failed test, marking as unhealthy
🔍 Testing proxy 14/50: yyinovqc-14...
✅ Proxy yyinovqc-14 is working!
🔄 Using proxy: p.webshare.io:80 (yyinovqc-14)
[32mINFO[39m [33m PlaywrightCrawler:[39m Starting the crawler.
[32mINFO[39m [33m PlaywrightCrawler:[39m Fetching catalog: https://www.chipdip.ru/catalog/dc-dc-preobrazovateli-2010
[32mINFO[39m [33m PlaywrightCrawler:[39m Found 20 products on this page
[32mINFO[39m [33m PlaywrightCrawler:[39m Pager element exists
[32mINFO[39m [33m PlaywrightCrawler:[39m Found next page: https://www.chipdip.ru/catalog/dc-dc-preobrazovateli-2010?page=2
[32mINFO[39m [33m PlaywrightCrawler:[39m Fetching catalog: https://www.chipdip.ru/catalog/dc-dc-preobrazovateli-2010?page=2
[33mWARN[39m [33m PlaywrightCrawler:AutoscaledPool:Snapshotter:[39m Memory is critically overloaded. Using 3891 MB of 4096 MB (95%). Consider increasing available memory.
[32mINFO[39m [33m PlaywrightCrawler:[39m Found 20 products on this page
[32mINFO[39m [33m PlaywrightCrawler:[39m Pager element exists
[32mINFO[39m [33m PlaywrightCrawler:[39m Found next page: https://www.chipdip.ru/catalog/dc-dc-preobrazovateli-2010?page=3
[32mINFO[39m [33m PlaywrightCrawler:[39m Fetching catalog: https://www.chipdip.ru/catalog/dc-dc-preobrazovateli-2010?page=3
[32mINFO[39m [33m PlaywrightCrawler:[39m Found 20 products on this page
[32mINFO[39m [33m PlaywrightCrawler:[39m Pager element exists
[32mINFO[39m [33m PlaywrightCrawler:[39m Found next page: https://www.chipdip.ru/catalog/dc-dc-preobrazovateli-2010?page=4
[32mINFO[39m [33m PlaywrightCrawler:[39m Fetching catalog: https://www.chipdip.ru/catalog/dc-dc-preobrazovateli-2010?page=4
[32mINFO[39m [33m PlaywrightCrawler:[39m Found 20 products on this page
[32mINFO[39m [33m PlaywrightCrawler:[39m Pager element exists
[32mINFO[39m [33m PlaywrightCrawler:[39m Found next page: https://www.chipdip.ru/catalog/dc-dc-preobrazovateli-2010?page=5
[32mINFO[39m [33m PlaywrightCrawler:[39m Fetching catalog: https://www.chipdip.ru/catalog/dc-dc-preobrazovateli-2010?page=5
[32mINFO[39m [33m PlaywrightCrawler:Statistics:[39m PlaywrightCrawler request statistics:[90m {"requestAvgFailedDurationMillis":null,"requestAvgFinishedDurationMillis":13960,"requestsFinishedPerMinute":4,"requestsFailedPerMinute":0,"requestTotalDurationMillis":55839,"requestsTotal":4,"crawlerRuntimeMillis":60131,"retryHistogram":[4]}[39m
[32mINFO[39m [33m PlaywrightCrawler:AutoscaledPool:[39m state[90m {"currentConcurrency":1,"desiredConcurrency":1,"systemStatus":{"isSystemIdle":false,"memInfo":{"isOverloaded":true,"limitRatio":0.2,"actualRatio":1},"eventLoopInfo":{"isOverloaded":false,"limitRatio":0.6,"actualRatio":0},"cpuInfo":{"isOverloaded":false,"limitRatio":0.4,"actualRatio":0},"clientInfo":{"isOverloaded":false,"limitRatio":0.3,"actualRatio":0}}}[39m
[32mINFO[39m [33m PlaywrightCrawler:[39m Found 20 products on this page
[32mINFO[39m [33m PlaywrightCrawler:[39m Pager element exists
[32mINFO[39m [33m PlaywrightCrawler:[39m Found next page: https://www.chipdip.ru/catalog/dc-dc-preobrazovateli-2010?page=6
[32mINFO[39m [33m PlaywrightCrawler:[39m Fetching catalog: https://www.chipdip.ru/catalog/dc-dc-preobrazovateli-2010?page=6
[32mINFO[39m [33m PlaywrightCrawler:[39m Found 20 products on this page
[32mINFO[39m [33m PlaywrightCrawler:[39m Pager element exists
[32mINFO[39m [33m PlaywrightCrawler:[39m Found next page: https://www.chipdip.ru/catalog/dc-dc-preobrazovateli-2010?page=7
[32mINFO[39m [33m PlaywrightCrawler:[39m Fetching catalog: https://www.chipdip.ru/catalog/dc-dc-preobrazovateli-2010?page=7
[32mINFO[39m [33m PlaywrightCrawler:[39m Found 20 products on this page
[32mINFO[39m [33m PlaywrightCrawler:[39m Pager element exists
[32mINFO[39m [33m PlaywrightCrawler:[39m Found next page: https://www.chipdip.ru/catalog/dc-dc-preobrazovateli-2010?page=8
[32mINFO[39m [33m PlaywrightCrawler:[39m Fetching catalog: https://www.chipdip.ru/catalog/dc-dc-preobrazovateli-2010?page=8
[32mINFO[39m [33m PlaywrightCrawler:[39m Found 20 products on this page
[32mINFO[39m [33m PlaywrightCrawler:[39m Pager element exists
[32mINFO[39m [33m PlaywrightCrawler:[39m Found next page: https://www.chipdip.ru/catalog/dc-dc-preobrazovateli-2010?page=9
[32mINFO[39m [33m PlaywrightCrawler:[39m Fetching catalog: https://www.chipdip.ru/catalog/dc-dc-preobrazovateli-2010?page=9
[32mINFO[39m [33m PlaywrightCrawler:[39m Found 20 products on this page
[32mINFO[39m [33m PlaywrightCrawler:[39m Pager element exists
[32mINFO[39m [33m PlaywrightCrawler:[39m Found next page: https://www.chipdip.ru/catalog/dc-dc-preobrazovateli-2010?page=10
[32mINFO[39m [33m PlaywrightCrawler:[39m Fetching catalog: https://www.chipdip.ru/catalog/dc-dc-preobrazovateli-2010?page=10
[32mINFO[39m [33m PlaywrightCrawler:Statistics:[39m PlaywrightCrawler request statistics:[90m {"requestAvgFailedDurationMillis":null,"requestAvgFinishedDurationMillis":12812,"requestsFinishedPerMinute":4,"requestsFailedPerMinute":0,"requestTotalDurationMillis":115309,"requestsTotal":9,"crawlerRuntimeMillis":120134,"retryHistogram":[9]}[39m
[32mINFO[39m [33m PlaywrightCrawler:AutoscaledPool:[39m state[90m {"currentConcurrency":1,"desiredConcurrency":1,"systemStatus":{"isSystemIdle":false,"memInfo":{"isOverloaded":true,"limitRatio":0.2,"actualRatio":0.714},"eventLoopInfo":{"isOverloaded":false,"limitRatio":0.6,"actualRatio":0},"cpuInfo":{"isOverloaded":false,"limitRatio":0.4,"actualRatio":0},"clientInfo":{"isOverloaded":false,"limitRatio":0.3,"actualRatio":0}}}[39m
[32mINFO[39m [33m PlaywrightCrawler:[39m Found 20 products on this page
[32mINFO[39m [33m PlaywrightCrawler:[39m Pager element exists
[32mINFO[39m [33m PlaywrightCrawler:[39m Found next page: https://www.chipdip.ru/catalog/dc-dc-preobrazovateli-2010?page=11
[32mINFO[39m [33m PlaywrightCrawler:[39m Fetching catalog: https://www.chipdip.ru/catalog/dc-dc-preobrazovateli-2010?page=11
[32mINFO[39m [33m PlaywrightCrawler:[39m Found 20 products on this page
[32mINFO[39m [33m PlaywrightCrawler:[39m Pager element exists
[32mINFO[39m [33m PlaywrightCrawler:[39m Found next page: https://www.chipdip.ru/catalog/dc-dc-preobrazovateli-2010?page=12
[32mINFO[39m [33m PlaywrightCrawler:[39m Fetching catalog: https://www.chipdip.ru/catalog/dc-dc-preobrazovateli-2010?page=12
[32mINFO[39m [33m PlaywrightCrawler:[39m Found 20 products on this page
[32mINFO[39m [33m PlaywrightCrawler:[39m Pager element exists
[32mINFO[39m [33m PlaywrightCrawler:[39m Found next page: https://www.chipdip.ru/catalog/dc-dc-preobrazovateli-2010?page=13
[32mINFO[39m [33m PlaywrightCrawler:[39m Fetching catalog: https://www.chipdip.ru/catalog/dc-dc-preobrazovateli-2010?page=13
[32mINFO[39m [33m PlaywrightCrawler:[39m Found 20 products on this page
[32mINFO[39m [33m PlaywrightCrawler:[39m Pager element exists
[32mINFO[39m [33m PlaywrightCrawler:[39m Found next page: https://www.chipdip.ru/catalog/dc-dc-preobrazovateli-2010?page=14
[32mINFO[39m [33m PlaywrightCrawler:[39m Fetching catalog: https://www.chipdip.ru/catalog/dc-dc-preobrazovateli-2010?page=14
[32mINFO[39m [33m PlaywrightCrawler:[39m Found 20 products on this page
[32mINFO[39m [33m PlaywrightCrawler:[39m Pager element exists
[32mINFO[39m [33m PlaywrightCrawler:[39m Found next page: https://www.chipdip.ru/catalog/dc-dc-preobrazovateli-2010?page=15
[32mINFO[39m [33m PlaywrightCrawler:[39m Fetching catalog: https://www.chipdip.ru/catalog/dc-dc-preobrazovateli-2010?page=15
[32mINFO[39m [33m PlaywrightCrawler:Statistics:[39m PlaywrightCrawler request statistics:[90m {"requestAvgFailedDurationMillis":null,"requestAvgFinishedDurationMillis":12364,"requestsFinishedPerMinute":5,"requestsFailedPerMinute":0,"requestTotalDurationMillis":173099,"requestsTotal":14,"crawlerRuntimeMillis":180138,"retryHistogram":[14]}[39m
[32mINFO[39m [33m PlaywrightCrawler:AutoscaledPool:[39m state[90m {"currentConcurrency":1,"desiredConcurrency":1,"systemStatus":{"isSystemIdle":false,"memInfo":{"isOverloaded":true,"limitRatio":0.2,"actualRatio":0.5},"eventLoopInfo":{"isOverloaded":false,"limitRatio":0.6,"actualRatio":0},"cpuInfo":{"isOverloaded":false,"limitRatio":0.4,"actualRatio":0},"clientInfo":{"isOverloaded":false,"limitRatio":0.3,"actualRatio":0}}}[39m
[32mINFO[39m [33m PlaywrightCrawler:[39m Found 20 products on this page
[32mINFO[39m [33m PlaywrightCrawler:[39m Pager element exists
[32mINFO[39m [33m PlaywrightCrawler:[39m Found next page: https://www.chipdip.ru/catalog/dc-dc-preobrazovateli-2010?page=16
[32mINFO[39m [33m PlaywrightCrawler:[39m Fetching catalog: https://www.chipdip.ru/catalog/dc-dc-preobrazovateli-2010?page=16
[32mINFO[39m [33m PlaywrightCrawler:[39m Found 20 products on this page
[32mINFO[39m [33m PlaywrightCrawler:[39m Pager element exists
[32mINFO[39m [33m PlaywrightCrawler:[39m Found next page: https://www.chipdip.ru/catalog/dc-dc-preobrazovateli-2010?page=17
[32mINFO[39m [33m PlaywrightCrawler:[39m Fetching catalog: https://www.chipdip.ru/catalog/dc-dc-preobrazovateli-2010?page=17
[32mINFO[39m [33m PlaywrightCrawler:[39m Found 20 products on this page
[32mINFO[39m [33m PlaywrightCrawler:[39m Pager element exists
[32mINFO[39m [33m PlaywrightCrawler:[39m Found next page: https://www.chipdip.ru/catalog/dc-dc-preobrazovateli-2010?page=18
[32mINFO[39m [33m PlaywrightCrawler:[39m Fetching catalog: https://www.chipdip.ru/catalog/dc-dc-preobrazovateli-2010?page=18
[32mINFO[39m [33m PlaywrightCrawler:[39m Found 20 products on this page
[32mINFO[39m [33m PlaywrightCrawler:[39m Pager element exists
[32mINFO[39m [33m PlaywrightCrawler:[39m Found next page: https://www.chipdip.ru/catalog/dc-dc-preobrazovateli-2010?page=19
[32mINFO[39m [33m PlaywrightCrawler:[39m Fetching catalog: https://www.chipdip.ru/catalog/dc-dc-preobrazovateli-2010?page=19
[32mINFO[39m [33m PlaywrightCrawler:[39m Found 20 products on this page
[32mINFO[39m [33m PlaywrightCrawler:[39m Pager element exists
[32mINFO[39m [33m PlaywrightCrawler:[39m Found next page: https://www.chipdip.ru/catalog/dc-dc-preobrazovateli-2010?page=20
[32mINFO[39m [33m PlaywrightCrawler:[39m Fetching catalog: https://www.chipdip.ru/catalog/dc-dc-preobrazovateli-2010?page=20
[32mINFO[39m [33m PlaywrightCrawler:[39m Found 20 products on this page
[32mINFO[39m [33m PlaywrightCrawler:[39m Pager element exists
[32mINFO[39m [33m PlaywrightCrawler:[39m Found next page: https://www.chipdip.ru/catalog/dc-dc-preobrazovateli-2010?page=21
[32mINFO[39m [33m PlaywrightCrawler:[39m Fetching catalog: https://www.chipdip.ru/catalog/dc-dc-preobrazovateli-2010?page=21
[32mINFO[39m [33m PlaywrightCrawler:Statistics:[39m PlaywrightCrawler request statistics:[90m {"requestAvgFailedDurationMillis":null,"requestAvgFinishedDurationMillis":11769,"requestsFinishedPerMinute":5,"requestsFailedPerMinute":0,"requestTotalDurationMillis":235382,"requestsTotal":20,"crawlerRuntimeMillis":240142,"retryHistogram":[20]}[39m
[32mINFO[39m [33m PlaywrightCrawler:AutoscaledPool:[39m state[90m {"currentConcurrency":1,"desiredConcurrency":1,"systemStatus":{"isSystemIdle":false,"memInfo":{"isOverloaded":true,"limitRatio":0.2,"actualRatio":0.821},"eventLoopInfo":{"isOverloaded":false,"limitRatio":0.6,"actualRatio":0},"cpuInfo":{"isOverloaded":false,"limitRatio":0.4,"actualRatio":0},"clientInfo":{"isOverloaded":false,"limitRatio":0.3,"actualRatio":0}}}[39m
[32mINFO[39m [33m PlaywrightCrawler:[39m Found 20 products on this page
[32mINFO[39m [33m PlaywrightCrawler:[39m Pager element exists
[32mINFO[39m [33m PlaywrightCrawler:[39m Found next page: https://www.chipdip.ru/catalog/dc-dc-preobrazovateli-2010?page=22
[32mINFO[39m [33m PlaywrightCrawler:[39m Fetching catalog: https://www.chipdip.ru/catalog/dc-dc-preobrazovateli-2010?page=22
[32mINFO[39m [33m PlaywrightCrawler:[39m Found 20 products on this page
[32mINFO[39m [33m PlaywrightCrawler:[39m Pager element exists
[32mINFO[39m [33m PlaywrightCrawler:[39m Found next page: https://www.chipdip.ru/catalog/dc-dc-preobrazovateli-2010?page=23
[32mINFO[39m [33m PlaywrightCrawler:[39m Fetching catalog: https://www.chipdip.ru/catalog/dc-dc-preobrazovateli-2010?page=23
[32mINFO[39m [33m PlaywrightCrawler:[39m Found 20 products on this page
[32mINFO[39m [33m PlaywrightCrawler:[39m Pager element exists
[32mINFO[39m [33m PlaywrightCrawler:[39m Found next page: https://www.chipdip.ru/catalog/dc-dc-preobrazovateli-2010?page=24
[32mINFO[39m [33m PlaywrightCrawler:[39m Fetching catalog: https://www.chipdip.ru/catalog/dc-dc-preobrazovateli-2010?page=24
[32mINFO[39m [33m PlaywrightCrawler:[39m Found 20 products on this page
[32mINFO[39m [33m PlaywrightCrawler:[39m Pager element exists
[32mINFO[39m [33m PlaywrightCrawler:[39m Found next page: https://www.chipdip.ru/catalog/dc-dc-preobrazovateli-2010?page=25
[32mINFO[39m [33m PlaywrightCrawler:[39m Fetching catalog: https://www.chipdip.ru/catalog/dc-dc-preobrazovateli-2010?page=25
[32mINFO[39m [33m PlaywrightCrawler:[39m Found 20 products on this page
[32mINFO[39m [33m PlaywrightCrawler:[39m Pager element exists
[32mINFO[39m [33m PlaywrightCrawler:[39m Found next page: https://www.chipdip.ru/catalog/dc-dc-preobrazovateli-2010?page=26
[32mINFO[39m [33m PlaywrightCrawler:[39m Fetching catalog: https://www.chipdip.ru/catalog/dc-dc-preobrazovateli-2010?page=26
[32mINFO[39m [33m PlaywrightCrawler:[39m Found 20 products on this page
[32mINFO[39m [33m PlaywrightCrawler:[39m Pager element exists
[32mINFO[39m [33m PlaywrightCrawler:[39m Found next page: https://www.chipdip.ru/catalog/dc-dc-preobrazovateli-2010?page=27
[32mINFO[39m [33m PlaywrightCrawler:[39m Fetching catalog: https://www.chipdip.ru/catalog/dc-dc-preobrazovateli-2010?page=27
[32mINFO[39m [33m PlaywrightCrawler:[39m Found 20 products on this page
[32mINFO[39m [33m PlaywrightCrawler:[39m Pager element exists
[32mINFO[39m [33m PlaywrightCrawler:[39m Found next page: https://www.chipdip.ru/catalog/dc-dc-preobrazovateli-2010?page=28
[32mINFO[39m [33m PlaywrightCrawler:[39m Fetching catalog: https://www.chipdip.ru/catalog/dc-dc-preobrazovateli-2010?page=28
[32mINFO[39m [33m PlaywrightCrawler:Statistics:[39m PlaywrightCrawler request statistics:[90m {"requestAvgFailedDurationMillis":null,"requestAvgFinishedDurationMillis":10907,"requestsFinishedPerMinute":5,"requestsFailedPerMinute":0,"requestTotalDurationMillis":294493,"requestsTotal":27,"crawlerRuntimeMillis":300146,"retryHistogram":[27]}[39m
[32mINFO[39m [33m PlaywrightCrawler:AutoscaledPool:[39m state[90m {"currentConcurrency":1,"desiredConcurrency":1,"systemStatus":{"isSystemIdle":false,"memInfo":{"isOverloaded":true,"limitRatio":0.2,"actualRatio":0.751},"eventLoopInfo":{"isOverloaded":false,"limitRatio":0.6,"actualRatio":0},"cpuInfo":{"isOverloaded":false,"limitRatio":0.4,"actualRatio":0},"clientInfo":{"isOverloaded":false,"limitRatio":0.3,"actualRatio":0}}}[39m
[32mINFO[39m [33m PlaywrightCrawler:[39m Found 20 products on this page
[32mINFO[39m [33m PlaywrightCrawler:[39m Pager element exists
[32mINFO[39m [33m PlaywrightCrawler:[39m Found next page: https://www.chipdip.ru/catalog/dc-dc-preobrazovateli-2010?page=29
[32mINFO[39m [33m PlaywrightCrawler:[39m Fetching catalog: https://www.chipdip.ru/catalog/dc-dc-preobrazovateli-2010?page=29
[32mINFO[39m [33m PlaywrightCrawler:[39m Found 20 products on this page
[32mINFO[39m [33m PlaywrightCrawler:[39m Pager element exists
[32mINFO[39m [33m PlaywrightCrawler:[39m Found next page: https://www.chipdip.ru/catalog/dc-dc-preobrazovateli-2010?page=30
[32mINFO[39m [33m PlaywrightCrawler:[39m Fetching catalog: https://www.chipdip.ru/catalog/dc-dc-preobrazovateli-2010?page=30
[32mINFO[39m [33m PlaywrightCrawler:[39m Found 20 products on this page
[32mINFO[39m [33m PlaywrightCrawler:[39m Pager element exists
[32mINFO[39m [33m PlaywrightCrawler:[39m Found next page: https://www.chipdip.ru/catalog/dc-dc-preobrazovateli-2010?page=31
[32mINFO[39m [33m PlaywrightCrawler:[39m Fetching catalog: https://www.chipdip.ru/catalog/dc-dc-preobrazovateli-2010?page=31
[32mINFO[39m [33m PlaywrightCrawler:[39m Found 20 products on this page
[32mINFO[39m [33m PlaywrightCrawler:[39m Pager element exists
[32mINFO[39m [33m PlaywrightCrawler:[39m Found next page: https://www.chipdip.ru/catalog/dc-dc-preobrazovateli-2010?page=32
[32mINFO[39m [33m PlaywrightCrawler:[39m Fetching catalog: https://www.chipdip.ru/catalog/dc-dc-preobrazovateli-2010?page=32
[32mINFO[39m [33m PlaywrightCrawler:[39m Found 20 products on this page
[32mINFO[39m [33m PlaywrightCrawler:[39m Pager element exists
[32mINFO[39m [33m PlaywrightCrawler:[39m Found next page: https://www.chipdip.ru/catalog/dc-dc-preobrazovateli-2010?page=33
[32mINFO[39m [33m PlaywrightCrawler:[39m Fetching catalog: https://www.chipdip.ru/catalog/dc-dc-preobrazovateli-2010?page=33
[32mINFO[39m [33m PlaywrightCrawler:[39m Found 20 products on this page
[32mINFO[39m [33m PlaywrightCrawler:[39m Pager element exists
[32mINFO[39m [33m PlaywrightCrawler:[39m Found next page: https://www.chipdip.ru/catalog/dc-dc-preobrazovateli-2010?page=34
[32mINFO[39m [33m PlaywrightCrawler:[39m Fetching catalog: https://www.chipdip.ru/catalog/dc-dc-preobrazovateli-2010?page=34
[32mINFO[39m [33m PlaywrightCrawler:[39m Found 20 products on this page
[32mINFO[39m [33m PlaywrightCrawler:[39m Pager element exists
[32mINFO[39m [33m PlaywrightCrawler:[39m Found next page: https://www.chipdip.ru/catalog/dc-dc-preobrazovateli-2010?page=35
[32mINFO[39m [33m PlaywrightCrawler:[39m Fetching catalog: https://www.chipdip.ru/catalog/dc-dc-preobrazovateli-2010?page=35
[32mINFO[39m [33m PlaywrightCrawler:[39m Found 20 products on this page
[32mINFO[39m [33m PlaywrightCrawler:[39m Pager element exists
[32mINFO[39m [33m PlaywrightCrawler:[39m Found next page: https://www.chipdip.ru/catalog/dc-dc-preobrazovateli-2010?page=36
[32mINFO[39m [33m PlaywrightCrawler:[39m Fetching catalog: https://www.chipdip.ru/catalog/dc-dc-preobrazovateli-2010?page=36
[32mINFO[39m [33m PlaywrightCrawler:Statistics:[39m PlaywrightCrawler request statistics:[90m {"requestAvgFailedDurationMillis":null,"requestAvgFinishedDurationMillis":10199,"requestsFinishedPerMinute":6,"requestsFailedPerMinute":0,"requestTotalDurationMillis":356971,"requestsTotal":35,"crawlerRuntimeMillis":360149,"retryHistogram":[35]}[39m
[32mINFO[39m [33m PlaywrightCrawler:AutoscaledPool:[39m state[90m {"currentConcurrency":1,"desiredConcurrency":1,"systemStatus":{"isSystemIdle":false,"memInfo":{"isOverloaded":true,"limitRatio":0.2,"actualRatio":0.857},"eventLoopInfo":{"isOverloaded":false,"limitRatio":0.6,"actualRatio":0},"cpuInfo":{"isOverloaded":false,"limitRatio":0.4,"actualRatio":0},"clientInfo":{"isOverloaded":false,"limitRatio":0.3,"actualRatio":0}}}[39m
[32mINFO[39m [33m PlaywrightCrawler:[39m Found 20 products on this page
[32mINFO[39m [33m PlaywrightCrawler:[39m Pager element exists
[32mINFO[39m [33m PlaywrightCrawler:[39m Found next page: https://www.chipdip.ru/catalog/dc-dc-preobrazovateli-2010?page=37
[32mINFO[39m [33m PlaywrightCrawler:[39m Fetching catalog: https://www.chipdip.ru/catalog/dc-dc-preobrazovateli-2010?page=37
[32mINFO[39m [33m PlaywrightCrawler:[39m Found 20 products on this page
[32mINFO[39m [33m PlaywrightCrawler:[39m Pager element exists
[32mINFO[39m [33m PlaywrightCrawler:[39m Found next page: https://www.chipdip.ru/catalog/dc-dc-preobrazovateli-2010?page=38
[32mINFO[39m [33m PlaywrightCrawler:[39m Fetching catalog: https://www.chipdip.ru/catalog/dc-dc-preobrazovateli-2010?page=38
[32mINFO[39m [33m PlaywrightCrawler:[39m Found 20 products on this page
[32mINFO[39m [33m PlaywrightCrawler:[39m Pager element exists
[32mINFO[39m [33m PlaywrightCrawler:[39m Found next page: https://www.chipdip.ru/catalog/dc-dc-preobrazovateli-2010?page=39
[32mINFO[39m [33m PlaywrightCrawler:[39m Fetching catalog: https://www.chipdip.ru/catalog/dc-dc-preobrazovateli-2010?page=39
[32mINFO[39m [33m PlaywrightCrawler:[39m Found 20 products on this page
[32mINFO[39m [33m PlaywrightCrawler:[39m Pager element exists
[32mINFO[39m [33m PlaywrightCrawler:[39m Found next page: https://www.chipdip.ru/catalog/dc-dc-preobrazovateli-2010?page=40
[32mINFO[39m [33m PlaywrightCrawler:[39m Fetching catalog: https://www.chipdip.ru/catalog/dc-dc-preobrazovateli-2010?page=40
[32mINFO[39m [33m PlaywrightCrawler:[39m Found 20 products on this page
[32mINFO[39m [33m PlaywrightCrawler:[39m Pager element exists
[32mINFO[39m [33m PlaywrightCrawler:[39m Found next page: https://www.chipdip.ru/catalog/dc-dc-preobrazovateli-2010?page=41
[32mINFO[39m [33m PlaywrightCrawler:[39m Fetching catalog: https://www.chipdip.ru/catalog/dc-dc-preobrazovateli-2010?page=41
[32mINFO[39m [33m PlaywrightCrawler:[39m Found 20 products on this page
[32mINFO[39m [33m PlaywrightCrawler:[39m Pager element exists
[32mINFO[39m [33m PlaywrightCrawler:[39m Found next page: https://www.chipdip.ru/catalog/dc-dc-preobrazovateli-2010?page=42
[32mINFO[39m [33m PlaywrightCrawler:[39m Fetching catalog: https://www.chipdip.ru/catalog/dc-dc-preobrazovateli-2010?page=42
[32mINFO[39m [33m PlaywrightCrawler:[39m Found 20 products on this page
[32mINFO[39m [33m PlaywrightCrawler:[39m Pager element exists
[32mINFO[39m [33m PlaywrightCrawler:[39m Found next page: https://www.chipdip.ru/catalog/dc-dc-preobrazovateli-2010?page=43
[32mINFO[39m [33m PlaywrightCrawler:[39m Fetching catalog: https://www.chipdip.ru/catalog/dc-dc-preobrazovateli-2010?page=43
[32mINFO[39m [33m PlaywrightCrawler:Statistics:[39m PlaywrightCrawler request statistics:[90m {"requestAvgFailedDurationMillis":null,"requestAvgFinishedDurationMillis":9841,"requestsFinishedPerMinute":6,"requestsFailedPerMinute":0,"requestTotalDurationMillis":413317,"requestsTotal":42,"crawlerRuntimeMillis":420157,"retryHistogram":[42]}[39m
[32mINFO[39m [33m PlaywrightCrawler:AutoscaledPool:[39m state[90m {"currentConcurrency":1,"desiredConcurrency":1,"systemStatus":{"isSystemIdle":false,"memInfo":{"isOverloaded":true,"limitRatio":0.2,"actualRatio":0.857},"eventLoopInfo":{"isOverloaded":false,"limitRatio":0.6,"actualRatio":0},"cpuInfo":{"isOverloaded":false,"limitRatio":0.4,"actualRatio":0},"clientInfo":{"isOverloaded":false,"limitRatio":0.3,"actualRatio":0}}}[39m
[32mINFO[39m [33m PlaywrightCrawler:[39m Found 20 products on this page
[32mINFO[39m [33m PlaywrightCrawler:[39m Pager element exists
[32mINFO[39m [33m PlaywrightCrawler:[39m Found next page: https://www.chipdip.ru/catalog/dc-dc-preobrazovateli-2010?page=44
[32mINFO[39m [33m PlaywrightCrawler:[39m Fetching catalog: https://www.chipdip.ru/catalog/dc-dc-preobrazovateli-2010?page=44
[32mINFO[39m [33m PlaywrightCrawler:[39m Found 20 products on this page
[32mINFO[39m [33m PlaywrightCrawler:[39m Pager element exists
[32mINFO[39m [33m PlaywrightCrawler:[39m Found next page: https://www.chipdip.ru/catalog/dc-dc-preobrazovateli-2010?page=45
[32mINFO[39m [33m PlaywrightCrawler:[39m Fetching catalog: https://www.chipdip.ru/catalog/dc-dc-preobrazovateli-2010?page=45
[32mINFO[39m [33m PlaywrightCrawler:[39m Found 20 products on this page
[32mINFO[39m [33m PlaywrightCrawler:[39m Pager element exists
[32mINFO[39m [33m PlaywrightCrawler:[39m Found next page: https://www.chipdip.ru/catalog/dc-dc-preobrazovateli-2010?page=46
[32mINFO[39m [33m PlaywrightCrawler:[39m Fetching catalog: https://www.chipdip.ru/catalog/dc-dc-preobrazovateli-2010?page=46
[32mINFO[39m [33m PlaywrightCrawler:[39m Found 20 products on this page
[32mINFO[39m [33m PlaywrightCrawler:[39m Pager element exists
[32mINFO[39m [33m PlaywrightCrawler:[39m Found next page: https://www.chipdip.ru/catalog/dc-dc-preobrazovateli-2010?page=47
[32mINFO[39m [33m PlaywrightCrawler:[39m Fetching catalog: https://www.chipdip.ru/catalog/dc-dc-preobrazovateli-2010?page=47
[32mINFO[39m [33m PlaywrightCrawler:[39m Found 20 products on this page
[32mINFO[39m [33m PlaywrightCrawler:[39m Pager element exists
[32mINFO[39m [33m PlaywrightCrawler:[39m Found next page: https://www.chipdip.ru/catalog/dc-dc-preobrazovateli-2010?page=48
[32mINFO[39m [33m PlaywrightCrawler:[39m Fetching catalog: https://www.chipdip.ru/catalog/dc-dc-preobrazovateli-2010?page=48
[32mINFO[39m [33m PlaywrightCrawler:[39m Found 20 products on this page
[32mINFO[39m [33m PlaywrightCrawler:[39m Pager element exists
[32mINFO[39m [33m PlaywrightCrawler:[39m Found next page: https://www.chipdip.ru/catalog/dc-dc-preobrazovateli-2010?page=49
[32mINFO[39m [33m PlaywrightCrawler:[39m Fetching catalog: https://www.chipdip.ru/catalog/dc-dc-preobrazovateli-2010?page=49
[32mINFO[39m [33m PlaywrightCrawler:[39m Found 20 products on this page
[32mINFO[39m [33m PlaywrightCrawler:[39m Pager element exists
[32mINFO[39m [33m PlaywrightCrawler:[39m Found next page: https://www.chipdip.ru/catalog/dc-dc-preobrazovateli-2010?page=50
[32mINFO[39m [33m PlaywrightCrawler:[39m Fetching catalog: https://www.chipdip.ru/catalog/dc-dc-preobrazovateli-2010?page=50
[32mINFO[39m [33m PlaywrightCrawler:[39m Found 20 products on this page
[32mINFO[39m [33m PlaywrightCrawler:[39m Pager element exists
[32mINFO[39m [33m PlaywrightCrawler:[39m Found next page: https://www.chipdip.ru/catalog/dc-dc-preobrazovateli-2010?page=51
[33mWARN[39m [33m PlaywrightCrawler:AutoscaledPool:Snapshotter:[39m Memory is critically overloaded. Using 3896 MB of 4096 MB (95%). Consider increasing available memory.
[32mINFO[39m [33m PlaywrightCrawler:[39m Fetching catalog: https://www.chipdip.ru/catalog/dc-dc-preobrazovateli-2010?page=51
[32mINFO[39m [33m PlaywrightCrawler:Statistics:[39m PlaywrightCrawler request statistics:[90m {"requestAvgFailedDurationMillis":null,"requestAvgFinishedDurationMillis":9478,"requestsFinishedPerMinute":6,"requestsFailedPerMinute":0,"requestTotalDurationMillis":473881,"requestsTotal":50,"crawlerRuntimeMillis":480159,"retryHistogram":[50]}[39m
[32mINFO[39m [33m PlaywrightCrawler:AutoscaledPool:[39m state[90m {"currentConcurrency":1,"desiredConcurrency":1,"systemStatus":{"isSystemIdle":false,"memInfo":{"isOverloaded":true,"limitRatio":0.2,"actualRatio":0.893},"eventLoopInfo":{"isOverloaded":false,"limitRatio":0.6,"actualRatio":0},"cpuInfo":{"isOverloaded":false,"limitRatio":0.4,"actualRatio":0},"clientInfo":{"isOverloaded":false,"limitRatio":0.3,"actualRatio":0}}}[39m
[32mINFO[39m [33m PlaywrightCrawler:[39m Found 20 products on this page
[32mINFO[39m [33m PlaywrightCrawler:[39m Pager element exists
[32mINFO[39m [33m PlaywrightCrawler:[39m Found next page: https://www.chipdip.ru/catalog/dc-dc-preobrazovateli-2010?page=52
[32mINFO[39m [33m PlaywrightCrawler:[39m Fetching catalog: https://www.chipdip.ru/catalog/dc-dc-preobrazovateli-2010?page=52
[32mINFO[39m [33m PlaywrightCrawler:[39m Found 20 products on this page
[32mINFO[39m [33m PlaywrightCrawler:[39m Pager element exists
[32mINFO[39m [33m PlaywrightCrawler:[39m Found next page: https://www.chipdip.ru/catalog/dc-dc-preobrazovateli-2010?page=53
[32mINFO[39m [33m PlaywrightCrawler:[39m Fetching catalog: https://www.chipdip.ru/catalog/dc-dc-preobrazovateli-2010?page=53
[32mINFO[39m [33m PlaywrightCrawler:[39m Found 20 products on this page
[32mINFO[39m [33m PlaywrightCrawler:[39m Pager element exists
[32mINFO[39m [33m PlaywrightCrawler:[39m Found next page: https://www.chipdip.ru/catalog/dc-dc-preobrazovateli-2010?page=54
[32mINFO[39m [33m PlaywrightCrawler:[39m Fetching catalog: https://www.chipdip.ru/catalog/dc-dc-preobrazovateli-2010?page=54
[32mINFO[39m [33m PlaywrightCrawler:[39m Found 20 products on this page
[32mINFO[39m [33m PlaywrightCrawler:[39m Pager element exists
[32mINFO[39m [33m PlaywrightCrawler:[39m Found next page: https://www.chipdip.ru/catalog/dc-dc-preobrazovateli-2010?page=55
[32mINFO[39m [33m PlaywrightCrawler:[39m Fetching catalog: https://www.chipdip.ru/catalog/dc-dc-preobrazovateli-2010?page=55
[32mINFO[39m [33m PlaywrightCrawler:[39m Found 20 products on this page
[32mINFO[39m [33m PlaywrightCrawler:[39m Pager element exists
[32mINFO[39m [33m PlaywrightCrawler:[39m Found next page: https://www.chipdip.ru/catalog/dc-dc-preobrazovateli-2010?page=56
[32mINFO[39m [33m PlaywrightCrawler:[39m Fetching catalog: https://www.chipdip.ru/catalog/dc-dc-preobrazovateli-2010?page=56
[32mINFO[39m [33m PlaywrightCrawler:[39m Found 20 products on this page
[32mINFO[39m [33m PlaywrightCrawler:[39m Pager element exists
[32mINFO[39m [33m PlaywrightCrawler:[39m Found next page: https://www.chipdip.ru/catalog/dc-dc-preobrazovateli-2010?page=57
[32mINFO[39m [33m PlaywrightCrawler:[39m Fetching catalog: https://www.chipdip.ru/catalog/dc-dc-preobrazovateli-2010?page=57
[32mINFO[39m [33m PlaywrightCrawler:[39m Found 20 products on this page
[32mINFO[39m [33m PlaywrightCrawler:[39m Pager element exists
[32mINFO[39m [33m PlaywrightCrawler:[39m Found next page: https://www.chipdip.ru/catalog/dc-dc-preobrazovateli-2010?page=58
[32mINFO[39m [33m PlaywrightCrawler:[39m Fetching catalog: https://www.chipdip.ru/catalog/dc-dc-preobrazovateli-2010?page=58
[32mINFO[39m [33m PlaywrightCrawler:[39m Found 20 products on this page
[32mINFO[39m [33m PlaywrightCrawler:[39m Pager element exists
[32mINFO[39m [33m PlaywrightCrawler:[39m Found next page: https://www.chipdip.ru/catalog/dc-dc-preobrazovateli-2010?page=59
[32mINFO[39m [33m PlaywrightCrawler:[39m Fetching catalog: https://www.chipdip.ru/catalog/dc-dc-preobrazovateli-2010?page=59
[32mINFO[39m [33m PlaywrightCrawler:Statistics:[39m PlaywrightCrawler request statistics:[90m {"requestAvgFailedDurationMillis":null,"requestAvgFinishedDurationMillis":9245,"requestsFinishedPerMinute":6,"requestsFailedPerMinute":0,"requestTotalDurationMillis":536211,"requestsTotal":58,"crawlerRuntimeMillis":540165,"retryHistogram":[58]}[39m
[32mINFO[39m [33m PlaywrightCrawler:AutoscaledPool:[39m state[90m {"currentConcurrency":1,"desiredConcurrency":1,"systemStatus":{"isSystemIdle":false,"memInfo":{"isOverloaded":true,"limitRatio":0.2,"actualRatio":0.964},"eventLoopInfo":{"isOverloaded":false,"limitRatio":0.6,"actualRatio":0},"cpuInfo":{"isOverloaded":false,"limitRatio":0.4,"actualRatio":0},"clientInfo":{"isOverloaded":false,"limitRatio":0.3,"actualRatio":0}}}[39m
[32mINFO[39m [33m PlaywrightCrawler:[39m Found 20 products on this page
[32mINFO[39m [33m PlaywrightCrawler:[39m Pager element exists
[32mINFO[39m [33m PlaywrightCrawler:[39m Found next page: https://www.chipdip.ru/catalog/dc-dc-preobrazovateli-2010?page=60
[32mINFO[39m [33m PlaywrightCrawler:[39m Fetching catalog: https://www.chipdip.ru/catalog/dc-dc-preobrazovateli-2010?page=60
[32mINFO[39m [33m PlaywrightCrawler:[39m Found 20 products on this page
[32mINFO[39m [33m PlaywrightCrawler:[39m Pager element exists
[32mINFO[39m [33m PlaywrightCrawler:[39m Found next page: https://www.chipdip.ru/catalog/dc-dc-preobrazovateli-2010?page=61
[32mINFO[39m [33m PlaywrightCrawler:[39m Fetching catalog: https://www.chipdip.ru/catalog/dc-dc-preobrazovateli-2010?page=61
[32mINFO[39m [33m PlaywrightCrawler:[39m Found 20 products on this page
[32mINFO[39m [33m PlaywrightCrawler:[39m Pager element exists
[32mINFO[39m [33m PlaywrightCrawler:[39m Found next page: https://www.chipdip.ru/catalog/dc-dc-preobrazovateli-2010?page=62
[32mINFO[39m [33m PlaywrightCrawler:[39m Fetching catalog: https://www.chipdip.ru/catalog/dc-dc-preobrazovateli-2010?page=62
[32mINFO[39m [33m PlaywrightCrawler:[39m Found 20 products on this page
[32mINFO[39m [33m PlaywrightCrawler:[39m Pager element exists
[32mINFO[39m [33m PlaywrightCrawler:[39m Found next page: https://www.chipdip.ru/catalog/dc-dc-preobrazovateli-2010?page=63
[32mINFO[39m [33m PlaywrightCrawler:[39m Fetching catalog: https://www.chipdip.ru/catalog/dc-dc-preobrazovateli-2010?page=63
[32mINFO[39m [33m PlaywrightCrawler:[39m Found 20 products on this page
[32mINFO[39m [33m PlaywrightCrawler:[39m Pager element exists
[32mINFO[39m [33m PlaywrightCrawler:[39m Found next page: https://www.chipdip.ru/catalog/dc-dc-preobrazovateli-2010?page=64
[32mINFO[39m [33m PlaywrightCrawler:[39m Fetching catalog: https://www.chipdip.ru/catalog/dc-dc-preobrazovateli-2010?page=64
[32mINFO[39m [33m PlaywrightCrawler:[39m Found 20 products on this page
[32mINFO[39m [33m PlaywrightCrawler:[39m Pager element exists
[32mINFO[39m [33m PlaywrightCrawler:[39m Found next page: https://www.chipdip.ru/catalog/dc-dc-preobrazovateli-2010?page=65
[32mINFO[39m [33m PlaywrightCrawler:[39m Fetching catalog: https://www.chipdip.ru/catalog/dc-dc-preobrazovateli-2010?page=65
[32mINFO[39m [33m PlaywrightCrawler:[39m Found 20 products on this page
[32mINFO[39m [33m PlaywrightCrawler:[39m Pager element exists
[32mINFO[39m [33m PlaywrightCrawler:[39m Found next page: https://www.chipdip.ru/catalog/dc-dc-preobrazovateli-2010?page=66
[32mINFO[39m [33m PlaywrightCrawler:[39m Fetching catalog: https://www.chipdip.ru/catalog/dc-dc-preobrazovateli-2010?page=66
[32mINFO[39m [33m PlaywrightCrawler:[39m Found 20 products on this page
[32mINFO[39m [33m PlaywrightCrawler:[39m Pager element exists
[32mINFO[39m [33m PlaywrightCrawler:[39m Found next page: https://www.chipdip.ru/catalog/dc-dc-preobrazovateli-2010?page=67
[32mINFO[39m [33m PlaywrightCrawler:[39m Fetching catalog: https://www.chipdip.ru/catalog/dc-dc-preobrazovateli-2010?page=67
[32mINFO[39m [33m PlaywrightCrawler:Statistics:[39m PlaywrightCrawler request statistics:[90m {"requestAvgFailedDurationMillis":null,"requestAvgFinishedDurationMillis":9021,"requestsFinishedPerMinute":7,"requestsFailedPerMinute":0,"requestTotalDurationMillis":595382,"requestsTotal":66,"crawlerRuntimeMillis":600169,"retryHistogram":[66]}[39m
[32mINFO[39m [33m PlaywrightCrawler:AutoscaledPool:[39m state[90m {"currentConcurrency":1,"desiredConcurrency":1,"systemStatus":{"isSystemIdle":false,"memInfo":{"isOverloaded":true,"limitRatio":0.2,"actualRatio":1},"eventLoopInfo":{"isOverloaded":false,"limitRatio":0.6,"actualRatio":0},"cpuInfo":{"isOverloaded":false,"limitRatio":0.4,"actualRatio":0},"clientInfo":{"isOverloaded":false,"limitRatio":0.3,"actualRatio":0}}}[39m
[32mINFO[39m [33m PlaywrightCrawler:[39m Found 20 products on this page
[32mINFO[39m [33m PlaywrightCrawler:[39m Pager element exists
[32mINFO[39m [33m PlaywrightCrawler:[39m Found next page: https://www.chipdip.ru/catalog/dc-dc-preobrazovateli-2010?page=68
[32mINFO[39m [33m PlaywrightCrawler:[39m Fetching catalog: https://www.chipdip.ru/catalog/dc-dc-preobrazovateli-2010?page=68
[32mINFO[39m [33m PlaywrightCrawler:[39m Found 20 products on this page
[32mINFO[39m [33m PlaywrightCrawler:[39m Pager element exists
[32mINFO[39m [33m PlaywrightCrawler:[39m Found next page: https://www.chipdip.ru/catalog/dc-dc-preobrazovateli-2010?page=69
[32mINFO[39m [33m PlaywrightCrawler:[39m Fetching catalog: https://www.chipdip.ru/catalog/dc-dc-preobrazovateli-2010?page=69
[32mINFO[39m [33m PlaywrightCrawler:[39m Found 20 products on this page
[32mINFO[39m [33m PlaywrightCrawler:[39m Pager element exists
[32mINFO[39m [33m PlaywrightCrawler:[39m Found next page: https://www.chipdip.ru/catalog/dc-dc-preobrazovateli-2010?page=70
[32mINFO[39m [33m PlaywrightCrawler:[39m Fetching catalog: https://www.chipdip.ru/catalog/dc-dc-preobrazovateli-2010?page=70
[32mINFO[39m [33m PlaywrightCrawler:[39m Found 20 products on this page
[32mINFO[39m [33m PlaywrightCrawler:[39m Pager element exists
[32mINFO[39m [33m PlaywrightCrawler:[39m Found next page: https://www.chipdip.ru/catalog/dc-dc-preobrazovateli-2010?page=71
[32mINFO[39m [33m PlaywrightCrawler:[39m Fetching catalog: https://www.chipdip.ru/catalog/dc-dc-preobrazovateli-2010?page=71
[32mINFO[39m [33m PlaywrightCrawler:[39m Found 20 products on this page
[32mINFO[39m [33m PlaywrightCrawler:[39m Pager element exists
[32mINFO[39m [33m PlaywrightCrawler:[39m Found next page: https://www.chipdip.ru/catalog/dc-dc-preobrazovateli-2010?page=72
[32mINFO[39m [33m PlaywrightCrawler:[39m Fetching catalog: https://www.chipdip.ru/catalog/dc-dc-preobrazovateli-2010?page=72
[32mINFO[39m [33m PlaywrightCrawler:[39m Found 20 products on this page
[32mINFO[39m [33m PlaywrightCrawler:[39m Pager element exists
[32mINFO[39m [33m PlaywrightCrawler:[39m Found next page: https://www.chipdip.ru/catalog/dc-dc-preobrazovateli-2010?page=73
[32mINFO[39m [33m PlaywrightCrawler:[39m Fetching catalog: https://www.chipdip.ru/catalog/dc-dc-preobrazovateli-2010?page=73
[32mINFO[39m [33m PlaywrightCrawler:[39m Found 20 products on this page
[32mINFO[39m [33m PlaywrightCrawler:[39m Pager element exists
[32mINFO[39m [33m PlaywrightCrawler:[39m Found next page: https://www.chipdip.ru/catalog/dc-dc-preobrazovateli-2010?page=74
[32mINFO[39m [33m PlaywrightCrawler:[39m Fetching catalog: https://www.chipdip.ru/catalog/dc-dc-preobrazovateli-2010?page=74
[32mINFO[39m [33m PlaywrightCrawler:[39m Found 20 products on this page
[32mINFO[39m [33m PlaywrightCrawler:[39m Pager element exists
[32mINFO[39m [33m PlaywrightCrawler:[39m Found next page: https://www.chipdip.ru/catalog/dc-dc-preobrazovateli-2010?page=75
[32mINFO[39m [33m PlaywrightCrawler:[39m Fetching catalog: https://www.chipdip.ru/catalog/dc-dc-preobrazovateli-2010?page=75
[32mINFO[39m [33m PlaywrightCrawler:Statistics:[39m PlaywrightCrawler request statistics:[90m {"requestAvgFailedDurationMillis":null,"requestAvgFinishedDurationMillis":8856,"requestsFinishedPerMinute":7,"requestsFailedPerMinute":0,"requestTotalDurationMillis":655309,"requestsTotal":74,"crawlerRuntimeMillis":660176,"retryHistogram":[74]}[39m
[32mINFO[39m [33m PlaywrightCrawler:AutoscaledPool:[39m state[90m {"currentConcurrency":1,"desiredConcurrency":1,"systemStatus":{"isSystemIdle":false,"memInfo":{"isOverloaded":true,"limitRatio":0.2,"actualRatio":0.893},"eventLoopInfo":{"isOverloaded":false,"limitRatio":0.6,"actualRatio":0},"cpuInfo":{"isOverloaded":false,"limitRatio":0.4,"actualRatio":0},"clientInfo":{"isOverloaded":false,"limitRatio":0.3,"actualRatio":0}}}[39m
[32mINFO[39m [33m PlaywrightCrawler:[39m Found 20 products on this page
[32mINFO[39m [33m PlaywrightCrawler:[39m Pager element exists
[32mINFO[39m [33m PlaywrightCrawler:[39m Found next page: https://www.chipdip.ru/catalog/dc-dc-preobrazovateli-2010?page=76
[32mINFO[39m [33m PlaywrightCrawler:[39m Fetching catalog: https://www.chipdip.ru/catalog/dc-dc-preobrazovateli-2010?page=76
[32mINFO[39m [33m PlaywrightCrawler:[39m Found 20 products on this page
[32mINFO[39m [33m PlaywrightCrawler:[39m Pager element exists
[32mINFO[39m [33m PlaywrightCrawler:[39m Found next page: https://www.chipdip.ru/catalog/dc-dc-preobrazovateli-2010?page=77
[32mINFO[39m [33m PlaywrightCrawler:[39m Fetching catalog: https://www.chipdip.ru/catalog/dc-dc-preobrazovateli-2010?page=77
[32mINFO[39m [33m PlaywrightCrawler:[39m Found 20 products on this page
[32mINFO[39m [33m PlaywrightCrawler:[39m Pager element exists
[32mINFO[39m [33m PlaywrightCrawler:[39m Found next page: https://www.chipdip.ru/catalog/dc-dc-preobrazovateli-2010?page=78
[32mINFO[39m [33m PlaywrightCrawler:[39m Fetching catalog: https://www.chipdip.ru/catalog/dc-dc-preobrazovateli-2010?page=78
[32mINFO[39m [33m PlaywrightCrawler:[39m Found 20 products on this page
[32mINFO[39m [33m PlaywrightCrawler:[39m Pager element exists
[32mINFO[39m [33m PlaywrightCrawler:[39m Found next page: https://www.chipdip.ru/catalog/dc-dc-preobrazovateli-2010?page=79
[32mINFO[39m [33m PlaywrightCrawler:[39m Fetching catalog: https://www.chipdip.ru/catalog/dc-dc-preobrazovateli-2010?page=79
[32mINFO[39m [33m PlaywrightCrawler:[39m Found 20 products on this page
[32mINFO[39m [33m PlaywrightCrawler:[39m Pager element exists
[32mINFO[39m [33m PlaywrightCrawler:[39m Found next page: https://www.chipdip.ru/catalog/dc-dc-preobrazovateli-2010?page=80
[32mINFO[39m [33m PlaywrightCrawler:[39m Fetching catalog: https://www.chipdip.ru/catalog/dc-dc-preobrazovateli-2010?page=80
[32mINFO[39m [33m PlaywrightCrawler:[39m Found 20 products on this page
[32mINFO[39m [33m PlaywrightCrawler:[39m Pager element exists
[32mINFO[39m [33m PlaywrightCrawler:[39m Found next page: https://www.chipdip.ru/catalog/dc-dc-preobrazovateli-2010?page=81
[32mINFO[39m [33m PlaywrightCrawler:[39m Fetching catalog: https://www.chipdip.ru/catalog/dc-dc-preobrazovateli-2010?page=81
[33mWARN[39m [33m PlaywrightCrawler:AutoscaledPool:Snapshotter:[39m Memory is critically overloaded. Using 3892 MB of 4096 MB (95%). Consider increasing available memory.
[32mINFO[39m [33m PlaywrightCrawler:[39m Found 20 products on this page
[32mINFO[39m [33m PlaywrightCrawler:[39m Pager element exists
[32mINFO[39m [33m PlaywrightCrawler:[39m Found next page: https://www.chipdip.ru/catalog/dc-dc-preobrazovateli-2010?page=82
[32mINFO[39m [33m PlaywrightCrawler:[39m Fetching catalog: https://www.chipdip.ru/catalog/dc-dc-preobrazovateli-2010?page=82
[33mWARN[39m [33m PlaywrightCrawler:AutoscaledPool:Snapshotter:[39m Memory is critically overloaded. Using 3905 MB of 4096 MB (95%). Consider increasing available memory.
[32mINFO[39m [33m PlaywrightCrawler:[39m Found 20 products on this page
[32mINFO[39m [33m PlaywrightCrawler:[39m Pager element exists
[32mINFO[39m [33m PlaywrightCrawler:[39m Found next page: https://www.chipdip.ru/catalog/dc-dc-preobrazovateli-2010?page=83
[32mINFO[39m [33m PlaywrightCrawler:[39m Fetching catalog: https://www.chipdip.ru/catalog/dc-dc-preobrazovateli-2010?page=83
[32mINFO[39m [33m PlaywrightCrawler:Statistics:[39m PlaywrightCrawler request statistics:[90m {"requestAvgFailedDurationMillis":null,"requestAvgFinishedDurationMillis":8730,"requestsFinishedPerMinute":7,"requestsFailedPerMinute":0,"requestTotalDurationMillis":715899,"requestsTotal":82,"crawlerRuntimeMillis":720185,"retryHistogram":[82]}[39m
[32mINFO[39m [33m PlaywrightCrawler:AutoscaledPool:[39m state[90m {"currentConcurrency":1,"desiredConcurrency":1,"systemStatus":{"isSystemIdle":false,"memInfo":{"isOverloaded":true,"limitRatio":0.2,"actualRatio":1},"eventLoopInfo":{"isOverloaded":false,"limitRatio":0.6,"actualRatio":0},"cpuInfo":{"isOverloaded":false,"limitRatio":0.4,"actualRatio":0},"clientInfo":{"isOverloaded":false,"limitRatio":0.3,"actualRatio":0}}}[39m
[32mINFO[39m [33m PlaywrightCrawler:[39m Found 20 products on this page
[32mINFO[39m [33m PlaywrightCrawler:[39m Pager element exists
[32mINFO[39m [33m PlaywrightCrawler:[39m Found next page: https://www.chipdip.ru/catalog/dc-dc-preobrazovateli-2010?page=84
[32mINFO[39m [33m PlaywrightCrawler:[39m Fetching catalog: https://www.chipdip.ru/catalog/dc-dc-preobrazovateli-2010?page=84
[33mWARN[39m [33m PlaywrightCrawler:AutoscaledPool:Snapshotter:[39m Memory is critically overloaded. Using 3932 MB of 4096 MB (96%). Consider increasing available memory.
[32mINFO[39m [33m PlaywrightCrawler:[39m Found 20 products on this page
[32mINFO[39m [33m PlaywrightCrawler:[39m Pager element exists
[32mINFO[39m [33m PlaywrightCrawler:[39m Found next page: https://www.chipdip.ru/catalog/dc-dc-preobrazovateli-2010?page=85
[32mINFO[39m [33m PlaywrightCrawler:[39m Fetching catalog: https://www.chipdip.ru/catalog/dc-dc-preobrazovateli-2010?page=85
[33mWARN[39m [33m PlaywrightCrawler:AutoscaledPool:Snapshotter:[39m Memory is critically overloaded. Using 3945 MB of 4096 MB (96%). Consider increasing available memory.
[32mINFO[39m [33m PlaywrightCrawler:[39m Found 20 products on this page
[32mINFO[39m [33m PlaywrightCrawler:[39m Pager element exists
[32mINFO[39m [33m PlaywrightCrawler:[39m Found next page: https://www.chipdip.ru/catalog/dc-dc-preobrazovateli-2010?page=86
[32mINFO[39m [33m PlaywrightCrawler:[39m Fetching catalog: https://www.chipdip.ru/catalog/dc-dc-preobrazovateli-2010?page=86
[32mINFO[39m [33m PlaywrightCrawler:[39m Found 20 products on this page
[32mINFO[39m [33m PlaywrightCrawler:[39m Pager element exists
[32mINFO[39m [33m PlaywrightCrawler:[39m Found next page: https://www.chipdip.ru/catalog/dc-dc-preobrazovateli-2010?page=87
[32mINFO[39m [33m PlaywrightCrawler:[39m Fetching catalog: https://www.chipdip.ru/catalog/dc-dc-preobrazovateli-2010?page=87
[33mWARN[39m [33m PlaywrightCrawler:AutoscaledPool:Snapshotter:[39m Memory is critically overloaded. Using 3932 MB of 4096 MB (96%). Consider increasing available memory.
[32mINFO[39m [33m PlaywrightCrawler:[39m Found 20 products on this page
[32mINFO[39m [33m PlaywrightCrawler:[39m Pager element exists
[32mINFO[39m [33m PlaywrightCrawler:[39m Found next page: https://www.chipdip.ru/catalog/dc-dc-preobrazovateli-2010?page=88
[32mINFO[39m [33m PlaywrightCrawler:[39m Fetching catalog: https://www.chipdip.ru/catalog/dc-dc-preobrazovateli-2010?page=88
[33mWARN[39m [33m PlaywrightCrawler:AutoscaledPool:Snapshotter:[39m Memory is critically overloaded. Using 3941 MB of 4096 MB (96%). Consider increasing available memory.
[32mINFO[39m [33m PlaywrightCrawler:[39m Found 20 products on this page
[32mINFO[39m [33m PlaywrightCrawler:[39m Pager element exists
[32mINFO[39m [33m PlaywrightCrawler:[39m Found next page: https://www.chipdip.ru/catalog/dc-dc-preobrazovateli-2010?page=89
[32mINFO[39m [33m PlaywrightCrawler:[39m Fetching catalog: https://www.chipdip.ru/catalog/dc-dc-preobrazovateli-2010?page=89
[32mINFO[39m [33m PlaywrightCrawler:[39m Found 20 products on this page
[32mINFO[39m [33m PlaywrightCrawler:[39m Pager element exists
[32mINFO[39m [33m PlaywrightCrawler:[39m Found next page: https://www.chipdip.ru/catalog/dc-dc-preobrazovateli-2010?page=90
[33mWARN[39m [33m PlaywrightCrawler:AutoscaledPool:Snapshotter:[39m Memory is critically overloaded. Using 3918 MB of 4096 MB (96%). Consider increasing available memory.
[32mINFO[39m [33m PlaywrightCrawler:[39m Fetching catalog: https://www.chipdip.ru/catalog/dc-dc-preobrazovateli-2010?page=90
[32mINFO[39m [33m PlaywrightCrawler:[39m Found 20 products on this page
[32mINFO[39m [33m PlaywrightCrawler:[39m Pager element exists
[32mINFO[39m [33m PlaywrightCrawler:[39m Found next page: https://www.chipdip.ru/catalog/dc-dc-preobrazovateli-2010?page=91
[32mINFO[39m [33m PlaywrightCrawler:[39m Fetching catalog: https://www.chipdip.ru/catalog/dc-dc-preobrazovateli-2010?page=91
[32mINFO[39m [33m PlaywrightCrawler:Statistics:[39m PlaywrightCrawler request statistics:[90m {"requestAvgFailedDurationMillis":null,"requestAvgFinishedDurationMillis":8618,"requestsFinishedPerMinute":7,"requestsFailedPerMinute":0,"requestTotalDurationMillis":775617,"requestsTotal":90,"crawlerRuntimeMillis":780191,"retryHistogram":[90]}[39m
[32mINFO[39m [33m PlaywrightCrawler:AutoscaledPool:[39m state[90m {"currentConcurrency":1,"desiredConcurrency":1,"systemStatus":{"isSystemIdle":false,"memInfo":{"isOverloaded":true,"limitRatio":0.2,"actualRatio":1},"eventLoopInfo":{"isOverloaded":false,"limitRatio":0.6,"actualRatio":0},"cpuInfo":{"isOverloaded":false,"limitRatio":0.4,"actualRatio":0},"clientInfo":{"isOverloaded":false,"limitRatio":0.3,"actualRatio":0}}}[39m
[33mWARN[39m [33m PlaywrightCrawler:AutoscaledPool:Snapshotter:[39m Memory is critically overloaded. Using 3945 MB of 4096 MB (96%). Consider increasing available memory.
[32mINFO[39m [33m PlaywrightCrawler:[39m Found 20 products on this page
[32mINFO[39m [33m PlaywrightCrawler:[39m Pager element exists
[32mINFO[39m [33m PlaywrightCrawler:[39m Found next page: https://www.chipdip.ru/catalog/dc-dc-preobrazovateli-2010?page=92
[32mINFO[39m [33m PlaywrightCrawler:[39m Fetching catalog: https://www.chipdip.ru/catalog/dc-dc-preobrazovateli-2010?page=92
[32mINFO[39m [33m PlaywrightCrawler:[39m Found 20 products on this page
[32mINFO[39m [33m PlaywrightCrawler:[39m Pager element exists
[32mINFO[39m [33m PlaywrightCrawler:[39m Found next page: https://www.chipdip.ru/catalog/dc-dc-preobrazovateli-2010?page=93
[33mWARN[39m [33m PlaywrightCrawler:AutoscaledPool:Snapshotter:[39m Memory is critically overloaded. Using 3892 MB of 4096 MB (95%). Consider increasing available memory.
[32mINFO[39m [33m PlaywrightCrawler:[39m Fetching catalog: https://www.chipdip.ru/catalog/dc-dc-preobrazovateli-2010?page=93
[32mINFO[39m [33m PlaywrightCrawler:[39m Found 20 products on this page
[32mINFO[39m [33m PlaywrightCrawler:[39m Pager element exists
[32mINFO[39m [33m PlaywrightCrawler:[39m Found next page: https://www.chipdip.ru/catalog/dc-dc-preobrazovateli-2010?page=94
[32mINFO[39m [33m PlaywrightCrawler:[39m Fetching catalog: https://www.chipdip.ru/catalog/dc-dc-preobrazovateli-2010?page=94
[33mWARN[39m [33m PlaywrightCrawler:AutoscaledPool:Snapshotter:[39m Memory is critically overloaded. Using 3941 MB of 4096 MB (96%). Consider increasing available memory.
[32mINFO[39m [33m PlaywrightCrawler:[39m Found 20 products on this page
[32mINFO[39m [33m PlaywrightCrawler:[39m Pager element exists
[32mINFO[39m [33m PlaywrightCrawler:[39m Found next page: https://www.chipdip.ru/catalog/dc-dc-preobrazovateli-2010?page=95
[32mINFO[39m [33m PlaywrightCrawler:[39m Fetching catalog: https://www.chipdip.ru/catalog/dc-dc-preobrazovateli-2010?page=95
[33mWARN[39m [33m PlaywrightCrawler:AutoscaledPool:Snapshotter:[39m Memory is critically overloaded. Using 3923 MB of 4096 MB (96%). Consider increasing available memory.
[32mINFO[39m [33m PlaywrightCrawler:[39m Found 20 products on this page
[32mINFO[39m [33m PlaywrightCrawler:[39m Pager element exists
[32mINFO[39m [33m PlaywrightCrawler:[39m Found next page: https://www.chipdip.ru/catalog/dc-dc-preobrazovateli-2010?page=96
[32mINFO[39m [33m PlaywrightCrawler:[39m Fetching catalog: https://www.chipdip.ru/catalog/dc-dc-preobrazovateli-2010?page=96
[32mINFO[39m [33m PlaywrightCrawler:[39m Found 20 products on this page
[32mINFO[39m [33m PlaywrightCrawler:[39m Pager element exists
[32mINFO[39m [33m PlaywrightCrawler:[39m Found next page: https://www.chipdip.ru/catalog/dc-dc-preobrazovateli-2010?page=97
[32mINFO[39m [33m PlaywrightCrawler:[39m Fetching catalog: https://www.chipdip.ru/catalog/dc-dc-preobrazovateli-2010?page=97
[33mWARN[39m [33m PlaywrightCrawler:AutoscaledPool:Snapshotter:[39m Memory is critically overloaded. Using 3902 MB of 4096 MB (95%). Consider increasing available memory.
[32mINFO[39m [33m PlaywrightCrawler:[39m Found 20 products on this page
[32mINFO[39m [33m PlaywrightCrawler:[39m Pager element exists
[32mINFO[39m [33m PlaywrightCrawler:[39m Found next page: https://www.chipdip.ru/catalog/dc-dc-preobrazovateli-2010?page=98
[32mINFO[39m [33m PlaywrightCrawler:[39m Fetching catalog: https://www.chipdip.ru/catalog/dc-dc-preobrazovateli-2010?page=98
[33mWARN[39m [33m PlaywrightCrawler:AutoscaledPool:Snapshotter:[39m Memory is critically overloaded. Using 3919 MB of 4096 MB (96%). Consider increasing available memory.
[32mINFO[39m [33m PlaywrightCrawler:[39m Found 20 products on this page
[32mINFO[39m [33m PlaywrightCrawler:[39m Pager element exists
[32mINFO[39m [33m PlaywrightCrawler:[39m Found next page: https://www.chipdip.ru/catalog/dc-dc-preobrazovateli-2010?page=99
[32mINFO[39m [33m PlaywrightCrawler:[39m Fetching catalog: https://www.chipdip.ru/catalog/dc-dc-preobrazovateli-2010?page=99
[32mINFO[39m [33m PlaywrightCrawler:Statistics:[39m PlaywrightCrawler request statistics:[90m {"requestAvgFailedDurationMillis":null,"requestAvgFinishedDurationMillis":8539,"requestsFinishedPerMinute":7,"requestsFailedPerMinute":0,"requestTotalDurationMillis":836838,"requestsTotal":98,"crawlerRuntimeMillis":840195,"retryHistogram":[98]}[39m
[32mINFO[39m [33m PlaywrightCrawler:AutoscaledPool:[39m state[90m {"currentConcurrency":1,"desiredConcurrency":1,"systemStatus":{"isSystemIdle":false,"memInfo":{"isOverloaded":true,"limitRatio":0.2,"actualRatio":1},"eventLoopInfo":{"isOverloaded":false,"limitRatio":0.6,"actualRatio":0},"cpuInfo":{"isOverloaded":false,"limitRatio":0.4,"actualRatio":0},"clientInfo":{"isOverloaded":false,"limitRatio":0.3,"actualRatio":0}}}[39m
[32mINFO[39m [33m PlaywrightCrawler:[39m Found 20 products on this page
[32mINFO[39m [33m PlaywrightCrawler:[39m Pager element exists
[32mINFO[39m [33m PlaywrightCrawler:[39m Found next page: https://www.chipdip.ru/catalog/dc-dc-preobrazovateli-2010?page=100
[32mINFO[39m [33m PlaywrightCrawler:[39m Fetching catalog: https://www.chipdip.ru/catalog/dc-dc-preobrazovateli-2010?page=100
[32mINFO[39m [33m PlaywrightCrawler:[39m Found 20 products on this page
[32mINFO[39m [33m PlaywrightCrawler:[39m Pager element exists
[32mINFO[39m [33m PlaywrightCrawler:[39m All requests from the queue have been processed, the crawler will shut down.
[32mINFO[39m [33m PlaywrightCrawler:[39m Final request statistics:[90m {"requestsFinished":100,"requestsFailed":0,"retryHistogram":[100],"requestAvgFailedDurationMillis":null,"requestAvgFinishedDurationMillis":8546,"requestsFinishedPerMinute":7,"requestsFailedPerMinute":0,"requestTotalDurationMillis":854569,"requestsTotal":100,"crawlerRuntimeMillis":855494}[39m
[32mINFO[39m [33m PlaywrightCrawler:[39m Finished! Total 100 requests: 100 succeeded, 0 failed.[90m {"terminal":true}[39m
✅ Collected 2000 product URLs so far

✅ Total product URLs collected: 2000
🚀 Starting product parsing with proxy rotation...

🔍 Testing proxy 1/50: yyinovqc-15...
✅ Proxy yyinovqc-15 is working!

🔄 Batch 1: Processing 20 products with proxy p.webshare.io:80
[32mINFO[39m [33m PlaywrightCrawler:[39m Starting the crawler.
[33mWARN[39m [33m PlaywrightCrawler:AutoscaledPool:Snapshotter:[39m Memory is critically overloaded. Using 3936 MB of 4096 MB (96%). Consider increasing available memory.
[33mWARN[39m [33m PlaywrightCrawler:AutoscaledPool:Snapshotter:[39m Memory is critically overloaded. Using 3970 MB of 4096 MB (97%). Consider increasing available memory.
[32mINFO[39m [33m PlaywrightCrawler:[39m Parsing: https://www.chipdip.ru/product/adm660arz-reel7-dc-dc-konverter-charge-pump-analog-devices-9000985953
[32mINFO[39m [33m PlaywrightCrawler:[39m Using proxy: p.webshare.io:80
[32mINFO[39m [33m PlaywrightCrawler:[39m Parsing: https://www.chipdip.ru/product/act4060ash-dc-dc-preobrazovatel-buck-uvh-4.5-24v-9020004925
[32mINFO[39m [33m PlaywrightCrawler:[39m Using proxy: p.webshare.io:80
[32mINFO[39m [33m PlaywrightCrawler:[39m ✅ Parsed: ACT4060ASH, DC-DC преобразователь, Buck, Uвх=4.5…24В, Uвых=1.5…5В, 2А, 400кГц [SOIC-8.]
📊 Progress: 1/2000 (0.1%) | Speed: 0.1 products/min | ETA: 34120 min | Failed: 0 | Blocked: 0
🔄 Proxy rotations: 2 | Healthy proxies: 20000/20000
[32mINFO[39m [33m PlaywrightCrawler:[39m ✅ Parsed: ADM660ARZ-REEL7, DC-DC конвертер Charge Pump 1.5-7В 100мА [SOIC-8.]
📊 Progress: 2/2000 (0.1%) | Speed: 0.1 products/min | ETA: 17065 min | Failed: 0 | Blocked: 0
🔄 Proxy rotations: 2 | Healthy proxies: 20000/20000
[32mINFO[39m [33m PlaywrightCrawler:[39m Parsing: https://www.chipdip.ru/product/adp1111arz-imp-stabilizator-napryazheniya-ind-analog-devices-183836983
[32mINFO[39m [33m PlaywrightCrawler:[39m Using proxy: p.webshare.io:80
[33mWARN[39m [33m PlaywrightCrawler:AutoscaledPool:Snapshotter:[39m Memory is critically overloaded. Using 3903 MB of 4096 MB (95%). Consider increasing available memory.
[32mINFO[39m [33m PlaywrightCrawler:[39m ✅ Parsed: ADP1111ARZ, Имп. стабилизатор напряжения Ind [SO-8]
📊 Progress: 3/2000 (0.1%) | Speed: 0.2 products/min | ETA: 11555 min | Failed: 0 | Blocked: 0
🔄 Proxy rotations: 2 | Healthy proxies: 20000/20000
[32mINFO[39m [33m PlaywrightCrawler:[39m Parsing: https://www.chipdip.ru/product/adp1111arz-5-impulsnyy-stabilizator-napryazheniya-analog-devices-10360
[32mINFO[39m [33m PlaywrightCrawler:[39m Using proxy: p.webshare.io:80
[32mINFO[39m [33m PlaywrightCrawler:Statistics:[39m PlaywrightCrawler request statistics:[90m {"requestAvgFailedDurationMillis":null,"requestAvgFinishedDurationMillis":24061,"requestsFinishedPerMinute":3,"requestsFailedPerMinute":0,"requestTotalDurationMillis":72184,"requestsTotal":3,"crawlerRuntimeMillis":60106,"retryHistogram":[3]}[39m
[32mINFO[39m [33m PlaywrightCrawler:AutoscaledPool:[39m state[90m {"currentConcurrency":1,"desiredConcurrency":1,"systemStatus":{"isSystemIdle":false,"memInfo":{"isOverloaded":true,"limitRatio":0.2,"actualRatio":1},"eventLoopInfo":{"isOverloaded":false,"limitRatio":0.6,"actualRatio":0},"cpuInfo":{"isOverloaded":false,"limitRatio":0.4,"actualRatio":0},"clientInfo":{"isOverloaded":false,"limitRatio":0.3,"actualRatio":0}}}[39m
[33mWARN[39m [33m PlaywrightCrawler:AutoscaledPool:Snapshotter:[39m Memory is critically overloaded. Using 3902 MB of 4096 MB (95%). Consider increasing available memory.
[32mINFO[39m [33m PlaywrightCrawler:[39m ✅ Parsed: ADP1111ARZ-5, Импульсный стабилизатор напряжения Ind [SO-8]
📊 Progress: 4/2000 (0.2%) | Speed: 0.2 products/min | ETA: 8825 min | Failed: 0 | Blocked: 0
🔄 Proxy rotations: 2 | Healthy proxies: 20000/20000
[32mINFO[39m [33m PlaywrightCrawler:[39m Parsing: https://www.chipdip.ru/product/adp2301aujz-r7-dc-dc-preobrazovatel-analog-devices-9001582266
[32mINFO[39m [33m PlaywrightCrawler:[39m Using proxy: p.webshare.io:80
[33mWARN[39m [33m PlaywrightCrawler:AutoscaledPool:Snapshotter:[39m Memory is critically overloaded. Using 3906 MB of 4096 MB (95%). Consider increasing available memory.
[32mINFO[39m [33m PlaywrightCrawler:[39m ✅ Parsed: ADP2301AUJZ-R7, DC-DC преобразователь понижающий ADJ 1.2А [TSOT-23-6.]
📊 Progress: 5/2000 (0.3%) | Speed: 0.3 products/min | ETA: 7165 min | Failed: 0 | Blocked: 0
🔄 Proxy rotations: 2 | Healthy proxies: 20000/20000
[32mINFO[39m [33m PlaywrightCrawler:[39m Parsing: https://www.chipdip.ru/product/aoz1073ail-dc-dc-preobrazovatel-step-down-adj-alpha-omega-9000255045
[32mINFO[39m [33m PlaywrightCrawler:[39m Using proxy: p.webshare.io:80
[32mINFO[39m [33m PlaywrightCrawler:[39m ✅ Parsed: AOZ1073AIL, DC-DC преобразователь Step-Down ADJ 3А [SOIC-8-0.154.]
📊 Progress: 6/2000 (0.3%) | Speed: 0.3 products/min | ETA: 6071 min | Failed: 0 | Blocked: 0
🔄 Proxy rotations: 2 | Healthy proxies: 20000/20000
[32mINFO[39m [33m PlaywrightCrawler:[39m Parsing: https://www.chipdip.ru/product/aoz1212ai-dc-dc-preobrazovatel-buck-uvh-4.5-27v-alpha-omega-9000401469
[32mINFO[39m [33m PlaywrightCrawler:[39m Using proxy: p.webshare.io:80
[32mINFO[39m [33m PlaywrightCrawler:[39m ✅ Parsed: AOZ1212AI, DC-DC преобразователь, Buck, Uвх=4.5…27В, Uвых=0.8…22.95В, 3А, 370кГц [SOIC-8.]
📊 Progress: 7/2000 (0.4%) | Speed: 0.4 products/min | ETA: 5289 min | Failed: 0 | Blocked: 0
🔄 Proxy rotations: 2 | Healthy proxies: 20000/20000
[32mINFO[39m [33m PlaywrightCrawler:Statistics:[39m PlaywrightCrawler request statistics:[90m {"requestAvgFailedDurationMillis":null,"requestAvgFinishedDurationMillis":20750,"requestsFinishedPerMinute":3,"requestsFailedPerMinute":0,"requestTotalDurationMillis":145248,"requestsTotal":7,"crawlerRuntimeMillis":120107,"retryHistogram":[7]}[39m
[32mINFO[39m [33m PlaywrightCrawler:AutoscaledPool:[39m state[90m {"currentConcurrency":1,"desiredConcurrency":1,"systemStatus":{"isSystemIdle":false,"memInfo":{"isOverloaded":true,"limitRatio":0.2,"actualRatio":0.928},"eventLoopInfo":{"isOverloaded":false,"limitRatio":0.6,"actualRatio":0},"cpuInfo":{"isOverloaded":false,"limitRatio":0.4,"actualRatio":0},"clientInfo":{"isOverloaded":false,"limitRatio":0.3,"actualRatio":0}}}[39m
[32mINFO[39m [33m PlaywrightCrawler:[39m Parsing: https://www.chipdip.ru/product/aoz1280ci-dc-dc-preobrazovatel-step-down-alpha-omega-9000361378
[32mINFO[39m [33m PlaywrightCrawler:[39m Using proxy: p.webshare.io:80
[32mINFO[39m [33m PlaywrightCrawler:[39m ✅ Parsed: AOZ1280CI, DC-DC преобразователь, Step-Down, Uвх=3...26В, Uвых=0.8...26В, 1.2А, 1.5МГц [SOT-23-6.]
📊 Progress: 8/2000 (0.4%) | Speed: 0.4 products/min | ETA: 4702 min | Failed: 0 | Blocked: 0
🔄 Proxy rotations: 2 | Healthy proxies: 20000/20000
[32mINFO[39m [33m PlaywrightCrawler:[39m Parsing: https://www.chipdip.ru/product/aoz1282ci-dc-dc-preobrazovatel-buck-uvh-4.5-36v-alpha-omega-9000391568
[32mINFO[39m [33m PlaywrightCrawler:[39m Using proxy: p.webshare.io:80
[32mINFO[39m [33m PlaywrightCrawler:[39m ✅ Parsed: AOZ1282CI, DC-DC преобразователь, Buck, Uвх=4.5…36В, Uвых=0.8…36В, 1.2А, 450кГц [SOT-23-6.]
📊 Progress: 9/2000 (0.4%) | Speed: 0.5 products/min | ETA: 4247 min | Failed: 0 | Blocked: 0
🔄 Proxy rotations: 2 | Healthy proxies: 20000/20000
[32mINFO[39m [33m PlaywrightCrawler:[39m Parsing: https://www.chipdip.ru/product/aoz1284pi-dc-dc-preobrazovatel-buck-uvh-3-36v-alpha-omega-9000383786
[32mINFO[39m [33m PlaywrightCrawler:[39m Using proxy: p.webshare.io:80
[32mINFO[39m [33m PlaywrightCrawler:[39m ✅ Parsed: AOZ1284PI, DC-DC преобразователь, Buck, Uвх=3…36В, Uвых=0.8…30.6В, 4А, 0.2…1МГц [SO-8_PowerPad.]
📊 Progress: 10/2000 (0.5%) | Speed: 0.5 products/min | ETA: 3882 min | Failed: 0 | Blocked: 0
🔄 Proxy rotations: 2 | Healthy proxies: 20000/20000
[32mINFO[39m [33m PlaywrightCrawler:Statistics:[39m PlaywrightCrawler request statistics:[90m {"requestAvgFailedDurationMillis":null,"requestAvgFinishedDurationMillis":20102,"requestsFinishedPerMinute":3,"requestsFailedPerMinute":0,"requestTotalDurationMillis":201016,"requestsTotal":10,"crawlerRuntimeMillis":180108,"retryHistogram":[10]}[39m
[32mINFO[39m [33m PlaywrightCrawler:AutoscaledPool:[39m state[90m {"currentConcurrency":1,"desiredConcurrency":1,"systemStatus":{"isSystemIdle":false,"memInfo":{"isOverloaded":true,"limitRatio":0.2,"actualRatio":0.214},"eventLoopInfo":{"isOverloaded":false,"limitRatio":0.6,"actualRatio":0},"cpuInfo":{"isOverloaded":false,"limitRatio":0.4,"actualRatio":0},"clientInfo":{"isOverloaded":false,"limitRatio":0.3,"actualRatio":0}}}[39m
[32mINFO[39m [33m PlaywrightCrawler:[39m Parsing: https://www.chipdip.ru/product/ap1501-12-ponizhayuschiy-dc-dc-preobrazovatel-12v-3a-umw-9001633736
[32mINFO[39m [33m PlaywrightCrawler:[39m Using proxy: p.webshare.io:80
[32mINFO[39m [33m PlaywrightCrawler:[39m ✅ Parsed: AP1501-12, Понижающий DC-DC преобразователь 12В 3А [TO-263-5L]
📊 Progress: 11/2000 (0.5%) | Speed: 0.6 products/min | ETA: 3574 min | Failed: 0 | Blocked: 0
🔄 Proxy rotations: 2 | Healthy proxies: 20000/20000
[32mINFO[39m [33m PlaywrightCrawler:[39m Parsing: https://www.chipdip.ru/product/ap1501-3.3-ponizhayuschiy-dc-dc-preobrazovatel-3.3v-3a-umw-9001633737
[32mINFO[39m [33m PlaywrightCrawler:[39m Using proxy: p.webshare.io:80
[32mINFO[39m [33m PlaywrightCrawler:[39m Parsing: https://www.chipdip.ru/product/ap1501-5.0-ponizhayuschiy-dc-dc-preobrazovatel-5.0v-3a-umw-9001633739
[32mINFO[39m [33m PlaywrightCrawler:[39m Using proxy: p.webshare.io:80
[33mWARN[39m [33m PlaywrightCrawler:AutoscaledPool:Snapshotter:[39m Memory is critically overloaded. Using 3894 MB of 4096 MB (95%). Consider increasing available memory.
[32mINFO[39m [33m PlaywrightCrawler:[39m ✅ Parsed: AP1501-5.0, Понижающий DC-DC преобразователь 5.0В 3А [TO-263-5L]
📊 Progress: 12/2000 (0.6%) | Speed: 0.6 products/min | ETA: 3327 min | Failed: 0 | Blocked: 0
🔄 Proxy rotations: 2 | Healthy proxies: 20000/20000
[32mINFO[39m [33m PlaywrightCrawler:[39m ✅ Parsed: AP1501-3.3, Понижающий DC-DC преобразователь 3.3В 3А [TO-263-5L]
📊 Progress: 13/2000 (0.7%) | Speed: 0.6 products/min | ETA: 3071 min | Failed: 0 | Blocked: 0
🔄 Proxy rotations: 2 | Healthy proxies: 20000/20000
[32mINFO[39m [33m PlaywrightCrawler:[39m Parsing: https://www.chipdip.ru/product/ap1501-adj-ponizhayuschiy-dc-dc-preobrazovatel-adj-3a-umw-9001633738
[32mINFO[39m [33m PlaywrightCrawler:[39m Using proxy: p.webshare.io:80
[32mINFO[39m [33m PlaywrightCrawler:[39m ✅ Parsed: AP1501-ADJ, Понижающий DC-DC преобразователь ADJ 3А [TO-263-5L]
📊 Progress: 14/2000 (0.7%) | Speed: 0.7 products/min | ETA: 2897 min | Failed: 0 | Blocked: 0
🔄 Proxy rotations: 2 | Healthy proxies: 20000/20000
[32mINFO[39m [33m PlaywrightCrawler:[39m Parsing: https://www.chipdip.ru/product/ap2971tc-a1-dc-dc-preobrazovatel-buck-uvh-4.5-18v-chipown-9001304167
[32mINFO[39m [33m PlaywrightCrawler:[39m Using proxy: p.webshare.io:80
[32mINFO[39m [33m PlaywrightCrawler:Statistics:[39m PlaywrightCrawler request statistics:[90m {"requestAvgFailedDurationMillis":null,"requestAvgFinishedDurationMillis":19385,"requestsFinishedPerMinute":3,"requestsFailedPerMinute":0,"requestTotalDurationMillis":271386,"requestsTotal":14,"crawlerRuntimeMillis":240109,"retryHistogram":[14]}[39m
[32mINFO[39m [33m PlaywrightCrawler:AutoscaledPool:[39m state[90m {"currentConcurrency":1,"desiredConcurrency":1,"systemStatus":{"isSystemIdle":false,"memInfo":{"isOverloaded":true,"limitRatio":0.2,"actualRatio":0.715},"eventLoopInfo":{"isOverloaded":false,"limitRatio":0.6,"actualRatio":0},"cpuInfo":{"isOverloaded":false,"limitRatio":0.4,"actualRatio":0},"clientInfo":{"isOverloaded":false,"limitRatio":0.3,"actualRatio":0}}}[39m
[32mINFO[39m [33m PlaywrightCrawler:[39m ✅ Parsed: AP2971TC-A1, DC-DC преобразователь, Buck, Uвх=4.5…18В, Uвых=1…5В, 3А, 500кГц [SOT-23-6.]
📊 Progress: 15/2000 (0.8%) | Speed: 0.7 products/min | ETA: 2739 min | Failed: 0 | Blocked: 0
🔄 Proxy rotations: 2 | Healthy proxies: 20000/20000
[32mINFO[39m [33m PlaywrightCrawler:[39m Parsing: https://www.chipdip.ru/product/ap3211ktr-g1-dc-dc-preobrazovatel-buck-uvh-4.5-18v-diodes-9000849854
[32mINFO[39m [33m PlaywrightCrawler:[39m Using proxy: p.webshare.io:80
[32mINFO[39m [33m PlaywrightCrawler:[39m ✅ Parsed: AP3211KTR-G1, DC-DC преобразователь, Buck, Uвх=4.5…18В, Uвых=0.81…15В, 1.5А, 1.4МГц [SOT-23-6.]
📊 Progress: 16/2000 (0.8%) | Speed: 0.8 products/min | ETA: 2606 min | Failed: 0 | Blocked: 0
🔄 Proxy rotations: 2 | Healthy proxies: 20000/20000
[32mINFO[39m [33m PlaywrightCrawler:[39m Parsing: https://www.chipdip.ru/product/apw7142ki-trg-dc-dc-preobrazovatel-napryazheniya-anpec-9000375229
[32mINFO[39m [33m PlaywrightCrawler:[39m Using proxy: p.webshare.io:80
[32mINFO[39m [33m PlaywrightCrawler:[39m ✅ Parsed: APW7142KI-TRG, DC/DC преобразователь напряжения 0.8-12В/3А, 500 кГц, [SOP-8]
📊 Progress: 17/2000 (0.9%) | Speed: 0.8 products/min | ETA: 2482 min | Failed: 0 | Blocked: 0
🔄 Proxy rotations: 2 | Healthy proxies: 20000/20000
[32mINFO[39m [33m PlaywrightCrawler:[39m Parsing: https://www.chipdip.ru/product/az34063umtr-g1-dc-dc-preobrazovatel-boost-buck-diodes-9000565705
[32mINFO[39m [33m PlaywrightCrawler:[39m Using proxy: p.webshare.io:80
[32mINFO[39m [33m PlaywrightCrawler:[39m ✅ Parsed: AZ34063UMTR-G1, DC-DC преобразователь, Boost, Buck, Uвх=3…36В, Uвых=1.25…36В, 1.5А, до 180кГц [SOIC-8.]
📊 Progress: 18/2000 (0.9%) | Speed: 0.8 products/min | ETA: 2375 min | Failed: 0 | Blocked: 0
🔄 Proxy rotations: 2 | Healthy proxies: 20000/20000
[32mINFO[39m [33m PlaywrightCrawler:Statistics:[39m PlaywrightCrawler request statistics:[90m {"requestAvgFailedDurationMillis":null,"requestAvgFinishedDurationMillis":18897,"requestsFinishedPerMinute":4,"requestsFailedPerMinute":0,"requestTotalDurationMillis":340149,"requestsTotal":18,"crawlerRuntimeMillis":300109,"retryHistogram":[18]}[39m
[32mINFO[39m [33m PlaywrightCrawler:AutoscaledPool:[39m state[90m {"currentConcurrency":1,"desiredConcurrency":1,"systemStatus":{"isSystemIdle":false,"memInfo":{"isOverloaded":true,"limitRatio":0.2,"actualRatio":0.928},"eventLoopInfo":{"isOverloaded":false,"limitRatio":0.6,"actualRatio":0},"cpuInfo":{"isOverloaded":false,"limitRatio":0.4,"actualRatio":0},"clientInfo":{"isOverloaded":false,"limitRatio":0.3,"actualRatio":0}}}[39m
[32mINFO[39m [33m PlaywrightCrawler:[39m Parsing: https://www.chipdip.ru/product/cn3303-sop-8-dc-dc-controllers-kontroller-consonance-9001610889
[32mINFO[39m [33m PlaywrightCrawler:[39m Using proxy: p.webshare.io:80
[32mINFO[39m [33m PlaywrightCrawler:[39m ✅ Parsed: CN3303, SOP-8 DC-DC Controllers, DC-DC контроллер
📊 Progress: 19/2000 (0.9%) | Speed: 0.9 products/min | ETA: 2274 min | Failed: 0 | Blocked: 0
🔄 Proxy rotations: 2 | Healthy proxies: 20000/20000
[32mINFO[39m [33m PlaywrightCrawler:[39m Parsing: https://www.chipdip.ru/product/icl7660cbaz-t-invertiruyuschiy-preobrazovatel-intersil-17001
[32mINFO[39m [33m PlaywrightCrawler:[39m Using proxy: p.webshare.io:80
[32mINFO[39m [33m PlaywrightCrawler:[39m ✅ Parsed: ICL7660CBAZ-T, Инвертирующий преобразователь напряжения [SO-8]
📊 Progress: 20/2000 (1.0%) | Speed: 0.9 products/min | ETA: 2186 min | Failed: 0 | Blocked: 0
🔄 Proxy rotations: 2 | Healthy proxies: 20000/20000
[32mINFO[39m [33m PlaywrightCrawler:[39m All requests from the queue have been processed, the crawler will shut down.
[32mINFO[39m [33m PlaywrightCrawler:[39m Final request statistics:[90m {"requestsFinished":20,"requestsFailed":0,"retryHistogram":[20],"requestAvgFailedDurationMillis":null,"requestAvgFinishedDurationMillis":18550,"requestsFinishedPerMinute":4,"requestsFailedPerMinute":0,"requestTotalDurationMillis":370996,"requestsTotal":20,"crawlerRuntimeMillis":328514}[39m
[32mINFO[39m [33m PlaywrightCrawler:[39m Finished! Total 20 requests: 20 succeeded, 0 failed.[90m {"terminal":true}[39m
✅ Batch completed. Processed: 20/2000
🔍 Testing proxy 1/50: yyinovqc-16...
✅ Proxy yyinovqc-16 is working!

🔄 Batch 2: Processing 20 products with proxy p.webshare.io:80
[32mINFO[39m [33m PlaywrightCrawler:[39m Starting the crawler.
[33mWARN[39m [33m PlaywrightCrawler:AutoscaledPool:Snapshotter:[39m Memory is critically overloaded. Using 3954 MB of 4096 MB (97%). Consider increasing available memory.
[32mINFO[39m [33m PlaywrightCrawler:[39m Parsing: https://www.chipdip.ru/product/icl7660scbaz-t-invertiruyuschiy-preobrazovatel-intersil-215939753
[32mINFO[39m [33m PlaywrightCrawler:[39m Using proxy: p.webshare.io:80
[32mINFO[39m [33m PlaywrightCrawler:[39m Parsing: https://www.chipdip.ru/product/icl7660cpaz-invertiruyuschiy-preobrazovatel-intersil-823161912
[32mINFO[39m [33m PlaywrightCrawler:[39m Using proxy: p.webshare.io:80
[33mWARN[39m [33m PlaywrightCrawler:AutoscaledPool:Snapshotter:[39m Memory is critically overloaded. Using 4076 MB of 4096 MB (100%). Consider increasing available memory.
[32mINFO[39m [33m PlaywrightCrawler:[39m ✅ Parsed: ICL7660CPAZ, Инвертирующий преобразователь напряжения [DIP-8]
📊 Progress: 21/2000 (1.1%) | Speed: 0.9 products/min | ETA: 2110 min | Failed: 0 | Blocked: 0
🔄 Proxy rotations: 3 | Healthy proxies: 20000/20000
[32mINFO[39m [33m PlaywrightCrawler:[39m ✅ Parsed: ICL7660SCBAZ-T, Инвертирующий преобразователь напряжения [SO-8]
📊 Progress: 22/2000 (1.1%) | Speed: 1.0 products/min | ETA: 2013 min | Failed: 0 | Blocked: 0
🔄 Proxy rotations: 3 | Healthy proxies: 20000/20000
[32mINFO[39m [33m PlaywrightCrawler:[39m Parsing: https://www.chipdip.ru/product/icl7660scpaz-invertiruyuschiy-preobrazovatel-intersil-4719
[32mINFO[39m [33m PlaywrightCrawler:[39m Using proxy: p.webshare.io:80
[32mINFO[39m [33m PlaywrightCrawler:[39m ✅ Parsed: ICL7660SCPAZ, Инвертирующий преобразователь напряжения [DIP-8]
📊 Progress: 23/2000 (1.1%) | Speed: 1.0 products/min | ETA: 1942 min | Failed: 0 | Blocked: 0
🔄 Proxy rotations: 3 | Healthy proxies: 20000/20000
[32mINFO[39m [33m PlaywrightCrawler:[39m Parsing: https://www.chipdip.ru/product/icl7662cba-t-kmop-preobrazovateli-napryazheniya-soic-8-maxim-162541581
[32mINFO[39m [33m PlaywrightCrawler:[39m Using proxy: p.webshare.io:80
[32mINFO[39m [33m PlaywrightCrawler:[39m ✅ Parsed: ICL7662CBA+T, КМОП преобразователи напряжения [SOIC-8]
📊 Progress: 24/2000 (1.2%) | Speed: 1.1 products/min | ETA: 1878 min | Failed: 0 | Blocked: 0
🔄 Proxy rotations: 3 | Healthy proxies: 20000/20000
[32mINFO[39m [33m PlaywrightCrawler:[39m Parsing: https://www.chipdip.ru/product/l296-silnotochnyy-impulsnyy-regulyator-st-microelectronics-3182
[32mINFO[39m [33m PlaywrightCrawler:[39m Using proxy: p.webshare.io:80
[32mINFO[39m [33m PlaywrightCrawler:[39m ✅ Parsed: L296, Сильноточный импульсный регулятор напряжения ADJ 4A Step-Down [Multiwatt-15]
📊 Progress: 25/2000 (1.3%) | Speed: 1.1 products/min | ETA: 1817 min | Failed: 0 | Blocked: 0
🔄 Proxy rotations: 3 | Healthy proxies: 20000/20000
[32mINFO[39m [33m PlaywrightCrawler:[39m Parsing: https://www.chipdip.ru/product/l4970a-stabilizator-napryazheniya-st-microelectronics-754417554
[32mINFO[39m [33m PlaywrightCrawler:[39m Using proxy: p.webshare.io:80
[32mINFO[39m [33m PlaywrightCrawler:Statistics:[39m PlaywrightCrawler request statistics:[90m {"requestAvgFailedDurationMillis":null,"requestAvgFinishedDurationMillis":13577,"requestsFinishedPerMinute":5,"requestsFailedPerMinute":0,"requestTotalDurationMillis":67886,"requestsTotal":5,"crawlerRuntimeMillis":60094,"retryHistogram":[5]}[39m
[32mINFO[39m [33m PlaywrightCrawler:AutoscaledPool:[39m state[90m {"currentConcurrency":1,"desiredConcurrency":1,"systemStatus":{"isSystemIdle":false,"memInfo":{"isOverloaded":true,"limitRatio":0.2,"actualRatio":1},"eventLoopInfo":{"isOverloaded":false,"limitRatio":0.6,"actualRatio":0},"cpuInfo":{"isOverloaded":false,"limitRatio":0.4,"actualRatio":0},"clientInfo":{"isOverloaded":false,"limitRatio":0.3,"actualRatio":0}}}[39m
[32mINFO[39m [33m PlaywrightCrawler:[39m ✅ Parsed: L4970A, Стабилизатор напряжения импульсный 5.1...40В, 2%, 10A, (-40...+120C), [Multiwatt-15V]
📊 Progress: 26/2000 (1.3%) | Speed: 1.1 products/min | ETA: 1759 min | Failed: 0 | Blocked: 0
🔄 Proxy rotations: 3 | Healthy proxies: 20000/20000
[32mINFO[39m [33m PlaywrightCrawler:[39m Parsing: https://www.chipdip.ru/product/l4971-impulsnyy-ponizhayuschiy-regulyator-st-microelectronics-84109012
[32mINFO[39m [33m PlaywrightCrawler:[39m Using proxy: p.webshare.io:80
[32mINFO[39m [33m PlaywrightCrawler:[39m ✅ Parsed: L4971, Импульсный понижающий регулятор напряжения, 1.5А, 3.3В…50В, [DIP-8]
📊 Progress: 27/2000 (1.4%) | Speed: 1.2 products/min | ETA: 1709 min | Failed: 0 | Blocked: 0
🔄 Proxy rotations: 3 | Healthy proxies: 20000/20000
[32mINFO[39m [33m PlaywrightCrawler:[39m Parsing: https://www.chipdip.ru/product/l4971d-dc-dc-preobrazovatel-st-microelectronics-1141640346
[32mINFO[39m [33m PlaywrightCrawler:[39m Using proxy: p.webshare.io:80
[32mINFO[39m [33m PlaywrightCrawler:[39m ✅ Parsed: L4971D, DC/DC преобразователь, понижающий, Uвых= 3.3...50В, 1.5А, 300кГц [SO-16W]
📊 Progress: 28/2000 (1.4%) | Speed: 1.2 products/min | ETA: 1660 min | Failed: 0 | Blocked: 0
🔄 Proxy rotations: 3 | Healthy proxies: 20000/20000
[32mINFO[39m [33m PlaywrightCrawler:[39m Parsing: https://www.chipdip.ru/product/l4973d5.1-impulsnyy-regulyator-st-microelectronics-9000019952
[32mINFO[39m [33m PlaywrightCrawler:[39m Using proxy: p.webshare.io:80
[32mINFO[39m [33m PlaywrightCrawler:[39m ✅ Parsed: L4973D5.1, Импульсный регулятор напряжения 5.1V 3.5A Step-Down, [SOIC-20W]
📊 Progress: 29/2000 (1.5%) | Speed: 1.2 products/min | ETA: 1615 min | Failed: 0 | Blocked: 0
🔄 Proxy rotations: 3 | Healthy proxies: 20000/20000
[32mINFO[39m [33m PlaywrightCrawler:[39m Parsing: https://www.chipdip.ru/product/l4978-dc-dc-preobrazovatel-2a-step-down-st-microelectronics-2992547619
[32mINFO[39m [33m PlaywrightCrawler:[39m Using proxy: p.webshare.io:80
[32mINFO[39m [33m PlaywrightCrawler:[39m ✅ Parsed: L4978, DC-DC преобразователь 2А STEP DOWN [DIP-8]
📊 Progress: 30/2000 (1.5%) | Speed: 1.3 products/min | ETA: 1573 min | Failed: 0 | Blocked: 0
🔄 Proxy rotations: 3 | Healthy proxies: 20000/20000
[32mINFO[39m [33m PlaywrightCrawler:[39m Parsing: https://www.chipdip.ru/product/l5970d013tr-impulsnyy-st-microelectronics-2362903864
[32mINFO[39m [33m PlaywrightCrawler:[39m Using proxy: p.webshare.io:80
[32mINFO[39m [33m PlaywrightCrawler:Statistics:[39m PlaywrightCrawler request statistics:[90m {"requestAvgFailedDurationMillis":null,"requestAvgFinishedDurationMillis":12530,"requestsFinishedPerMinute":5,"requestsFailedPerMinute":0,"requestTotalDurationMillis":125297,"requestsTotal":10,"crawlerRuntimeMillis":120095,"retryHistogram":[10]}[39m
[32mINFO[39m [33m PlaywrightCrawler:AutoscaledPool:[39m state[90m {"currentConcurrency":1,"desiredConcurrency":1,"systemStatus":{"isSystemIdle":false,"memInfo":{"isOverloaded":true,"limitRatio":0.2,"actualRatio":0.965},"eventLoopInfo":{"isOverloaded":false,"limitRatio":0.6,"actualRatio":0},"cpuInfo":{"isOverloaded":false,"limitRatio":0.4,"actualRatio":0},"clientInfo":{"isOverloaded":false,"limitRatio":0.3,"actualRatio":0}}}[39m
[32mINFO[39m [33m PlaywrightCrawler:[39m ✅ Parsed: L5970D013TR, Импульсный понижающий/повышающий регулятор напряжения, 1А, [SO-8]
📊 Progress: 31/2000 (1.6%) | Speed: 1.3 products/min | ETA: 1536 min | Failed: 0 | Blocked: 0
🔄 Proxy rotations: 3 | Healthy proxies: 20000/20000
[32mINFO[39m [33m PlaywrightCrawler:[39m Parsing: https://www.chipdip.ru/product/l5972d013tr-impulsnyy-regulyator-st-microelectronics-2260054958
[32mINFO[39m [33m PlaywrightCrawler:[39m Using proxy: p.webshare.io:80
[32mINFO[39m [33m PlaywrightCrawler:[39m ✅ Parsed: L5972D013TR, Импульсный регулятор напряжения ADJ 2A Step-Down [SOIC-8]
📊 Progress: 32/2000 (1.6%) | Speed: 1.3 products/min | ETA: 1498 min | Failed: 0 | Blocked: 0
🔄 Proxy rotations: 3 | Healthy proxies: 20000/20000
[32mINFO[39m [33m PlaywrightCrawler:[39m Parsing: https://www.chipdip.ru/product/l5973adtr-dc-dc-preobrazovatel-2a-step-st-microelectronics-9000033061
[32mINFO[39m [33m PlaywrightCrawler:[39m Using proxy: p.webshare.io:80
[32mINFO[39m [33m PlaywrightCrawler:[39m ✅ Parsed: L5973ADTR, DC-DC преобразователь 2А STEP DOWN [HSOP-8]
📊 Progress: 33/2000 (1.7%) | Speed: 1.3 products/min | ETA: 1463 min | Failed: 0 | Blocked: 0
🔄 Proxy rotations: 3 | Healthy proxies: 20000/20000
[32mINFO[39m [33m PlaywrightCrawler:[39m Parsing: https://www.chipdip.ru/product/l5973d013tr-impulsnyy-ponizhayuschiy-st-microelectronics-9000052232
[32mINFO[39m [33m PlaywrightCrawler:[39m Using proxy: p.webshare.io:80
[32mINFO[39m [33m PlaywrightCrawler:[39m ✅ Parsed: L5973D013TR, Импульсный понижающий регулятор напряжения [HSOP-8]
📊 Progress: 34/2000 (1.7%) | Speed: 1.4 products/min | ETA: 1430 min | Failed: 0 | Blocked: 0
🔄 Proxy rotations: 3 | Healthy proxies: 20000/20000
[32mINFO[39m [33m PlaywrightCrawler:[39m Parsing: https://www.chipdip.ru/product/l6920dctr-preobrazovatel-postoyannogo-st-microelectronics-9000997329
[32mINFO[39m [33m PlaywrightCrawler:[39m Using proxy: p.webshare.io:80
[32mINFO[39m [33m PlaywrightCrawler:[39m ✅ Parsed: L6920DCTR, Преобразователь постоянного тока повышающий синхронный 3.3/5В/подстраиваемый [MSOP-8]
📊 Progress: 35/2000 (1.8%) | Speed: 1.4 products/min | ETA: 1400 min | Failed: 0 | Blocked: 0
🔄 Proxy rotations: 3 | Healthy proxies: 20000/20000
[32mINFO[39m [33m PlaywrightCrawler:[39m Parsing: https://www.chipdip.ru/product/lm1501agr-adj-ponizhayuschiy-dc-dc-preobrazovatel-htc-9000543846
[32mINFO[39m [33m PlaywrightCrawler:[39m Using proxy: p.webshare.io:80
[32mINFO[39m [33m PlaywrightCrawler:Statistics:[39m PlaywrightCrawler request statistics:[90m {"requestAvgFailedDurationMillis":null,"requestAvgFinishedDurationMillis":12243,"requestsFinishedPerMinute":5,"requestsFailedPerMinute":0,"requestTotalDurationMillis":183648,"requestsTotal":15,"crawlerRuntimeMillis":180096,"retryHistogram":[15]}[39m
[32mINFO[39m [33m PlaywrightCrawler:AutoscaledPool:[39m state[90m {"currentConcurrency":1,"desiredConcurrency":1,"systemStatus":{"isSystemIdle":false,"memInfo":{"isOverloaded":true,"limitRatio":0.2,"actualRatio":0.573},"eventLoopInfo":{"isOverloaded":false,"limitRatio":0.6,"actualRatio":0},"cpuInfo":{"isOverloaded":false,"limitRatio":0.4,"actualRatio":0},"clientInfo":{"isOverloaded":false,"limitRatio":0.3,"actualRatio":0}}}[39m
[32mINFO[39m [33m PlaywrightCrawler:[39m ✅ Parsed: LM1501AGR-ADJ, Понижающий DC-DC преобразователь, Uвх=до 40В, Uвых=1.23…37, 5А, 150кГц [TO-263-5L.]
📊 Progress: 36/2000 (1.8%) | Speed: 1.4 products/min | ETA: 1373 min | Failed: 0 | Blocked: 0
🔄 Proxy rotations: 3 | Healthy proxies: 20000/20000
[32mINFO[39m [33m PlaywrightCrawler:[39m Parsing: https://www.chipdip.ru/product/lm1501bgr-adj-ponizhayuschiy-dc-dc-preobrazovatel-htc-9001087014
[32mINFO[39m [33m PlaywrightCrawler:[39m Using proxy: p.webshare.io:80
[32mINFO[39m [33m PlaywrightCrawler:[39m ✅ Parsed: LM1501BGR-ADJ, Понижающий DC-DC преобразователь, Uвх=до 40В, Uвых=1.23…37, 5А, 300кГц [TO-263-5L.]
📊 Progress: 37/2000 (1.8%) | Speed: 1.5 products/min | ETA: 1347 min | Failed: 0 | Blocked: 0
🔄 Proxy rotations: 3 | Healthy proxies: 20000/20000
[32mINFO[39m [33m PlaywrightCrawler:[39m Parsing: https://www.chipdip.ru/product/lm22670mrx-adj-nopb-dc-dc-preobrazovatel-texas-instruments-9001599781
[32mINFO[39m [33m PlaywrightCrawler:[39m Using proxy: p.webshare.io:80
[32mINFO[39m [33m PlaywrightCrawler:[39m ✅ Parsed: LM22670MRX-ADJ/NOPB, DC-DC преобразователь понижающий ADJ 3А 500кГц [SO-8 PowerPad.] (=LM22670MR-ADJ/NOPB)
📊 Progress: 38/2000 (1.9%) | Speed: 1.5 products/min | ETA: 1320 min | Failed: 0 | Blocked: 0
🔄 Proxy rotations: 3 | Healthy proxies: 20000/20000
[32mINFO[39m [33m PlaywrightCrawler:[39m Parsing: https://www.chipdip.ru/product/lm22673mrx-adj-nopb-dc-dc-preobrazovatel-texas-instruments-9001599782
[32mINFO[39m [33m PlaywrightCrawler:[39m Using proxy: p.webshare.io:80
[32mINFO[39m [33m PlaywrightCrawler:[39m ✅ Parsed: LM22673MRX-ADJ/NOPB, DC-DC преобразователь понижающий ADJ 3А 500кГц [SO-8 PowerPad.] (=LM22673MRE-ADJ/NOPB)
📊 Progress: 39/2000 (1.9%) | Speed: 1.5 products/min | ETA: 1295 min | Failed: 0 | Blocked: 0
🔄 Proxy rotations: 3 | Healthy proxies: 20000/20000
[32mINFO[39m [33m PlaywrightCrawler:[39m Parsing: https://www.chipdip.ru/product/lm22675mrx-5.0-nopb-preobrazovatel-s-texas-instruments-9000123438
[32mINFO[39m [33m PlaywrightCrawler:[39m Using proxy: p.webshare.io:80
[32mINFO[39m [33m PlaywrightCrawler:[39m ✅ Parsed: LM22675MRX-5.0/NOPB, Преобразователь с фиксированным выходным напряжением 5В [SO PowerPAD-8]
📊 Progress: 40/2000 (2.0%) | Speed: 1.5 products/min | ETA: 1271 min | Failed: 0 | Blocked: 0
🔄 Proxy rotations: 3 | Healthy proxies: 20000/20000
[32mINFO[39m [33m PlaywrightCrawler:[39m All requests from the queue have been processed, the crawler will shut down.
[32mINFO[39m [33m PlaywrightCrawler:[39m Final request statistics:[90m {"requestsFinished":20,"requestsFailed":0,"retryHistogram":[20],"requestAvgFailedDurationMillis":null,"requestAvgFinishedDurationMillis":12216,"requestsFinishedPerMinute":5,"requestsFailedPerMinute":0,"requestTotalDurationMillis":244324,"requestsTotal":20,"crawlerRuntimeMillis":229056}[39m
[32mINFO[39m [33m PlaywrightCrawler:[39m Finished! Total 20 requests: 20 succeeded, 0 failed.[90m {"terminal":true}[39m
✅ Batch completed. Processed: 40/2000
🔍 Testing proxy 1/50: yyinovqc-17...
✅ Proxy yyinovqc-17 is working!

🔄 Batch 3: Processing 20 products with proxy p.webshare.io:80
[32mINFO[39m [33m PlaywrightCrawler:[39m Starting the crawler.
[33mWARN[39m [33m PlaywrightCrawler:AutoscaledPool:Snapshotter:[39m Memory is critically overloaded. Using 3894 MB of 4096 MB (95%). Consider increasing available memory.
[32mINFO[39m [33m PlaywrightCrawler:[39m Parsing: https://www.chipdip.ru/product/lm22675mrx-adj-nopb-dc-dc-preobrazovatel-texas-instruments-9000229763
[32mINFO[39m [33m PlaywrightCrawler:[39m Using proxy: p.webshare.io:80
[32mINFO[39m [33m PlaywrightCrawler:[39m Parsing: https://www.chipdip.ru/product/lm22676mrx-adj-nopb-dc-dc-preobrazovatel-texas-instruments-9001599783
[32mINFO[39m [33m PlaywrightCrawler:[39m Using proxy: p.webshare.io:80
[33mWARN[39m [33m PlaywrightCrawler:AutoscaledPool:Snapshotter:[39m Memory is critically overloaded. Using 3989 MB of 4096 MB (97%). Consider increasing available memory.
[32mINFO[39m [33m PlaywrightCrawler:[39m ✅ Parsed: LM22676MRX-ADJ/NOPB, DC-DC преобразователь понижающий ADJ 3А 500кГц [SO-8 PowerPad.] (=LM22676MRE-ADJ/NOPB)
📊 Progress: 41/2000 (2.1%) | Speed: 1.6 products/min | ETA: 1253 min | Failed: 0 | Blocked: 0
🔄 Proxy rotations: 4 | Healthy proxies: 20000/20000
[32mINFO[39m [33m PlaywrightCrawler:[39m ✅ Parsed: LM22675MRX-ADJ/NOPB, DC-DC преобразователь Step-Down 1А , Uвх=4.5-42В, Uвых=1.285-30В [PSOP-8]
📊 Progress: 42/2000 (2.1%) | Speed: 1.6 products/min | ETA: 1223 min | Failed: 0 | Blocked: 0
🔄 Proxy rotations: 4 | Healthy proxies: 20000/20000
[32mINFO[39m [33m PlaywrightCrawler:[39m Parsing: https://www.chipdip.ru/product/lm22680mrx-adj-nopb-dc-dc-preobrazovatel-texas-instruments-9000100708
[32mINFO[39m [33m PlaywrightCrawler:[39m Using proxy: p.webshare.io:80
[32mINFO[39m [33m PlaywrightCrawler:[39m ✅ Parsed: LM22680MRX-ADJ/NOPB, DC-DC преобразователь, Buck, Uвх=4.5…42В, Uвых=1.285…37В, 2А, 500кГц [SO PowerPAD-8.]
📊 Progress: 43/2000 (2.1%) | Speed: 1.6 products/min | ETA: 1203 min | Failed: 0 | Blocked: 0
🔄 Proxy rotations: 4 | Healthy proxies: 20000/20000
[32mINFO[39m [33m PlaywrightCrawler:[39m Parsing: https://www.chipdip.ru/product/lm25575mhx-nopb-ponizhayuschiy-dc-dc-texas-instruments-9000063587
[32mINFO[39m [33m PlaywrightCrawler:[39m Using proxy: p.webshare.io:80
[32mINFO[39m [33m PlaywrightCrawler:[39m ✅ Parsed: LM25575MHX/NOPB, Понижающий DC-DC конвертер, ADJ, 1.5А, [HTSSOP-16 EP](=LM25575MH/NOPB)
📊 Progress: 44/2000 (2.2%) | Speed: 1.7 products/min | ETA: 1183 min | Failed: 0 | Blocked: 0
🔄 Proxy rotations: 4 | Healthy proxies: 20000/20000
[32mINFO[39m [33m PlaywrightCrawler:[39m Parsing: https://www.chipdip.ru/product/lm2574n-5.0-nopb-impulsnyy-ponizhayuschiy-texas-instruments-7568590
[32mINFO[39m [33m PlaywrightCrawler:[39m Using proxy: p.webshare.io:80
[32mINFO[39m [33m PlaywrightCrawler:[39m ✅ Parsed: LM2574N-5.0/NOPB, Импульсный понижающий регулятор напряжения, 5В, 0.5А, [DIP-8]
📊 Progress: 45/2000 (2.3%) | Speed: 1.7 products/min | ETA: 1165 min | Failed: 0 | Blocked: 0
🔄 Proxy rotations: 4 | Healthy proxies: 20000/20000
[32mINFO[39m [33m PlaywrightCrawler:[39m Parsing: https://www.chipdip.ru/product/lm2575gr-adj-ponizhayuschiy-dc-dc-preobrazovatel-uvh-do-htc-9000543836
[32mINFO[39m [33m PlaywrightCrawler:[39m Using proxy: p.webshare.io:80
[32mINFO[39m [33m PlaywrightCrawler:Statistics:[39m PlaywrightCrawler request statistics:[90m {"requestAvgFailedDurationMillis":null,"requestAvgFinishedDurationMillis":12356,"requestsFinishedPerMinute":5,"requestsFailedPerMinute":0,"requestTotalDurationMillis":61779,"requestsTotal":5,"crawlerRuntimeMillis":60094,"retryHistogram":[5]}[39m
[32mINFO[39m [33m PlaywrightCrawler:AutoscaledPool:[39m state[90m {"currentConcurrency":1,"desiredConcurrency":1,"systemStatus":{"isSystemIdle":false,"memInfo":{"isOverloaded":true,"limitRatio":0.2,"actualRatio":0.964},"eventLoopInfo":{"isOverloaded":false,"limitRatio":0.6,"actualRatio":0},"cpuInfo":{"isOverloaded":false,"limitRatio":0.4,"actualRatio":0},"clientInfo":{"isOverloaded":false,"limitRatio":0.3,"actualRatio":0}}}[39m
[32mINFO[39m [33m PlaywrightCrawler:[39m ✅ Parsed: LM2575GR-ADJ, Понижающий DC-DC преобразователь, Uвх=до 40В, Uвых=1.23…37, 1А, 52кГц [TO-263-5L](=LM2575S-ADJ)
📊 Progress: 46/2000 (2.3%) | Speed: 1.7 products/min | ETA: 1148 min | Failed: 0 | Blocked: 0
🔄 Proxy rotations: 4 | Healthy proxies: 20000/20000
[32mINFO[39m [33m PlaywrightCrawler:[39m Parsing: https://www.chipdip.ru/product/lm2575gt-adj-ponizhayuschiy-dc-dc-preobrazovatel-uvh-do-htc-9000543837
[32mINFO[39m [33m PlaywrightCrawler:[39m Using proxy: p.webshare.io:80
[32mINFO[39m [33m PlaywrightCrawler:[39m ✅ Parsed: LM2575GT-ADJ, Понижающий DC-DC преобразователь, Uвх=до 40В, Uвых=1.23…37, 1А, 52кГц [TO-220-5L] (=LM2575T-ADJ)
📊 Progress: 47/2000 (2.4%) | Speed: 1.7 products/min | ETA: 1130 min | Failed: 0 | Blocked: 0
🔄 Proxy rotations: 4 | Healthy proxies: 20000/20000
[32mINFO[39m [33m PlaywrightCrawler:[39m Parsing: https://www.chipdip.ru/product/lm2575hvr-12-ponizhayuschiy-dc-dc-preobrazovatel-uvh-do-htc-9001087020
[32mINFO[39m [33m PlaywrightCrawler:[39m Using proxy: p.webshare.io:80
[32mINFO[39m [33m PlaywrightCrawler:[39m ✅ Parsed: LM2575HVR-12, Понижающий DC-DC преобразователь, Uвх=до 60В, Uвых=+12В, 1А, 52кГц [TO-263-5L] (=LM2575HVS-12)
📊 Progress: 48/2000 (2.4%) | Speed: 1.8 products/min | ETA: 1113 min | Failed: 0 | Blocked: 0
🔄 Proxy rotations: 4 | Healthy proxies: 20000/20000
[32mINFO[39m [33m PlaywrightCrawler:[39m Parsing: https://www.chipdip.ru/product/lm2575hvr-5.0-ponizhayuschiy-dc-dc-preobrazovatel-htc-9001087019
[32mINFO[39m [33m PlaywrightCrawler:[39m Using proxy: p.webshare.io:80
[32mINFO[39m [33m PlaywrightCrawler:[39m ✅ Parsed: LM2575HVR-5.0, Понижающий DC-DC преобразователь, Uвх=до 60В, Uвых=+5В, 1А, 52кГц [TO-263-5L] (=LM2575HVS-5.0)
📊 Progress: 49/2000 (2.5%) | Speed: 1.8 products/min | ETA: 1097 min | Failed: 0 | Blocked: 0
🔄 Proxy rotations: 4 | Healthy proxies: 20000/20000
[32mINFO[39m [33m PlaywrightCrawler:[39m Parsing: https://www.chipdip.ru/product/lm2575hvr-adj-ponizhayuschiy-dc-dc-preobrazovatel-htc-9001087017
[32mINFO[39m [33m PlaywrightCrawler:[39m Using proxy: p.webshare.io:80
[32mINFO[39m [33m PlaywrightCrawler:[39m ✅ Parsed: LM2575HVR-ADJ, Понижающий DC-DC преобразователь, Uвх=до 60В, Uвых=1.23…52, 1А, 52кГц [TO-263-5L] (=LM2575HVS-ADJ)
📊 Progress: 50/2000 (2.5%) | Speed: 1.8 products/min | ETA: 1082 min | Failed: 0 | Blocked: 0
🔄 Proxy rotations: 4 | Healthy proxies: 20000/20000
[32mINFO[39m [33m PlaywrightCrawler:[39m Parsing: https://www.chipdip.ru/product/lm2575hvs-12-ponizhayuschiy-dc-dc-preobrazovatel-uvh-do-umw-9001231213
[32mINFO[39m [33m PlaywrightCrawler:[39m Using proxy: p.webshare.io:80
[32mINFO[39m [33m PlaywrightCrawler:[39m ✅ Parsed: LM2575HVS-12, Понижающий DC-DC преобразователь, Uвх=до 60В, Uвых=12В, 1А, 52кГц [TO-263-5L]
📊 Progress: 51/2000 (2.5%) | Speed: 1.8 products/min | ETA: 1067 min | Failed: 0 | Blocked: 0
🔄 Proxy rotations: 4 | Healthy proxies: 20000/20000
[32mINFO[39m [33m PlaywrightCrawler:Statistics:[39m PlaywrightCrawler request statistics:[90m {"requestAvgFailedDurationMillis":null,"requestAvgFinishedDurationMillis":11751,"requestsFinishedPerMinute":5,"requestsFailedPerMinute":0,"requestTotalDurationMillis":129264,"requestsTotal":11,"crawlerRuntimeMillis":120096,"retryHistogram":[11]}[39m
[32mINFO[39m [33m PlaywrightCrawler:AutoscaledPool:[39m state[90m {"currentConcurrency":1,"desiredConcurrency":1,"systemStatus":{"isSystemIdle":false,"memInfo":{"isOverloaded":true,"limitRatio":0.2,"actualRatio":1},"eventLoopInfo":{"isOverloaded":false,"limitRatio":0.6,"actualRatio":0},"cpuInfo":{"isOverloaded":false,"limitRatio":0.4,"actualRatio":0},"clientInfo":{"isOverloaded":false,"limitRatio":0.3,"actualRatio":0}}}[39m
[32mINFO[39m [33m PlaywrightCrawler:[39m Parsing: https://www.chipdip.ru/product/lm2575hvs-3.3-ponizhayuschiy-dc-dc-preobrazovatel-umw-9001231209
[32mINFO[39m [33m PlaywrightCrawler:[39m Using proxy: p.webshare.io:80
[32mINFO[39m [33m PlaywrightCrawler:[39m ✅ Parsed: LM2575HVS-3.3, Понижающий DC-DC преобразователь, Uвх=до 60В, Uвых=3.3В, 1А, 52кГц [TO-263-5L]
📊 Progress: 52/2000 (2.6%) | Speed: 1.8 products/min | ETA: 1054 min | Failed: 0 | Blocked: 0
🔄 Proxy rotations: 4 | Healthy proxies: 20000/20000
[32mINFO[39m [33m PlaywrightCrawler:[39m Parsing: https://www.chipdip.ru/product/lm2575hvs-5.0-ponizhayuschiy-dc-dc-preobrazovatel-umw-9001231210
[32mINFO[39m [33m PlaywrightCrawler:[39m Using proxy: p.webshare.io:80
[32mINFO[39m [33m PlaywrightCrawler:[39m ✅ Parsed: LM2575HVS-5.0, Понижающий DC-DC преобразователь, Uвх=до 60В, Uвых=5В, 1А, 52кГц [TO-263-5L]
📊 Progress: 53/2000 (2.6%) | Speed: 1.9 products/min | ETA: 1040 min | Failed: 0 | Blocked: 0
🔄 Proxy rotations: 4 | Healthy proxies: 20000/20000
[32mINFO[39m [33m PlaywrightCrawler:[39m Parsing: https://www.chipdip.ru/product/lm2575hvs-adj-ponizhayuschiy-dc-dc-preobrazovatel-umw-9001231214
[32mINFO[39m [33m PlaywrightCrawler:[39m Using proxy: p.webshare.io:80
[32mINFO[39m [33m PlaywrightCrawler:[39m ✅ Parsed: LM2575HVS-ADJ, Понижающий DC-DC преобразователь, Uвх=до 60В, Uвых=1.23…57В, 1А, 52кГц [TO-263-5L]
📊 Progress: 54/2000 (2.7%) | Speed: 1.9 products/min | ETA: 1026 min | Failed: 0 | Blocked: 0
🔄 Proxy rotations: 4 | Healthy proxies: 20000/20000
[32mINFO[39m [33m PlaywrightCrawler:[39m Parsing: https://www.chipdip.ru/product/lm2575hvt-5.0-ponizhayuschiy-dc-dc-preobrazovatel-htc-9001087015
[32mINFO[39m [33m PlaywrightCrawler:[39m Using proxy: p.webshare.io:80
[32mINFO[39m [33m PlaywrightCrawler:[39m ✅ Parsed: LM2575HVT-5.0, Понижающий DC-DC преобразователь, Uвх=до 60В, Uвых=+5В, 1А, 52кГц [TO-220-5L] (=LM2575T-5.0)
📊 Progress: 55/2000 (2.8%) | Speed: 1.9 products/min | ETA: 1013 min | Failed: 0 | Blocked: 0
🔄 Proxy rotations: 4 | Healthy proxies: 20000/20000
[32mINFO[39m [33m PlaywrightCrawler:[39m Parsing: https://www.chipdip.ru/product/lm2575hvt-adj-ponizhayuschiy-dc-dc-preobrazovatel-htc-9001087016
[32mINFO[39m [33m PlaywrightCrawler:[39m Using proxy: p.webshare.io:80
[32mINFO[39m [33m PlaywrightCrawler:[39m ✅ Parsed: LM2575HVT-ADJ, Понижающий DC-DC преобразователь, Uвх=до 60В, Uвых=1.23…52, 1А, 52кГц [TO-220-5L] (=LM2575T-ADJ)
📊 Progress: 56/2000 (2.8%) | Speed: 1.9 products/min | ETA: 1001 min | Failed: 0 | Blocked: 0
🔄 Proxy rotations: 4 | Healthy proxies: 20000/20000
[32mINFO[39m [33m PlaywrightCrawler:[39m Parsing: https://www.chipdip.ru/product/lm2575s-12-ponizhayuschiy-dc-dc-preobrazovatel-uvh-do-umw-9001169290
[32mINFO[39m [33m PlaywrightCrawler:[39m Using proxy: p.webshare.io:80
[32mINFO[39m [33m PlaywrightCrawler:Statistics:[39m PlaywrightCrawler request statistics:[90m {"requestAvgFailedDurationMillis":null,"requestAvgFinishedDurationMillis":11453,"requestsFinishedPerMinute":5,"requestsFailedPerMinute":0,"requestTotalDurationMillis":183255,"requestsTotal":16,"crawlerRuntimeMillis":180096,"retryHistogram":[16]}[39m
[32mINFO[39m [33m PlaywrightCrawler:AutoscaledPool:[39m state[90m {"currentConcurrency":1,"desiredConcurrency":1,"systemStatus":{"isSystemIdle":false,"memInfo":{"isOverloaded":true,"limitRatio":0.2,"actualRatio":1},"eventLoopInfo":{"isOverloaded":false,"limitRatio":0.6,"actualRatio":0},"cpuInfo":{"isOverloaded":false,"limitRatio":0.4,"actualRatio":0},"clientInfo":{"isOverloaded":false,"limitRatio":0.3,"actualRatio":0}}}[39m
[32mINFO[39m [33m PlaywrightCrawler:[39m ✅ Parsed: LM2575S-12, Понижающий DC-DC преобразователь, Uвх=до 40В, Uвых=12В, 1А, 52кГц [TO-263-5]
📊 Progress: 57/2000 (2.9%) | Speed: 2.0 products/min | ETA: 989 min | Failed: 0 | Blocked: 0
🔄 Proxy rotations: 4 | Healthy proxies: 20000/20000
[32mINFO[39m [33m PlaywrightCrawler:[39m Parsing: https://www.chipdip.ru/product/lm2575s-3.3-ponizhayuschiy-dc-dc-preobrazovatel-uvh-do-umw-9001169289
[32mINFO[39m [33m PlaywrightCrawler:[39m Using proxy: p.webshare.io:80
[32mINFO[39m [33m PlaywrightCrawler:[39m ✅ Parsed: LM2575S-3.3, Понижающий DC-DC преобразователь, Uвх=до 40В, Uвых=3.3В, 1А, 52кГц [TO-263-5]
📊 Progress: 58/2000 (2.9%) | Speed: 2.0 products/min | ETA: 977 min | Failed: 0 | Blocked: 0
🔄 Proxy rotations: 4 | Healthy proxies: 20000/20000
[32mINFO[39m [33m PlaywrightCrawler:[39m Parsing: https://www.chipdip.ru/product/lm2575s-5.0-ponizhayuschiy-dc-dc-preobrazovatel-uvh-do-umw-9001169288
[32mINFO[39m [33m PlaywrightCrawler:[39m Using proxy: p.webshare.io:80
[32mINFO[39m [33m PlaywrightCrawler:[39m ✅ Parsed: LM2575S-5.0, Понижающий DC-DC преобразователь, Uвх=до 40В, Uвых=5В, 1А, 52кГц [TO-263-5]
📊 Progress: 59/2000 (2.9%) | Speed: 2.0 products/min | ETA: 965 min | Failed: 0 | Blocked: 0
🔄 Proxy rotations: 4 | Healthy proxies: 20000/20000
[32mINFO[39m [33m PlaywrightCrawler:[39m Parsing: https://www.chipdip.ru/product/lm2575s-adj-ponizhayuschiy-dc-dc-preobrazovatel-uvh-do-umw-9001169287
[32mINFO[39m [33m PlaywrightCrawler:[39m Using proxy: p.webshare.io:80
[32mINFO[39m [33m PlaywrightCrawler:[39m ✅ Parsed: LM2575S-ADJ, Понижающий DC-DC преобразователь, Uвх=до 40В, Uвых=1.23…37, 1А, 52кГц [TO-263-5]
📊 Progress: 60/2000 (3.0%) | Speed: 2.0 products/min | ETA: 955 min | Failed: 0 | Blocked: 0
🔄 Proxy rotations: 4 | Healthy proxies: 20000/20000
[32mINFO[39m [33m PlaywrightCrawler:[39m All requests from the queue have been processed, the crawler will shut down.
[32mINFO[39m [33m PlaywrightCrawler:[39m Final request statistics:[90m {"requestsFinished":20,"requestsFailed":0,"retryHistogram":[20],"requestAvgFailedDurationMillis":null,"requestAvgFinishedDurationMillis":11316,"requestsFinishedPerMinute":6,"requestsFailedPerMinute":0,"requestTotalDurationMillis":226310,"requestsTotal":20,"crawlerRuntimeMillis":213270}[39m
[32mINFO[39m [33m PlaywrightCrawler:[39m Finished! Total 20 requests: 20 succeeded, 0 failed.[90m {"terminal":true}[39m
✅ Batch completed. Processed: 60/2000
🔍 Testing proxy 1/50: yyinovqc-18...
✅ Proxy yyinovqc-18 is working!

🔄 Batch 4: Processing 20 products with proxy p.webshare.io:80
[32mINFO[39m [33m PlaywrightCrawler:[39m Starting the crawler.
[33mWARN[39m [33m PlaywrightCrawler:AutoscaledPool:Snapshotter:[39m Memory is critically overloaded. Using 3905 MB of 4096 MB (95%). Consider increasing available memory.
[32mINFO[39m [33m PlaywrightCrawler:[39m Parsing: https://www.chipdip.ru/product/lm2576hvr-adj-ponizhayuschiy-dc-dc-preobrazovatel-htc-9000543840
[32mINFO[39m [33m PlaywrightCrawler:[39m Using proxy: p.webshare.io:80
[33mWARN[39m [33m PlaywrightCrawler:AutoscaledPool:Snapshotter:[39m Memory is critically overloaded. Using 3996 MB of 4096 MB (98%). Consider increasing available memory.
[32mINFO[39m [33m PlaywrightCrawler:[39m ✅ Parsed: LM2576HVR-ADJ, Понижающий DC-DC преобразователь, Uвх=до 60В, Uвых=1.23…37, 3А, 52кГц [TO-263-5L] (=LM2576HVS-ADJ)
📊 Progress: 61/2000 (3.0%) | Speed: 2.0 products/min | ETA: 948 min | Failed: 0 | Blocked: 0
🔄 Proxy rotations: 5 | Healthy proxies: 20000/20000
[32mINFO[39m [33m PlaywrightCrawler:Statistics:[39m PlaywrightCrawler request statistics:[90m {"requestAvgFailedDurationMillis":null,"requestAvgFinishedDurationMillis":13650,"requestsFinishedPerMinute":1,"requestsFailedPerMinute":0,"requestTotalDurationMillis":13650,"requestsTotal":1,"crawlerRuntimeMillis":60094,"retryHistogram":[1]}[39m
[32mINFO[39m [33m PlaywrightCrawler:AutoscaledPool:[39m state[90m {"currentConcurrency":1,"desiredConcurrency":1,"systemStatus":{"isSystemIdle":false,"memInfo":{"isOverloaded":true,"limitRatio":0.2,"actualRatio":1},"eventLoopInfo":{"isOverloaded":false,"limitRatio":0.6,"actualRatio":0},"cpuInfo":{"isOverloaded":false,"limitRatio":0.4,"actualRatio":0},"clientInfo":{"isOverloaded":false,"limitRatio":0.3,"actualRatio":0}}}[39m
[32mINFO[39m [33m PlaywrightCrawler:Statistics:[39m PlaywrightCrawler request statistics:[90m {"requestAvgFailedDurationMillis":null,"requestAvgFinishedDurationMillis":13650,"requestsFinishedPerMinute":0,"requestsFailedPerMinute":0,"requestTotalDurationMillis":13650,"requestsTotal":1,"crawlerRuntimeMillis":120095,"retryHistogram":[1]}[39m
[32mINFO[39m [33m PlaywrightCrawler:AutoscaledPool:[39m state[90m {"currentConcurrency":1,"desiredConcurrency":1,"systemStatus":{"isSystemIdle":false,"memInfo":{"isOverloaded":true,"limitRatio":0.2,"actualRatio":1},"eventLoopInfo":{"isOverloaded":false,"limitRatio":0.6,"actualRatio":0},"cpuInfo":{"isOverloaded":false,"limitRatio":0.4,"actualRatio":0},"clientInfo":{"isOverloaded":false,"limitRatio":0.3,"actualRatio":0}}}[39m
[33mWARN[39m [33m PlaywrightCrawler:[39m Reclaiming failed request back to the list or queue. Navigation timed out after 120 seconds.[90m {"id":"svzB90KKOBHb2Ro","url":"https://www.chipdip.ru/product/lm2576hvr-3.3-ponizhayuschiy-dc-dc-preobrazovatel-htc-9001087018","retryCount":1}[39m
[32mINFO[39m [33m PlaywrightCrawler:[39m Parsing: https://www.chipdip.ru/product/lm2576hvs-12-ponizhayuschiy-dc-dc-preobrazovatel-uvh-do-umw-9001231217
[32mINFO[39m [33m PlaywrightCrawler:[39m Using proxy: p.webshare.io:80
[32mINFO[39m [33m PlaywrightCrawler:[39m ✅ Parsed: LM2576HVS-12, Понижающий DC-DC преобразователь, Uвх=до 60В, Uвых=12В, 3А, 52кГц [TO-263-5L]
📊 Progress: 62/2000 (3.1%) | Speed: 2.0 products/min | ETA: 993 min | Failed: 0 | Blocked: 0
🔄 Proxy rotations: 5 | Healthy proxies: 20000/20000
[32mINFO[39m [33m PlaywrightCrawler:[39m Parsing: https://www.chipdip.ru/product/lm2576hvs-3.3-ponizhayuschiy-dc-dc-preobrazovatel-umw-9001231207
[32mINFO[39m [33m PlaywrightCrawler:[39m Using proxy: p.webshare.io:80
[32mINFO[39m [33m PlaywrightCrawler:[39m ✅ Parsed: LM2576HVS-3.3, Понижающий DC-DC преобразователь, Uвх=до 60В, Uвых=3.3В, 3А, 52кГц [TO-263-5L]
📊 Progress: 63/2000 (3.1%) | Speed: 2.0 products/min | ETA: 982 min | Failed: 0 | Blocked: 0
🔄 Proxy rotations: 5 | Healthy proxies: 20000/20000
[32mINFO[39m [33m PlaywrightCrawler:[39m Parsing: https://www.chipdip.ru/product/lm2576hvs-5.0-ponizhayuschiy-dc-dc-preobrazovatel-umw-9001231206
[32mINFO[39m [33m PlaywrightCrawler:[39m Using proxy: p.webshare.io:80
[32mINFO[39m [33m PlaywrightCrawler:[39m ✅ Parsed: LM2576HVS-5.0, Понижающий DC-DC преобразователь, Uвх=до 60В, Uвых=5В, 3А, 52кГц [TO-263-5L]
📊 Progress: 64/2000 (3.2%) | Speed: 2.0 products/min | ETA: 971 min | Failed: 0 | Blocked: 0
🔄 Proxy rotations: 5 | Healthy proxies: 20000/20000
[32mINFO[39m [33m PlaywrightCrawler:[39m Parsing: https://www.chipdip.ru/product/lm2576hvs-adj-ponizhayuschiy-dc-dc-preobrazovatel-umw-9001231216
[32mINFO[39m [33m PlaywrightCrawler:[39m Using proxy: p.webshare.io:80
[32mINFO[39m [33m PlaywrightCrawler:[39m ✅ Parsed: LM2576HVS-ADJ, Понижающий DC-DC преобразователь, Uвх=до 60В, Uвых=1.23…57В, 3А, 52кГц [TO-263-5L]
📊 Progress: 65/2000 (3.3%) | Speed: 2.0 products/min | ETA: 961 min | Failed: 0 | Blocked: 0
🔄 Proxy rotations: 5 | Healthy proxies: 20000/20000
[32mINFO[39m [33m PlaywrightCrawler:[39m Parsing: https://www.chipdip.ru/product/lm2576hvt-adj-ponizhayuschiy-dc-dc-preobrazovatel-htc-9000543841
[32mINFO[39m [33m PlaywrightCrawler:[39m Using proxy: p.webshare.io:80
[32mINFO[39m [33m PlaywrightCrawler:[39m ✅ Parsed: LM2576HVT-ADJ, Понижающий DC-DC преобразователь, Uвх=до 60В, Uвых=1.23…37, 3А, 52кГц [TO-220-5L.]
📊 Progress: 66/2000 (3.3%) | Speed: 2.0 products/min | ETA: 952 min | Failed: 0 | Blocked: 0
🔄 Proxy rotations: 5 | Healthy proxies: 20000/20000
[32mINFO[39m [33m PlaywrightCrawler:[39m Parsing: https://www.chipdip.ru/product/lm2576r-adj-ponizhayuschiy-dc-dc-preobrazovatel-uvh-do-htc-9000543838
[32mINFO[39m [33m PlaywrightCrawler:[39m Using proxy: p.webshare.io:80
[32mINFO[39m [33m PlaywrightCrawler:Statistics:[39m PlaywrightCrawler request statistics:[90m {"requestAvgFailedDurationMillis":null,"requestAvgFinishedDurationMillis":11120,"requestsFinishedPerMinute":2,"requestsFailedPerMinute":0,"requestTotalDurationMillis":66721,"requestsTotal":6,"crawlerRuntimeMillis":180097,"retryHistogram":[6]}[39m
[32mINFO[39m [33m PlaywrightCrawler:AutoscaledPool:[39m state[90m {"currentConcurrency":1,"desiredConcurrency":1,"systemStatus":{"isSystemIdle":false,"memInfo":{"isOverloaded":true,"limitRatio":0.2,"actualRatio":1},"eventLoopInfo":{"isOverloaded":false,"limitRatio":0.6,"actualRatio":0},"cpuInfo":{"isOverloaded":false,"limitRatio":0.4,"actualRatio":0},"clientInfo":{"isOverloaded":false,"limitRatio":0.3,"actualRatio":0}}}[39m
[32mINFO[39m [33m PlaywrightCrawler:[39m ✅ Parsed: LM2576R-ADJ, Понижающий DC-DC преобразователь, Uвх=до 40В, Uвых=1.23…37, 3А, 52кГц [TO-263-5L] (=LM2576S-ADJ)
📊 Progress: 67/2000 (3.4%) | Speed: 2.1 products/min | ETA: 942 min | Failed: 0 | Blocked: 0
🔄 Proxy rotations: 5 | Healthy proxies: 20000/20000
[32mINFO[39m [33m PlaywrightCrawler:[39m Parsing: https://www.chipdip.ru/product/lm2576s-12-ponizhayuschiy-dc-dc-preobrazovatel-uvh-do-umw-9001169286
[32mINFO[39m [33m PlaywrightCrawler:[39m Using proxy: p.webshare.io:80
[32mINFO[39m [33m PlaywrightCrawler:[39m ✅ Parsed: LM2576S-12, Понижающий DC-DC преобразователь, Uвх=до 40В, Uвых=12В , 3А, 52кГц [TO-263-5]
📊 Progress: 68/2000 (3.4%) | Speed: 2.1 products/min | ETA: 934 min | Failed: 0 | Blocked: 0
🔄 Proxy rotations: 5 | Healthy proxies: 20000/20000
[32mINFO[39m [33m PlaywrightCrawler:[39m Parsing: https://www.chipdip.ru/product/lm2576s-3.3-ponizhayuschiy-dc-dc-preobrazovatel-uvh-do-umw-9001169285
[32mINFO[39m [33m PlaywrightCrawler:[39m Using proxy: p.webshare.io:80
[32mINFO[39m [33m PlaywrightCrawler:[39m ✅ Parsed: LM2576S-3.3, Понижающий DC-DC преобразователь, Uвх=до 40В, Uвых=3.3В , 3А, 52кГц [TO-263-5]
📊 Progress: 69/2000 (3.5%) | Speed: 2.1 products/min | ETA: 925 min | Failed: 0 | Blocked: 0
🔄 Proxy rotations: 5 | Healthy proxies: 20000/20000
[32mINFO[39m [33m PlaywrightCrawler:[39m Parsing: https://www.chipdip.ru/product/lm2576s-5.0-ponizhayuschiy-dc-dc-preobrazovatel-uvh-do-umw-9001169284
[32mINFO[39m [33m PlaywrightCrawler:[39m Using proxy: p.webshare.io:80
[32mINFO[39m [33m PlaywrightCrawler:[39m ✅ Parsed: LM2576S-5.0, Понижающий DC-DC преобразователь, Uвх=до 40В, Uвых=5В , 3А, 52кГц [TO-263-5]
📊 Progress: 70/2000 (3.5%) | Speed: 2.1 products/min | ETA: 916 min | Failed: 0 | Blocked: 0
🔄 Proxy rotations: 5 | Healthy proxies: 20000/20000
[32mINFO[39m [33m PlaywrightCrawler:[39m Parsing: https://www.chipdip.ru/product/lm2576s-adj-ponizhayuschiy-dc-dc-preobrazovatel-uvh-do-umw-9001169283
[32mINFO[39m [33m PlaywrightCrawler:[39m Using proxy: p.webshare.io:80
[32mINFO[39m [33m PlaywrightCrawler:[39m ✅ Parsed: LM2576S-ADJ, Понижающий DC-DC преобразователь, Uвх=до 40В, Uвых=1.23…37В, 3А, 52кГц [TO-263-5]
📊 Progress: 71/2000 (3.5%) | Speed: 2.1 products/min | ETA: 907 min | Failed: 0 | Blocked: 0
🔄 Proxy rotations: 5 | Healthy proxies: 20000/20000
[32mINFO[39m [33m PlaywrightCrawler:[39m Parsing: https://www.chipdip.ru/product/lm2576t-12-nopb-impulsnyy-ponizhayuschiy-texas-instruments-810205389
[32mINFO[39m [33m PlaywrightCrawler:[39m Using proxy: p.webshare.io:80
[32mINFO[39m [33m PlaywrightCrawler:[39m ✅ Parsed: LM2576T-12/NOPB, Импульсный понижающий регулятор напряжения, 12В, 3А, [TO-220-5]
📊 Progress: 72/2000 (3.6%) | Speed: 2.1 products/min | ETA: 899 min | Failed: 0 | Blocked: 0
🔄 Proxy rotations: 5 | Healthy proxies: 20000/20000
[32mINFO[39m [33m PlaywrightCrawler:Statistics:[39m PlaywrightCrawler request statistics:[90m {"requestAvgFailedDurationMillis":null,"requestAvgFinishedDurationMillis":11041,"requestsFinishedPerMinute":3,"requestsFailedPerMinute":0,"requestTotalDurationMillis":132497,"requestsTotal":12,"crawlerRuntimeMillis":240098,"retryHistogram":[12]}[39m
[32mINFO[39m [33m PlaywrightCrawler:AutoscaledPool:[39m state[90m {"currentConcurrency":1,"desiredConcurrency":1,"systemStatus":{"isSystemIdle":false,"memInfo":{"isOverloaded":true,"limitRatio":0.2,"actualRatio":1},"eventLoopInfo":{"isOverloaded":false,"limitRatio":0.6,"actualRatio":0},"cpuInfo":{"isOverloaded":false,"limitRatio":0.4,"actualRatio":0},"clientInfo":{"isOverloaded":false,"limitRatio":0.3,"actualRatio":0}}}[39m
[32mINFO[39m [33m PlaywrightCrawler:[39m Parsing: https://www.chipdip.ru/product/lm2576t-5.0-nopb-impulsnyy-ponizhayuschiy-texas-instruments-10804
[32mINFO[39m [33m PlaywrightCrawler:[39m Using proxy: p.webshare.io:80
[32mINFO[39m [33m PlaywrightCrawler:[39m ✅ Parsed: LM2576T-5.0/NOPB, Импульсный понижающий регулятор напряжения, 5В, 3А, [TO-220-5-T]
📊 Progress: 73/2000 (3.6%) | Speed: 2.2 products/min | ETA: 891 min | Failed: 0 | Blocked: 0
🔄 Proxy rotations: 5 | Healthy proxies: 20000/20000
[32mINFO[39m [33m PlaywrightCrawler:[39m Parsing: https://www.chipdip.ru/product/lm2576t-adj-ponizhayuschiy-dc-dc-preobrazovatel-uvh-do-htc-9000543839
[32mINFO[39m [33m PlaywrightCrawler:[39m Using proxy: p.webshare.io:80
[32mINFO[39m [33m PlaywrightCrawler:[39m ✅ Parsed: LM2576T-ADJ, Понижающий DC-DC преобразователь, Uвх=до 40В, Uвых=1.23…37, 3А, 52кГц [TO-220-5L] (=LM2576T-ADJ)
📊 Progress: 74/2000 (3.7%) | Speed: 2.2 products/min | ETA: 882 min | Failed: 0 | Blocked: 0
🔄 Proxy rotations: 5 | Healthy proxies: 20000/20000
[32mINFO[39m [33m PlaywrightCrawler:[39m Parsing: https://www.chipdip.ru/product/lm2576t-adjg-impulsnyy-ponizhayuschiy-on-semiconductor-244865210
[32mINFO[39m [33m PlaywrightCrawler:[39m Using proxy: p.webshare.io:80
[32mINFO[39m [33m PlaywrightCrawler:[39m ✅ Parsed: LM2576T-ADJG, Импульсный понижающий регулятор напряжения с регулировкой выхода 1.23В…37В, 3А, [TO-220-5]
📊 Progress: 75/2000 (3.8%) | Speed: 2.2 products/min | ETA: 875 min | Failed: 0 | Blocked: 0
🔄 Proxy rotations: 5 | Healthy proxies: 20000/20000
[32mINFO[39m [33m PlaywrightCrawler:[39m Parsing: https://www.chipdip.ru/product/lm2577sx-adj-nopb-dc-dc-preobrazovatel-texas-instruments-331533099
[32mINFO[39m [33m PlaywrightCrawler:[39m Using proxy: p.webshare.io:80
[32mINFO[39m [33m PlaywrightCrawler:[39m ✅ Parsed: LM2577SX-ADJ/NOPB, DC-DC преобразователь, Boost, Flyback, Forward Converter, Uвх=до 40В, Uвых=1.23…60В, 3А [D2PAK-5.]
📊 Progress: 76/2000 (3.8%) | Speed: 2.2 products/min | ETA: 867 min | Failed: 0 | Blocked: 0
🔄 Proxy rotations: 5 | Healthy proxies: 20000/20000
[32mINFO[39m [33m PlaywrightCrawler:[39m Parsing: https://www.chipdip.ru/product/lm2577t-adj-nopb-impulsnyy-povyshayuschiy-texas-instruments-37828
[32mINFO[39m [33m PlaywrightCrawler:[39m Using proxy: p.webshare.io:80
[32mINFO[39m [33m PlaywrightCrawler:[39m ✅ Parsed: LM2577T-ADJ/NOPB, Импульсный повышающий регулятор напряжения, 3А, диапазон входа 3.5В…40В, [TO-220-5]
📊 Progress: 77/2000 (3.9%) | Speed: 2.2 products/min | ETA: 860 min | Failed: 0 | Blocked: 0
🔄 Proxy rotations: 5 | Healthy proxies: 20000/20000
[32mINFO[39m [33m PlaywrightCrawler:[39m Parsing: https://www.chipdip.ru/product/lm2585sx-adj-nopb-dc-dc-preobrazovatel-texas-instruments-302253328
[32mINFO[39m [33m PlaywrightCrawler:[39m Using proxy: p.webshare.io:80
[32mINFO[39m [33m PlaywrightCrawler:Statistics:[39m PlaywrightCrawler request statistics:[90m {"requestAvgFailedDurationMillis":null,"requestAvgFinishedDurationMillis":10817,"requestsFinishedPerMinute":3,"requestsFailedPerMinute":0,"requestTotalDurationMillis":183894,"requestsTotal":17,"crawlerRuntimeMillis":300099,"retryHistogram":[17]}[39m
[32mINFO[39m [33m PlaywrightCrawler:AutoscaledPool:[39m state[90m {"currentConcurrency":1,"desiredConcurrency":1,"systemStatus":{"isSystemIdle":false,"memInfo":{"isOverloaded":true,"limitRatio":0.2,"actualRatio":1},"eventLoopInfo":{"isOverloaded":false,"limitRatio":0.6,"actualRatio":0},"cpuInfo":{"isOverloaded":false,"limitRatio":0.4,"actualRatio":0},"clientInfo":{"isOverloaded":false,"limitRatio":0.3,"actualRatio":0}}}[39m
[32mINFO[39m [33m PlaywrightCrawler:[39m ✅ Parsed: LM2585SX-ADJ/NOPB, DC-DC преобразователь, Uвх=4…40В, Uвых=1.23...60В, 3А, Step-Up [TO-263-5 / D2PAK-5.]
📊 Progress: 78/2000 (3.9%) | Speed: 2.3 products/min | ETA: 852 min | Failed: 0 | Blocked: 0
🔄 Proxy rotations: 5 | Healthy proxies: 20000/20000
[32mINFO[39m [33m PlaywrightCrawler:[39m Parsing: https://www.chipdip.ru/product/lm2591hvs-5.0-ponizhayuschiy-dc-dc-preobrazovatel-umw-9001633713
[32mINFO[39m [33m PlaywrightCrawler:[39m Using proxy: p.webshare.io:80
[32mINFO[39m [33m PlaywrightCrawler:[39m ✅ Parsed: LM2591HVS-5.0, Понижающий DC-DC преобразователь Uвых=5.0В, 1А, 150кГц [TO-263-5L.]
📊 Progress: 79/2000 (4.0%) | Speed: 2.3 products/min | ETA: 845 min | Failed: 0 | Blocked: 0
🔄 Proxy rotations: 5 | Healthy proxies: 20000/20000
[32mINFO[39m [33m PlaywrightCrawler:[39m Parsing: https://www.chipdip.ru/product/lm2576hvr-3.3-ponizhayuschiy-dc-dc-preobrazovatel-htc-9001087018
[32mINFO[39m [33m PlaywrightCrawler:[39m Using proxy: p.webshare.io:80
[32mINFO[39m [33m PlaywrightCrawler:[39m ✅ Parsed: LM2576HVR-3.3, Понижающий DC-DC преобразователь, Uвх=до 60В, Uвых=+3.3В, 3А, 52кГц [TO-263-5L] (=LM2576HVS-ADJ)
📊 Progress: 80/2000 (4.0%) | Speed: 2.3 products/min | ETA: 838 min | Failed: 0 | Blocked: 0
🔄 Proxy rotations: 5 | Healthy proxies: 20000/20000
[32mINFO[39m [33m PlaywrightCrawler:[39m All requests from the queue have been processed, the crawler will shut down.
[32mINFO[39m [33m PlaywrightCrawler:[39m Final request statistics:[90m {"requestsFinished":20,"requestsFailed":0,"retryHistogram":[19,1],"requestAvgFailedDurationMillis":null,"requestAvgFinishedDurationMillis":10706,"requestsFinishedPerMinute":4,"requestsFailedPerMinute":0,"requestTotalDurationMillis":214126,"requestsTotal":20,"crawlerRuntimeMillis":320966}[39m
[32mINFO[39m [33m PlaywrightCrawler:[39m Finished! Total 20 requests: 20 succeeded, 0 failed.[90m {"terminal":true}[39m
✅ Batch completed. Processed: 80/2000
🔍 Testing proxy 1/50: yyinovqc-19...
✅ Proxy yyinovqc-19 is working!

🔄 Batch 5: Processing 20 products with proxy p.webshare.io:80
[32mINFO[39m [33m PlaywrightCrawler:[39m Starting the crawler.
[33mWARN[39m [33m PlaywrightCrawler:AutoscaledPool:Snapshotter:[39m Memory is critically overloaded. Using 3904 MB of 4096 MB (95%). Consider increasing available memory.
[32mINFO[39m [33m PlaywrightCrawler:[39m Parsing: https://www.chipdip.ru/product/lm2591hvs-adj-ponizhayuschiy-dc-dc-preobrazovatel-umw-9001633714
[32mINFO[39m [33m PlaywrightCrawler:[39m Using proxy: p.webshare.io:80
[32mINFO[39m [33m PlaywrightCrawler:[39m Parsing: https://www.chipdip.ru/product/lm2592hvs-5.0-ponizhayuschiy-dc-dc-preobrazovatel-umw-9001633712
[32mINFO[39m [33m PlaywrightCrawler:[39m Using proxy: p.webshare.io:80
[33mWARN[39m [33m PlaywrightCrawler:AutoscaledPool:Snapshotter:[39m Memory is critically overloaded. Using 4083 MB of 4096 MB (100%). Consider increasing available memory.
[32mINFO[39m [33m PlaywrightCrawler:[39m ✅ Parsed: LM2591HVS-ADJ, Понижающий DC-DC преобразователь Uвых=ADJ, 1А, 150кГц [TO-263-5L.]
📊 Progress: 81/2000 (4.0%) | Speed: 2.3 products/min | ETA: 835 min | Failed: 0 | Blocked: 0
🔄 Proxy rotations: 6 | Healthy proxies: 20000/20000
[32mINFO[39m [33m PlaywrightCrawler:[39m ✅ Parsed: LM2592HVS-5.0, Понижающий DC-DC преобразователь Uвых=5.0В, 2А, 150кГц [TO-263-5L.]
📊 Progress: 82/2000 (4.1%) | Speed: 2.3 products/min | ETA: 825 min | Failed: 0 | Blocked: 0
🔄 Proxy rotations: 6 | Healthy proxies: 20000/20000
[33mWARN[39m [33m PlaywrightCrawler:AutoscaledPool:Snapshotter:[39m Memory is critically overloaded. Using 3900 MB of 4096 MB (95%). Consider increasing available memory.
[32mINFO[39m [33m PlaywrightCrawler:[39m Parsing: https://www.chipdip.ru/product/lm2592hvs-adj-ponizhayuschiy-dc-dc-preobrazovatel-umw-9001633711
[32mINFO[39m [33m PlaywrightCrawler:[39m Using proxy: p.webshare.io:80
[32mINFO[39m [33m PlaywrightCrawler:[39m ✅ Parsed: LM2592HVS-ADJ, Понижающий DC-DC преобразователь Uвых=ADJ, 2А, 150кГц [TO-263-5L.]
📊 Progress: 83/2000 (4.2%) | Speed: 2.3 products/min | ETA: 819 min | Failed: 0 | Blocked: 0
🔄 Proxy rotations: 6 | Healthy proxies: 20000/20000
[32mINFO[39m [33m PlaywrightCrawler:[39m Parsing: https://www.chipdip.ru/product/lm2594hvm-12-dc-dc-preobrazovatel-step-down-uvh-4.5-60v-umw-9001169282
[32mINFO[39m [33m PlaywrightCrawler:[39m Using proxy: p.webshare.io:80
[32mINFO[39m [33m PlaywrightCrawler:[39m ✅ Parsed: LM2594HVM-12, DC-DC преобразователь, Step-Down, Uвх.=4.5…60В, Uвых=12В, Iвых= 1.5А, 150кГц [SOIC-8.]
📊 Progress: 84/2000 (4.2%) | Speed: 2.4 products/min | ETA: 813 min | Failed: 0 | Blocked: 0
🔄 Proxy rotations: 6 | Healthy proxies: 20000/20000
[32mINFO[39m [33m PlaywrightCrawler:[39m Parsing: https://www.chipdip.ru/product/lm2594hvm-3.3-dc-dc-preobrazovatel-step-down-umw-9001333342
[32mINFO[39m [33m PlaywrightCrawler:[39m Using proxy: p.webshare.io:80
[32mINFO[39m [33m PlaywrightCrawler:[39m ✅ Parsed: LM2594HVM-3.3, DC-DC преобразователь, Step-Down, Uвх.=4.5…60В, Uвых=3.3В, Iвых= 1.5А, 150кГц [SOIC-8.]
📊 Progress: 85/2000 (4.3%) | Speed: 2.4 products/min | ETA: 807 min | Failed: 0 | Blocked: 0
🔄 Proxy rotations: 6 | Healthy proxies: 20000/20000
[32mINFO[39m [33m PlaywrightCrawler:[39m Parsing: https://www.chipdip.ru/product/lm2594hvm-5.0-dc-dc-preobrazovatel-step-down-umw-9001106134
[32mINFO[39m [33m PlaywrightCrawler:[39m Using proxy: p.webshare.io:80
[32mINFO[39m [33m PlaywrightCrawler:Statistics:[39m PlaywrightCrawler request statistics:[90m {"requestAvgFailedDurationMillis":null,"requestAvgFinishedDurationMillis":13471,"requestsFinishedPerMinute":5,"requestsFailedPerMinute":0,"requestTotalDurationMillis":67353,"requestsTotal":5,"crawlerRuntimeMillis":60100,"retryHistogram":[5]}[39m
[32mINFO[39m [33m PlaywrightCrawler:AutoscaledPool:[39m state[90m {"currentConcurrency":1,"desiredConcurrency":1,"systemStatus":{"isSystemIdle":false,"memInfo":{"isOverloaded":true,"limitRatio":0.2,"actualRatio":1},"eventLoopInfo":{"isOverloaded":false,"limitRatio":0.6,"actualRatio":0},"cpuInfo":{"isOverloaded":false,"limitRatio":0.4,"actualRatio":0},"clientInfo":{"isOverloaded":false,"limitRatio":0.3,"actualRatio":0}}}[39m
[32mINFO[39m [33m PlaywrightCrawler:[39m ✅ Parsed: LM2594HVM-5.0, DC-DC преобразователь, Step-Down, Uвх.=4.5…60В, Uвых=5В, Iвых= 1.5А, 150кГц [SOIC-8.]
📊 Progress: 86/2000 (4.3%) | Speed: 2.4 products/min | ETA: 802 min | Failed: 0 | Blocked: 0
🔄 Proxy rotations: 6 | Healthy proxies: 20000/20000
[32mINFO[39m [33m PlaywrightCrawler:[39m Parsing: https://www.chipdip.ru/product/lm2594hvm-adj-dc-dc-preobrazovatel-step-down-umw-9001106135
[32mINFO[39m [33m PlaywrightCrawler:[39m Using proxy: p.webshare.io:80
[32mINFO[39m [33m PlaywrightCrawler:[39m ✅ Parsed: LM2594HVM-ADJ, DC-DC преобразователь, Step-Down, Uвх.=4.5…60В, Uвых=1.2.…37В, Iвых= 1.5А, 150кГц [SOIC-8.]
📊 Progress: 87/2000 (4.3%) | Speed: 2.4 products/min | ETA: 796 min | Failed: 0 | Blocked: 0
🔄 Proxy rotations: 6 | Healthy proxies: 20000/20000
[32mINFO[39m [33m PlaywrightCrawler:[39m Parsing: https://www.chipdip.ru/product/lm2594m-3.3-dc-dc-preobrazovatel-step-down-uvh-4.5-45v-umw-9001333345
[32mINFO[39m [33m PlaywrightCrawler:[39m Using proxy: p.webshare.io:80
[32mINFO[39m [33m PlaywrightCrawler:[39m ✅ Parsed: LM2594M-3.3, DC-DC преобразователь, Step-Down, Uвх.=4.5…45В, Uвых=3.3В, Iвых= 1.5А, 150кГц [SOIC-8.]
📊 Progress: 88/2000 (4.4%) | Speed: 2.4 products/min | ETA: 791 min | Failed: 0 | Blocked: 0
🔄 Proxy rotations: 6 | Healthy proxies: 20000/20000
[32mINFO[39m [33m PlaywrightCrawler:[39m Parsing: https://www.chipdip.ru/product/lm2594m-5.0-dc-dc-preobrazovatel-step-down-uvh-4.5-45v-umw-9001633722
[32mINFO[39m [33m PlaywrightCrawler:[39m Using proxy: p.webshare.io:80
[32mINFO[39m [33m PlaywrightCrawler:[39m ✅ Parsed: LM2594M-5.0, DC-DC преобразователь, Step-Down, Uвх.=4.5…45В, Uвых=5.0В, Iвых= 1.5А, 150кГц [SOIC-8.]
📊 Progress: 89/2000 (4.5%) | Speed: 2.4 products/min | ETA: 786 min | Failed: 0 | Blocked: 0
🔄 Proxy rotations: 6 | Healthy proxies: 20000/20000
[32mINFO[39m [33m PlaywrightCrawler:[39m Parsing: https://www.chipdip.ru/product/lm2594m-adj-dc-dc-preobrazovatel-step-down-uvh-4.5-45v-umw-9001633723
[32mINFO[39m [33m PlaywrightCrawler:[39m Using proxy: p.webshare.io:80
[32mINFO[39m [33m PlaywrightCrawler:[39m ✅ Parsed: LM2594M-ADJ, DC-DC преобразователь, Step-Down, Uвх.=4.5…45В, Uвых=1.27...37В, Iвых= 1.5А, 150кГц [SOIC-8.]
📊 Progress: 90/2000 (4.5%) | Speed: 2.4 products/min | ETA: 780 min | Failed: 0 | Blocked: 0
🔄 Proxy rotations: 6 | Healthy proxies: 20000/20000
[32mINFO[39m [33m PlaywrightCrawler:[39m Parsing: https://www.chipdip.ru/product/lm2595s-5.0-ponizhayuschiy-dc-dc-preobrazovatel-umw-9001633728
[32mINFO[39m [33m PlaywrightCrawler:[39m Using proxy: p.webshare.io:80
[32mINFO[39m [33m PlaywrightCrawler:Statistics:[39m PlaywrightCrawler request statistics:[90m {"requestAvgFailedDurationMillis":null,"requestAvgFinishedDurationMillis":12396,"requestsFinishedPerMinute":5,"requestsFailedPerMinute":0,"requestTotalDurationMillis":123956,"requestsTotal":10,"crawlerRuntimeMillis":120102,"retryHistogram":[10]}[39m
[32mINFO[39m [33m PlaywrightCrawler:AutoscaledPool:[39m state[90m {"currentConcurrency":1,"desiredConcurrency":1,"systemStatus":{"isSystemIdle":false,"memInfo":{"isOverloaded":true,"limitRatio":0.2,"actualRatio":1},"eventLoopInfo":{"isOverloaded":false,"limitRatio":0.6,"actualRatio":0},"cpuInfo":{"isOverloaded":false,"limitRatio":0.4,"actualRatio":0},"clientInfo":{"isOverloaded":false,"limitRatio":0.3,"actualRatio":0}}}[39m
[32mINFO[39m [33m PlaywrightCrawler:[39m ✅ Parsed: LM2595S-5.0, Понижающий DC-DC преобразователь Uвых=5.0В, 1А, 150кГц [TO-263-5L]
📊 Progress: 91/2000 (4.5%) | Speed: 2.5 products/min | ETA: 777 min | Failed: 0 | Blocked: 0
🔄 Proxy rotations: 6 | Healthy proxies: 20000/20000
[32mINFO[39m [33m PlaywrightCrawler:[39m Parsing: https://www.chipdip.ru/product/lm2595s-adj-ponizhayuschiy-dc-dc-preobrazovatel-umw-9001633729
[32mINFO[39m [33m PlaywrightCrawler:[39m Using proxy: p.webshare.io:80
[32mINFO[39m [33m PlaywrightCrawler:[39m ✅ Parsed: LM2595S-ADJ, Понижающий DC-DC преобразователь Uвых=ADJ, 1А, 150кГц [TO-263-5L]
📊 Progress: 92/2000 (4.6%) | Speed: 2.5 products/min | ETA: 772 min | Failed: 0 | Blocked: 0
🔄 Proxy rotations: 6 | Healthy proxies: 20000/20000
[32mINFO[39m [33m PlaywrightCrawler:[39m Parsing: https://www.chipdip.ru/product/lm2596dsadjr4g-ponizhayuschiy-regulyator-on-semiconductor-9000091160
[32mINFO[39m [33m PlaywrightCrawler:[39m Using proxy: p.webshare.io:80
[32mINFO[39m [33m PlaywrightCrawler:[39m ✅ Parsed: LM2596DSADJR4G, Понижающий регулятор 3A BUCK SWCH 150KHZ, [D2-PAK-5]
📊 Progress: 93/2000 (4.7%) | Speed: 2.5 products/min | ETA: 768 min | Failed: 0 | Blocked: 0
🔄 Proxy rotations: 6 | Healthy proxies: 20000/20000
[32mINFO[39m [33m PlaywrightCrawler:[39m Parsing: https://www.chipdip.ru/product/lm2596hvgr-12-ponizhayuschiy-dc-dc-preobrazovatel-htc-9000660821
[32mINFO[39m [33m PlaywrightCrawler:[39m Using proxy: p.webshare.io:80
[32mINFO[39m [33m PlaywrightCrawler:[39m ✅ Parsed: LM2596HVGR-12, Понижающий DC-DC преобразователь, Uвх=до 60В, Uвых=+12В, 3А, 150кГц [TO-263-5L]
📊 Progress: 94/2000 (4.7%) | Speed: 2.5 products/min | ETA: 763 min | Failed: 0 | Blocked: 0
🔄 Proxy rotations: 6 | Healthy proxies: 20000/20000
[32mINFO[39m [33m PlaywrightCrawler:[39m Parsing: https://www.chipdip.ru/product/lm2596hvgr-3.3-ponizhayuschiy-dc-dc-preobrazovatel-htc-9000660819
[32mINFO[39m [33m PlaywrightCrawler:[39m Using proxy: p.webshare.io:80
[32mINFO[39m [33m PlaywrightCrawler:[39m ✅ Parsed: LM2596HVGR-3.3, Понижающий DC-DC преобразователь, Uвх=до 60В, Uвых=+3.3В, 3А, 150кГц [TO-263-5L]
📊 Progress: 95/2000 (4.8%) | Speed: 2.5 products/min | ETA: 759 min | Failed: 0 | Blocked: 0
🔄 Proxy rotations: 6 | Healthy proxies: 20000/20000
[32mINFO[39m [33m PlaywrightCrawler:[39m Parsing: https://www.chipdip.ru/product/lm2596hvgr-5.0-ponizhayuschiy-dc-dc-preobrazovatel-htc-9000660820
[32mINFO[39m [33m PlaywrightCrawler:[39m Using proxy: p.webshare.io:80
[32mINFO[39m [33m PlaywrightCrawler:Statistics:[39m PlaywrightCrawler request statistics:[90m {"requestAvgFailedDurationMillis":null,"requestAvgFinishedDurationMillis":12535,"requestsFinishedPerMinute":5,"requestsFailedPerMinute":0,"requestTotalDurationMillis":188028,"requestsTotal":15,"crawlerRuntimeMillis":180102,"retryHistogram":[15]}[39m
[32mINFO[39m [33m PlaywrightCrawler:AutoscaledPool:[39m state[90m {"currentConcurrency":1,"desiredConcurrency":1,"systemStatus":{"isSystemIdle":false,"memInfo":{"isOverloaded":true,"limitRatio":0.2,"actualRatio":1},"eventLoopInfo":{"isOverloaded":false,"limitRatio":0.6,"actualRatio":0},"cpuInfo":{"isOverloaded":false,"limitRatio":0.4,"actualRatio":0},"clientInfo":{"isOverloaded":false,"limitRatio":0.3,"actualRatio":0}}}[39m
[32mINFO[39m [33m PlaywrightCrawler:[39m ✅ Parsed: LM2596HVGR-5.0, Понижающий DC-DC преобразователь, Uвх=до 60В, Uвых=+5В, 3А, 150кГц [TO-263-5L]
📊 Progress: 96/2000 (4.8%) | Speed: 2.5 products/min | ETA: 755 min | Failed: 0 | Blocked: 0
🔄 Proxy rotations: 6 | Healthy proxies: 20000/20000
[32mINFO[39m [33m PlaywrightCrawler:[39m Parsing: https://www.chipdip.ru/product/lm2596hvgr-adj-ponizhayuschiy-dc-dc-preobrazovatel-htc-9000543844
[32mINFO[39m [33m PlaywrightCrawler:[39m Using proxy: p.webshare.io:80
[32mINFO[39m [33m PlaywrightCrawler:[39m ✅ Parsed: LM2596HVGR-ADJ, Понижающий DC-DC преобразователь, Uвх=до 60В, Uвых=1.23…37, 3А, 150кГц [TO-263-5L]
📊 Progress: 97/2000 (4.9%) | Speed: 2.5 products/min | ETA: 751 min | Failed: 0 | Blocked: 0
🔄 Proxy rotations: 6 | Healthy proxies: 20000/20000
[32mINFO[39m [33m PlaywrightCrawler:[39m Parsing: https://www.chipdip.ru/product/lm2596hvgt-adj-ponizhayuschiy-dc-dc-preobrazovatel-htc-9000543845
[32mINFO[39m [33m PlaywrightCrawler:[39m Using proxy: p.webshare.io:80
[32mINFO[39m [33m PlaywrightCrawler:[39m ✅ Parsed: LM2596HVGT-ADJ, Понижающий DC-DC преобразователь, Uвх=до 60В, Uвых=1.23…37, 3А, 150кГц [TO-220-5L]
📊 Progress: 98/2000 (4.9%) | Speed: 2.5 products/min | ETA: 747 min | Failed: 0 | Blocked: 0
🔄 Proxy rotations: 6 | Healthy proxies: 20000/20000
[32mINFO[39m [33m PlaywrightCrawler:[39m Parsing: https://www.chipdip.ru/product/lm2596hvs-12-ponizhayuschiy-dc-dc-preobrazovatel-uvh-do-umw-9001231212
[32mINFO[39m [33m PlaywrightCrawler:[39m Using proxy: p.webshare.io:80
[32mINFO[39m [33m PlaywrightCrawler:[39m ✅ Parsed: LM2596HVS-12, Понижающий DC-DC преобразователь, Uвх=до 60В, Uвых=12В, 3А, 150кГц [TO-263-5L]
📊 Progress: 99/2000 (5.0%) | Speed: 2.6 products/min | ETA: 743 min | Failed: 0 | Blocked: 0
🔄 Proxy rotations: 6 | Healthy proxies: 20000/20000
[32mINFO[39m [33m PlaywrightCrawler:[39m Parsing: https://www.chipdip.ru/product/lm2596hvs-3.3-ponizhayuschiy-dc-dc-preobrazovatel-umw-9001231208
[32mINFO[39m [33m PlaywrightCrawler:[39m Using proxy: p.webshare.io:80
[32mINFO[39m [33m PlaywrightCrawler:[39m ✅ Parsed: LM2596HVS-3.3, Понижающий DC-DC преобразователь, Uвх=до 60В, Uвых=3.3В, 3А, 150кГц [TO-263-5L]
📊 Progress: 100/2000 (5.0%) | Speed: 2.6 products/min | ETA: 739 min | Failed: 0 | Blocked: 0
🔄 Proxy rotations: 6 | Healthy proxies: 20000/20000
[32mINFO[39m [33m PlaywrightCrawler:[39m All requests from the queue have been processed, the crawler will shut down.
[32mINFO[39m [33m PlaywrightCrawler:[39m Final request statistics:[90m {"requestsFinished":20,"requestsFailed":0,"retryHistogram":[20],"requestAvgFailedDurationMillis":null,"requestAvgFinishedDurationMillis":12491,"requestsFinishedPerMinute":5,"requestsFailedPerMinute":0,"requestTotalDurationMillis":249816,"requestsTotal":20,"crawlerRuntimeMillis":233994}[39m
[32mINFO[39m [33m PlaywrightCrawler:[39m Finished! Total 20 requests: 20 succeeded, 0 failed.[90m {"terminal":true}[39m
✅ Batch completed. Processed: 100/2000
🔍 Testing proxy 1/50: yyinovqc-20...
✅ Proxy yyinovqc-20 is working!

🔄 Batch 6: Processing 20 products with proxy p.webshare.io:80
[32mINFO[39m [33m PlaywrightCrawler:[39m Starting the crawler.
[33mWARN[39m [33m PlaywrightCrawler:AutoscaledPool:Snapshotter:[39m Memory is critically overloaded. Using 3936 MB of 4096 MB (96%). Consider increasing available memory.
[32mINFO[39m [33m PlaywrightCrawler:[39m Parsing: https://www.chipdip.ru/product/lm2596hvs-5.0-ponizhayuschiy-dc-dc-preobrazovatel-umw-9001231211
[32mINFO[39m [33m PlaywrightCrawler:[39m Using proxy: p.webshare.io:80
[32mINFO[39m [33m PlaywrightCrawler:[39m Parsing: https://www.chipdip.ru/product/lm2596hvs-adj-ponizhayuschiy-dc-dc-preobrazovatel-umw-9001231215
[32mINFO[39m [33m PlaywrightCrawler:[39m Using proxy: p.webshare.io:80
[33mWARN[39m [33m PlaywrightCrawler:AutoscaledPool:Snapshotter:[39m Memory is critically overloaded. Using 4094 MB of 4096 MB (100%). Consider increasing available memory.
[32mINFO[39m [33m PlaywrightCrawler:[39m ✅ Parsed: LM2596HVS-ADJ, Понижающий DC-DC преобразователь, Uвх=до 60В, Uвых=1.23…57В, 3А, 150кГц [TO-263-5L.]
📊 Progress: 101/2000 (5.1%) | Speed: 2.6 products/min | ETA: 737 min | Failed: 0 | Blocked: 0
🔄 Proxy rotations: 7 | Healthy proxies: 20000/20000
[32mINFO[39m [33m PlaywrightCrawler:[39m ✅ Parsed: LM2596HVS-5.0, Понижающий DC-DC преобразователь, Uвх=до 60В, Uвых=5В, 3А, 150кГц [TO-263-5L]
📊 Progress: 102/2000 (5.1%) | Speed: 2.6 products/min | ETA: 729 min | Failed: 0 | Blocked: 0
🔄 Proxy rotations: 7 | Healthy proxies: 20000/20000
[32mINFO[39m [33m PlaywrightCrawler:[39m Parsing: https://www.chipdip.ru/product/lm2596r-adj-ponizhayuschiy-dc-dc-preobrazovatel-uvh-do-htc-9000543843
[32mINFO[39m [33m PlaywrightCrawler:[39m Using proxy: p.webshare.io:80
[32mINFO[39m [33m PlaywrightCrawler:[39m ✅ Parsed: LM2596R-ADJ, Понижающий DC-DC преобразователь, Uвх=до 40В, Uвых=1.23…37, 3А, 150кГц [TO-263-5L] (=LM2596S-ADJ)
📊 Progress: 103/2000 (5.1%) | Speed: 2.6 products/min | ETA: 726 min | Failed: 0 | Blocked: 0
🔄 Proxy rotations: 7 | Healthy proxies: 20000/20000
[32mINFO[39m [33m PlaywrightCrawler:[39m Parsing: https://www.chipdip.ru/product/lm2596s-12-impulsnyy-ponizhayuschiy-regulyator-umw-9001169281
[32mINFO[39m [33m PlaywrightCrawler:[39m Using proxy: p.webshare.io:80
[32mINFO[39m [33m PlaywrightCrawler:[39m ✅ Parsed: LM2596S-12, Импульсный понижающий регулятор напряжения с регулировкой выхода, 3А, 150кГц, 12В [TO-263-5]
📊 Progress: 104/2000 (5.2%) | Speed: 2.6 products/min | ETA: 722 min | Failed: 0 | Blocked: 0
🔄 Proxy rotations: 7 | Healthy proxies: 20000/20000
[32mINFO[39m [33m PlaywrightCrawler:[39m Parsing: https://www.chipdip.ru/product/lm2596s-3.3-impulsnyy-ponizhayuschiy-regulyator-umw-9001169280
[32mINFO[39m [33m PlaywrightCrawler:[39m Using proxy: p.webshare.io:80
[32mINFO[39m [33m PlaywrightCrawler:[39m ✅ Parsed: LM2596S-3.3, Импульсный понижающий регулятор напряжения с регулировкой выхода, 3А, 150кГц, 3.3В [TO-263-5]
📊 Progress: 105/2000 (5.3%) | Speed: 2.6 products/min | ETA: 719 min | Failed: 0 | Blocked: 0
🔄 Proxy rotations: 7 | Healthy proxies: 20000/20000
[32mINFO[39m [33m PlaywrightCrawler:Statistics:[39m PlaywrightCrawler request statistics:[90m {"requestAvgFailedDurationMillis":null,"requestAvgFinishedDurationMillis":14120,"requestsFinishedPerMinute":5,"requestsFailedPerMinute":0,"requestTotalDurationMillis":70599,"requestsTotal":5,"crawlerRuntimeMillis":60102,"retryHistogram":[5]}[39m
[32mINFO[39m [33m PlaywrightCrawler:AutoscaledPool:[39m state[90m {"currentConcurrency":1,"desiredConcurrency":1,"systemStatus":{"isSystemIdle":false,"memInfo":{"isOverloaded":true,"limitRatio":0.2,"actualRatio":0.428},"eventLoopInfo":{"isOverloaded":false,"limitRatio":0.6,"actualRatio":0},"cpuInfo":{"isOverloaded":false,"limitRatio":0.4,"actualRatio":0},"clientInfo":{"isOverloaded":false,"limitRatio":0.3,"actualRatio":0}}}[39m
[32mINFO[39m [33m PlaywrightCrawler:[39m Parsing: https://www.chipdip.ru/product/lm2596s-5.0-impulsnyy-ponizhayuschiy-regulyator-umw-9001169279
[32mINFO[39m [33m PlaywrightCrawler:[39m Using proxy: p.webshare.io:80
[32mINFO[39m [33m PlaywrightCrawler:[39m ✅ Parsed: LM2596S-5.0, Импульсный понижающий регулятор напряжения 5В 3А 150кГц [TO-263-5.]
📊 Progress: 106/2000 (5.3%) | Speed: 2.6 products/min | ETA: 716 min | Failed: 0 | Blocked: 0
🔄 Proxy rotations: 7 | Healthy proxies: 20000/20000
[32mINFO[39m [33m PlaywrightCrawler:[39m Parsing: https://www.chipdip.ru/product/lm2596s-adj-impulsnyy-ponizhayuschiy-regulyator-umw-9001169278
[32mINFO[39m [33m PlaywrightCrawler:[39m Using proxy: p.webshare.io:80
[32mINFO[39m [33m PlaywrightCrawler:[39m ✅ Parsed: LM2596S-ADJ, Импульсный понижающий регулятор напряжения с регулировкой выхода, 3А, 150кГц, 1.2В…37В [TO-263-5]
📊 Progress: 107/2000 (5.3%) | Speed: 2.7 products/min | ETA: 712 min | Failed: 0 | Blocked: 0
🔄 Proxy rotations: 7 | Healthy proxies: 20000/20000
[32mINFO[39m [33m PlaywrightCrawler:[39m Parsing: https://www.chipdip.ru/product/lm2596t-adj-ponizhayuschiy-dc-dc-preobrazovatel-uvh-do-htc-9000543842
[32mINFO[39m [33m PlaywrightCrawler:[39m Using proxy: p.webshare.io:80
[32mINFO[39m [33m PlaywrightCrawler:[39m ✅ Parsed: LM2596T-ADJ, Понижающий DC-DC преобразователь, Uвх=до 40В, Uвых=1.23…37, 3А, 150кГц [TO-220-5L] (=LM2596T-ADJ)
📊 Progress: 108/2000 (5.4%) | Speed: 2.7 products/min | ETA: 709 min | Failed: 0 | Blocked: 0
🔄 Proxy rotations: 7 | Healthy proxies: 20000/20000
[32mINFO[39m [33m PlaywrightCrawler:[39m Parsing: https://www.chipdip.ru/product/lm2611amfx-nopb-cuk-preobrazovatel-adj-texas-instruments-9001599785
[32mINFO[39m [33m PlaywrightCrawler:[39m Using proxy: p.webshare.io:80
[32mINFO[39m [33m PlaywrightCrawler:[39m ✅ Parsed: LM2611AMFX/NOPB, Cuk преобразователь ADJ 1.2А 1.4МГц [SOT-23-5.] (=LM2611AMF/NOPB)
📊 Progress: 109/2000 (5.5%) | Speed: 2.7 products/min | ETA: 706 min | Failed: 0 | Blocked: 0
🔄 Proxy rotations: 7 | Healthy proxies: 20000/20000
[32mINFO[39m [33m PlaywrightCrawler:[39m Parsing: https://www.chipdip.ru/product/lm2621mm-nopb-povyshayuschiy-texas-instruments-5577602908
[32mINFO[39m [33m PlaywrightCrawler:[39m Using proxy: p.webshare.io:80
[32mINFO[39m [33m PlaywrightCrawler:[39m ✅ Parsed: LM2621MM/NOPB, Повышающий преобразователь напряжения с низковольтным входом 1.2В, [VSSOP-8]
📊 Progress: 110/2000 (5.5%) | Speed: 2.7 products/min | ETA: 702 min | Failed: 0 | Blocked: 0
🔄 Proxy rotations: 7 | Healthy proxies: 20000/20000
[32mINFO[39m [33m PlaywrightCrawler:Statistics:[39m PlaywrightCrawler request statistics:[90m {"requestAvgFailedDurationMillis":null,"requestAvgFinishedDurationMillis":13338,"requestsFinishedPerMinute":5,"requestsFailedPerMinute":0,"requestTotalDurationMillis":133379,"requestsTotal":10,"crawlerRuntimeMillis":120103,"retryHistogram":[10]}[39m
[32mINFO[39m [33m PlaywrightCrawler:AutoscaledPool:[39m state[90m {"currentConcurrency":1,"desiredConcurrency":1,"systemStatus":{"isSystemIdle":false,"memInfo":{"isOverloaded":true,"limitRatio":0.2,"actualRatio":1},"eventLoopInfo":{"isOverloaded":false,"limitRatio":0.6,"actualRatio":0},"cpuInfo":{"isOverloaded":false,"limitRatio":0.4,"actualRatio":0},"clientInfo":{"isOverloaded":false,"limitRatio":0.3,"actualRatio":0}}}[39m
[32mINFO[39m [33m PlaywrightCrawler:[39m Parsing: https://www.chipdip.ru/product/lm2623ammx-nopb-dc-dc-preobrazovvatel-texas-instruments-9020005023
[32mINFO[39m [33m PlaywrightCrawler:[39m Using proxy: p.webshare.io:80
[32mINFO[39m [33m PlaywrightCrawler:[39m ✅ Parsed: LM2623AMMX/NOPB, DC/DC преобразовватель напряжения, повышающий [VSSOP-8]
📊 Progress: 111/2000 (5.5%) | Speed: 2.7 products/min | ETA: 699 min | Failed: 0 | Blocked: 0
🔄 Proxy rotations: 7 | Healthy proxies: 20000/20000
[32mINFO[39m [33m PlaywrightCrawler:[39m Parsing: https://www.chipdip.ru/product/lm2660mx-nopb-invertor-napryazheniya-s-texas-instruments-9001599786
[32mINFO[39m [33m PlaywrightCrawler:[39m Using proxy: p.webshare.io:80
[32mINFO[39m [33m PlaywrightCrawler:[39m ✅ Parsed: LM2660MX/NOPB, Инвертор напряжения с подкачкой заряда, INV, 100мА [SOIC -8.] (=LM2660M/NOPB)
📊 Progress: 112/2000 (5.6%) | Speed: 2.7 products/min | ETA: 696 min | Failed: 0 | Blocked: 0
🔄 Proxy rotations: 7 | Healthy proxies: 20000/20000
[32mINFO[39m [33m PlaywrightCrawler:[39m Parsing: https://www.chipdip.ru/product/lm2662mx-nopb-dc-dc-preobrazovatel-charge-texas-instruments-2288028499
[32mINFO[39m [33m PlaywrightCrawler:[39m Using proxy: p.webshare.io:80
[32mINFO[39m [33m PlaywrightCrawler:[39m ✅ Parsed: LM2662MX/NOPB, DC/DC преобразователь, Charge pump, инвертирующий [SOIC-8]
📊 Progress: 113/2000 (5.7%) | Speed: 2.7 products/min | ETA: 693 min | Failed: 0 | Blocked: 0
🔄 Proxy rotations: 7 | Healthy proxies: 20000/20000
[32mINFO[39m [33m PlaywrightCrawler:[39m Parsing: https://www.chipdip.ru/product/lm2664m6x-nopb-dc-dc-preobrazovatel-texas-instruments-9000081567
[32mINFO[39m [33m PlaywrightCrawler:[39m Using proxy: p.webshare.io:80
[32mINFO[39m [33m PlaywrightCrawler:[39m ✅ Parsed: LM2664M6X/NOPB, DC-DC преобразователь, SWITCH CAP [SOT-23-6]
📊 Progress: 114/2000 (5.7%) | Speed: 2.7 products/min | ETA: 689 min | Failed: 0 | Blocked: 0
🔄 Proxy rotations: 7 | Healthy proxies: 20000/20000
[32mINFO[39m [33m PlaywrightCrawler:[39m Parsing: https://www.chipdip.ru/product/lm2665m6x-nopb-invertor-napryazheniya-s-texas-instruments-9001599787
[32mINFO[39m [33m PlaywrightCrawler:[39m Using proxy: p.webshare.io:80
[32mINFO[39m [33m PlaywrightCrawler:[39m ✅ Parsed: LM2665M6X/NOPB, Инвертор напряжения с подкачкой заряда, 2VIN, 40мА [SOT-23-6.] (=LM2665M6/NOPB)
📊 Progress: 115/2000 (5.8%) | Speed: 2.7 products/min | ETA: 686 min | Failed: 0 | Blocked: 0
🔄 Proxy rotations: 7 | Healthy proxies: 20000/20000
[32mINFO[39m [33m PlaywrightCrawler:Statistics:[39m PlaywrightCrawler request statistics:[90m {"requestAvgFailedDurationMillis":null,"requestAvgFinishedDurationMillis":12863,"requestsFinishedPerMinute":5,"requestsFailedPerMinute":0,"requestTotalDurationMillis":192947,"requestsTotal":15,"crawlerRuntimeMillis":180104,"retryHistogram":[15]}[39m
[32mINFO[39m [33m PlaywrightCrawler:AutoscaledPool:[39m state[90m {"currentConcurrency":1,"desiredConcurrency":1,"systemStatus":{"isSystemIdle":false,"memInfo":{"isOverloaded":true,"limitRatio":0.2,"actualRatio":1},"eventLoopInfo":{"isOverloaded":false,"limitRatio":0.6,"actualRatio":0},"cpuInfo":{"isOverloaded":false,"limitRatio":0.4,"actualRatio":0},"clientInfo":{"isOverloaded":false,"limitRatio":0.3,"actualRatio":0}}}[39m
[32mINFO[39m [33m PlaywrightCrawler:[39m Parsing: https://www.chipdip.ru/product/lm2673s-adj-nopb-dc-dc-preobrazovatel-texas-instruments-2540532800
[32mINFO[39m [33m PlaywrightCrawler:[39m Using proxy: p.webshare.io:80
[32mINFO[39m [33m PlaywrightCrawler:[39m ✅ Parsed: LM2673S-ADJ/NOPB, DC-DC преобразователь Step-Down, 3А, с регулируемым пределом тока, SIMPLE SWITCHER [TO-263-7]
📊 Progress: 116/2000 (5.8%) | Speed: 2.8 products/min | ETA: 683 min | Failed: 0 | Blocked: 0
🔄 Proxy rotations: 7 | Healthy proxies: 20000/20000
[32mINFO[39m [33m PlaywrightCrawler:[39m Parsing: https://www.chipdip.ru/product/lm2674m-5.0-ponizhayuschiy-dc-dc-preobrazovatel-uvh-do-umw-9001231218
[32mINFO[39m [33m PlaywrightCrawler:[39m Using proxy: p.webshare.io:80
[32mINFO[39m [33m PlaywrightCrawler:[39m ✅ Parsed: LM2674M-5.0, Понижающий DC-DC преобразователь, Uвх=до 40В, Uвых=5В, 0.5А, 260кГц [SOP-8]
📊 Progress: 117/2000 (5.9%) | Speed: 2.8 products/min | ETA: 680 min | Failed: 0 | Blocked: 0
🔄 Proxy rotations: 7 | Healthy proxies: 20000/20000
[32mINFO[39m [33m PlaywrightCrawler:[39m Parsing: https://www.chipdip.ru/product/lm2674m-adj-ponizhayuschiy-dc-dc-preobrazovatel-uvh-do-umw-9001633710
[32mINFO[39m [33m PlaywrightCrawler:[39m Using proxy: p.webshare.io:80
[32mINFO[39m [33m PlaywrightCrawler:[39m ✅ Parsed: LM2674M-ADJ, Понижающий DC-DC преобразователь, Uвх=до 40В, Uвых=ADJ, 0.5А, 260кГц [SOP-8]
📊 Progress: 118/2000 (5.9%) | Speed: 2.8 products/min | ETA: 677 min | Failed: 0 | Blocked: 0
🔄 Proxy rotations: 7 | Healthy proxies: 20000/20000
[32mINFO[39m [33m PlaywrightCrawler:[39m Parsing: https://www.chipdip.ru/product/lm2675m-5.0-dc-dc-preobrazovatel-step-down-uvh-7-40v-umw-9001633709
[32mINFO[39m [33m PlaywrightCrawler:[39m Using proxy: p.webshare.io:80
[32mINFO[39m [33m PlaywrightCrawler:[39m ✅ Parsed: LM2675M-5.0, DC-DC преобразователь, Step-Down, Uвх.=7…40В, Uвых=5.0В, Iвых= 1А, 260кГц [SOIC-8.]
📊 Progress: 119/2000 (5.9%) | Speed: 2.8 products/min | ETA: 673 min | Failed: 0 | Blocked: 0
🔄 Proxy rotations: 7 | Healthy proxies: 20000/20000
[32mINFO[39m [33m PlaywrightCrawler:[39m Parsing: https://www.chipdip.ru/product/lm2675m-adj-dc-dc-preobrazovatel-step-down-uvh-7-40v-umw-9001333341
[32mINFO[39m [33m PlaywrightCrawler:[39m Using proxy: p.webshare.io:80
[32mINFO[39m [33m PlaywrightCrawler:[39m ✅ Parsed: LM2675M-ADJ, DC-DC преобразователь, Step-Down, Uвх.=7…40В, Uвых=ADJ, Iвых= 1А, 260кГц [SOIC-8.]
📊 Progress: 120/2000 (6.0%) | Speed: 2.8 products/min | ETA: 671 min | Failed: 0 | Blocked: 0
🔄 Proxy rotations: 7 | Healthy proxies: 20000/20000
[32mINFO[39m [33m PlaywrightCrawler:[39m All requests from the queue have been processed, the crawler will shut down.
[32mINFO[39m [33m PlaywrightCrawler:[39m Final request statistics:[90m {"requestsFinished":20,"requestsFailed":0,"retryHistogram":[20],"requestAvgFailedDurationMillis":null,"requestAvgFinishedDurationMillis":12461,"requestsFinishedPerMinute":5,"requestsFailedPerMinute":0,"requestTotalDurationMillis":249217,"requestsTotal":20,"crawlerRuntimeMillis":233612}[39m
[32mINFO[39m [33m PlaywrightCrawler:[39m Finished! Total 20 requests: 20 succeeded, 0 failed.[90m {"terminal":true}[39m
✅ Batch completed. Processed: 120/2000
🔍 Testing proxy 1/50: yyinovqc-21...
✅ Proxy yyinovqc-21 is working!

🔄 Batch 7: Processing 20 products with proxy p.webshare.io:80
[32mINFO[39m [33m PlaywrightCrawler:[39m Starting the crawler.
[33mWARN[39m [33m PlaywrightCrawler:AutoscaledPool:Snapshotter:[39m Memory is critically overloaded. Using 3965 MB of 4096 MB (97%). Consider increasing available memory.
[32mINFO[39m [33m PlaywrightCrawler:[39m Parsing: https://www.chipdip.ru/product/lm2676sx-5.0-nopb-dc-dc-preobrazovatel-texas-instruments-9000237246
[32mINFO[39m [33m PlaywrightCrawler:[39m Using proxy: p.webshare.io:80
[32mINFO[39m [33m PlaywrightCrawler:[39m Parsing: https://www.chipdip.ru/product/lm2676sx-adj-nopb-regulyator-texas-instruments-2030042966
[32mINFO[39m [33m PlaywrightCrawler:[39m Using proxy: p.webshare.io:80
[33mWARN[39m [33m PlaywrightCrawler:AutoscaledPool:Snapshotter:[39m Memory is critically overloaded. Using 4028 MB of 4096 MB (98%). Consider increasing available memory.
[32mINFO[39m [33m PlaywrightCrawler:[39m ✅ Parsed: LM2676SX-5.0/NOPB, DC-DC преобразователь Step-Down, Uвх=8…40В, Uвых=5В, Iвых= 3А, 260кГц, SIMPLE SWITCHER [TO-263-7]
📊 Progress: 121/2000 (6.0%) | Speed: 2.8 products/min | ETA: 669 min | Failed: 0 | Blocked: 0
🔄 Proxy rotations: 8 | Healthy proxies: 20000/20000
[32mINFO[39m [33m PlaywrightCrawler:[39m ✅ Parsed: LM2676SX-ADJ/NOPB, Регулятор напряжения понижающий, 3А, Uвх=8-40В, Uвых=1.2-37В [DDPAK-7]
📊 Progress: 122/2000 (6.1%) | Speed: 2.8 products/min | ETA: 663 min | Failed: 0 | Blocked: 0
🔄 Proxy rotations: 8 | Healthy proxies: 20000/20000
[32mINFO[39m [33m PlaywrightCrawler:[39m Parsing: https://www.chipdip.ru/product/lm2676t-adj-nopb-stabilizator-texas-instruments-2111553517
[32mINFO[39m [33m PlaywrightCrawler:[39m Using proxy: p.webshare.io:80
[32mINFO[39m [33m PlaywrightCrawler:[39m ✅ Parsed: LM2676T-ADJ/NOPB, Стабилизатор напряжения импульсный понижающий с защитой, 3А, 1.2...37В [TO-220-7]
📊 Progress: 123/2000 (6.2%) | Speed: 2.8 products/min | ETA: 660 min | Failed: 0 | Blocked: 0
🔄 Proxy rotations: 8 | Healthy proxies: 20000/20000
[32mINFO[39m [33m PlaywrightCrawler:[39m Parsing: https://www.chipdip.ru/product/lm2678sx-adj-nopb-dc-dc-preobrazovatel-texas-instruments-919953438
[32mINFO[39m [33m PlaywrightCrawler:[39m Using proxy: p.webshare.io:80
[32mINFO[39m [33m PlaywrightCrawler:[39m ✅ Parsed: LM2678SX-ADJ/NOPB, DC-DC преобразователь, SIMPLE SWITCHER [TO-263-7]
📊 Progress: 124/2000 (6.2%) | Speed: 2.9 products/min | ETA: 657 min | Failed: 0 | Blocked: 0
🔄 Proxy rotations: 8 | Healthy proxies: 20000/20000
[32mINFO[39m [33m PlaywrightCrawler:[39m Parsing: https://www.chipdip.ru/product/lm2678t-adj-nopb-stabilizator-napryazheniya-texas-instruments-76756791
[32mINFO[39m [33m PlaywrightCrawler:[39m Using proxy: p.webshare.io:80
[32mINFO[39m [33m PlaywrightCrawler:[39m ✅ Parsed: LM2678T-ADJ/NOPB, Стабилизатор напряжения импульсный понижающий с защитой, 5А, 1.2...37В [TO-220-7]
📊 Progress: 125/2000 (6.3%) | Speed: 2.9 products/min | ETA: 654 min | Failed: 0 | Blocked: 0
🔄 Proxy rotations: 8 | Healthy proxies: 20000/20000
[32mINFO[39m [33m PlaywrightCrawler:[39m Parsing: https://www.chipdip.ru/product/lm27313xmfx-nopb-impulsnyy-povyshayuschiy-texas-instruments-9000081357
[32mINFO[39m [33m PlaywrightCrawler:[39m Using proxy: p.webshare.io:80
[32mINFO[39m [33m PlaywrightCrawler:[39m ✅ Parsed: LM27313XMFX/NOPB, Импульсный повышающий преобразователь напряжения, 1.6МГц [SOT-23-5]
📊 Progress: 126/2000 (6.3%) | Speed: 2.9 products/min | ETA: 651 min | Failed: 0 | Blocked: 0
🔄 Proxy rotations: 8 | Healthy proxies: 20000/20000
[32mINFO[39m [33m PlaywrightCrawler:Statistics:[39m PlaywrightCrawler request statistics:[90m {"requestAvgFailedDurationMillis":null,"requestAvgFinishedDurationMillis":11841,"requestsFinishedPerMinute":6,"requestsFailedPerMinute":0,"requestTotalDurationMillis":71045,"requestsTotal":6,"crawlerRuntimeMillis":60092,"retryHistogram":[6]}[39m
[32mINFO[39m [33m PlaywrightCrawler:AutoscaledPool:[39m state[90m {"currentConcurrency":1,"desiredConcurrency":1,"systemStatus":{"isSystemIdle":false,"memInfo":{"isOverloaded":true,"limitRatio":0.2,"actualRatio":0.643},"eventLoopInfo":{"isOverloaded":false,"limitRatio":0.6,"actualRatio":0},"cpuInfo":{"isOverloaded":false,"limitRatio":0.4,"actualRatio":0},"clientInfo":{"isOverloaded":false,"limitRatio":0.3,"actualRatio":0}}}[39m
[32mINFO[39m [33m PlaywrightCrawler:[39m Parsing: https://www.chipdip.ru/product/lm2731xmf-nopb-impulsnyy-povyshayuschiy-texas-instruments-9000037482
[32mINFO[39m [33m PlaywrightCrawler:[39m Using proxy: p.webshare.io:80
[32mINFO[39m [33m PlaywrightCrawler:[39m ✅ Parsed: LM2731XMF/NOPB, Импульсный повышающий преобразователь напряжения, 1.6МГц [SOT-23-5]
📊 Progress: 127/2000 (6.3%) | Speed: 2.9 products/min | ETA: 649 min | Failed: 0 | Blocked: 0
🔄 Proxy rotations: 8 | Healthy proxies: 20000/20000
[32mINFO[39m [33m PlaywrightCrawler:[39m Parsing: https://www.chipdip.ru/product/lm2731ymfx-nopb-dc-dc-preobrazovatel-texas-instruments-2572727845
[32mINFO[39m [33m PlaywrightCrawler:[39m Using proxy: p.webshare.io:80
[32mINFO[39m [33m PlaywrightCrawler:[39m ✅ Parsed: LM2731YMFX/NOPB, DC-DC преобразователь [SOT-23-5]
📊 Progress: 128/2000 (6.4%) | Speed: 2.9 products/min | ETA: 646 min | Failed: 0 | Blocked: 0
🔄 Proxy rotations: 8 | Healthy proxies: 20000/20000
[32mINFO[39m [33m PlaywrightCrawler:[39m Parsing: https://www.chipdip.ru/product/lm2733xmfx-nopb-dc-dc-preobrazovatel-texas-instruments-9000040612
[32mINFO[39m [33m PlaywrightCrawler:[39m Using proxy: p.webshare.io:80
[32mINFO[39m [33m PlaywrightCrawler:[39m ✅ Parsed: LM2733XMFX/NOPB, DC-DC преобразователь, Boost, 40В FET Switch, 1.6МГц [SOT-23-5.] (=LM2733XMF/NOPB)
📊 Progress: 129/2000 (6.5%) | Speed: 2.9 products/min | ETA: 643 min | Failed: 0 | Blocked: 0
🔄 Proxy rotations: 8 | Healthy proxies: 20000/20000
[32mINFO[39m [33m PlaywrightCrawler:[39m Parsing: https://www.chipdip.ru/product/lm2733ymfx-nopb-dc-dc-preobrazovatel-texas-instruments-5193524418
[32mINFO[39m [33m PlaywrightCrawler:[39m Using proxy: p.webshare.io:80
[32mINFO[39m [33m PlaywrightCrawler:[39m ✅ Parsed: LM2733YMFX/NOPB, DC-DC преобразователь, Boost, 40В FET Switch, 0.6МГц [SOT-23-5.] (=LM2733YMF/NOPB)
📊 Progress: 130/2000 (6.5%) | Speed: 2.9 products/min | ETA: 641 min | Failed: 0 | Blocked: 0
🔄 Proxy rotations: 8 | Healthy proxies: 20000/20000
[32mINFO[39m [33m PlaywrightCrawler:[39m Parsing: https://www.chipdip.ru/product/lm2734xmkx-nopb-preobrazovatel-dc-dc-texas-instruments-9001015774
[32mINFO[39m [33m PlaywrightCrawler:[39m Using proxy: p.webshare.io:80
[32mINFO[39m [33m PlaywrightCrawler:[39m ✅ Parsed: LM2734XMKX/NOPB, Преобразователь DC-DC понижающий 1А вход 3...20В выход 0.8...18В 1.6МГц [SOT-23-6]
📊 Progress: 131/2000 (6.6%) | Speed: 2.9 products/min | ETA: 638 min | Failed: 0 | Blocked: 0
🔄 Proxy rotations: 8 | Healthy proxies: 20000/20000
[33mWARN[39m [33m PlaywrightCrawler:AutoscaledPool:Snapshotter:[39m Memory is critically overloaded. Using 3953 MB of 4096 MB (97%). Consider increasing available memory.
[32mINFO[39m [33m PlaywrightCrawler:[39m Parsing: https://www.chipdip.ru/product/lm27761dsgr-invertor-napryazheniya-s-texas-instruments-9001599788
[32mINFO[39m [33m PlaywrightCrawler:[39m Using proxy: p.webshare.io:80
[32mINFO[39m [33m PlaywrightCrawler:[39m Parsing: https://www.chipdip.ru/product/lm27762dssr-dc-dc-preobrazovatel-charge-texas-instruments-9000474066
[32mINFO[39m [33m PlaywrightCrawler:[39m Using proxy: p.webshare.io:80
[32mINFO[39m [33m PlaywrightCrawler:[39m Parsing: https://www.chipdip.ru/product/lm2734ymkx-nopb-dc-dc-preobrazovatel-1a-texas-instruments-9000036338
[32mINFO[39m [33m PlaywrightCrawler:[39m Using proxy: p.webshare.io:80
[32mINFO[39m [33m PlaywrightCrawler:Statistics:[39m PlaywrightCrawler request statistics:[90m {"requestAvgFailedDurationMillis":null,"requestAvgFinishedDurationMillis":11475,"requestsFinishedPerMinute":5,"requestsFailedPerMinute":0,"requestTotalDurationMillis":126220,"requestsTotal":11,"crawlerRuntimeMillis":120094,"retryHistogram":[11]}[39m
[32mINFO[39m [33m PlaywrightCrawler:AutoscaledPool:[39m state[90m {"currentConcurrency":3,"desiredConcurrency":2,"systemStatus":{"isSystemIdle":false,"memInfo":{"isOverloaded":true,"limitRatio":0.2,"actualRatio":0.321},"eventLoopInfo":{"isOverloaded":false,"limitRatio":0.6,"actualRatio":0},"cpuInfo":{"isOverloaded":false,"limitRatio":0.4,"actualRatio":0},"clientInfo":{"isOverloaded":false,"limitRatio":0.3,"actualRatio":0}}}[39m
[32mINFO[39m [33m PlaywrightCrawler:[39m ✅ Parsed: LM27761DSGR, Инвертор напряжения с подкачкой заряда, ADJ, 250мА [WSON-8 (2x2).]
📊 Progress: 132/2000 (6.6%) | Speed: 2.9 products/min | ETA: 635 min | Failed: 0 | Blocked: 0
🔄 Proxy rotations: 8 | Healthy proxies: 20000/20000
[32mINFO[39m [33m PlaywrightCrawler:[39m ✅ Parsed: LM27762DSSR, DC-DC преобразователь, Charge Pump, Uвх=2.7…5.5В, Uвых=±1.5…5В, 0.25А, 2МГц [WSON-12_3x2.]
📊 Progress: 133/2000 (6.7%) | Speed: 3.0 products/min | ETA: 630 min | Failed: 0 | Blocked: 0
🔄 Proxy rotations: 8 | Healthy proxies: 20000/20000
[32mINFO[39m [33m PlaywrightCrawler:[39m ✅ Parsed: LM2734YMKX/NOPB, DC-DC преобразователь, 1А, Uвх=3-20В; Uвых=0.8-18В [SOT-23-6]
📊 Progress: 134/2000 (6.7%) | Speed: 3.0 products/min | ETA: 625 min | Failed: 0 | Blocked: 0
🔄 Proxy rotations: 8 | Healthy proxies: 20000/20000
[32mINFO[39m [33m PlaywrightCrawler:[39m Parsing: https://www.chipdip.ru/product/lm2776dbvr-dc-dc-preobrazovatel-charge-texas-instruments-9000369879
[32mINFO[39m [33m PlaywrightCrawler:[39m Using proxy: p.webshare.io:80
[32mINFO[39m [33m PlaywrightCrawler:[39m Parsing: https://www.chipdip.ru/product/lm3670mf-3.3-nopb-dc-dc-preobrazovatel-texas-instruments-9000295736
[32mINFO[39m [33m PlaywrightCrawler:[39m Using proxy: p.webshare.io:80
[32mINFO[39m [33m PlaywrightCrawler:[39m ✅ Parsed: LM2776DBVR, DC-DC преобразователь, Charge Pump, Uвх=2.7…5.5В, Uвых=-Uвх, 0.2А, 2МГц [SOT-23-6.]
📊 Progress: 135/2000 (6.8%) | Speed: 3.0 products/min | ETA: 623 min | Failed: 0 | Blocked: 0
🔄 Proxy rotations: 8 | Healthy proxies: 20000/20000
[32mINFO[39m [33m PlaywrightCrawler:[39m ✅ Parsed: LM3670MF-3.3/NOPB, DC-DC преобразователь, Buck, Uвх=2.5…5.5В, Uвых=3.3В, 0.35А, 1МГц [SOT-23-5.]
📊 Progress: 136/2000 (6.8%) | Speed: 3.0 products/min | ETA: 619 min | Failed: 0 | Blocked: 0
🔄 Proxy rotations: 8 | Healthy proxies: 20000/20000
[32mINFO[39m [33m PlaywrightCrawler:[39m Parsing: https://www.chipdip.ru/product/lm3670mf-adj-nopb-dc-dc-preobrazovatel-texas-instruments-9000117129
[32mINFO[39m [33m PlaywrightCrawler:[39m Using proxy: p.webshare.io:80
[32mINFO[39m [33m PlaywrightCrawler:[39m ✅ Parsed: LM3670MF-ADJ/NOPB, DC-DC преобразователь, Buck, Uвх=2.5…5.5В, Uвых=0.7…5.5В, 0.35А, 1МГц [SOT-23-5.]
📊 Progress: 137/2000 (6.9%) | Speed: 3.0 products/min | ETA: 617 min | Failed: 0 | Blocked: 0
🔄 Proxy rotations: 8 | Healthy proxies: 20000/20000
[32mINFO[39m [33m PlaywrightCrawler:[39m Parsing: https://www.chipdip.ru/product/lm3671mf-3.3-nopb-dc-dc-preobrazovatel-texas-instruments-9050000834
[32mINFO[39m [33m PlaywrightCrawler:[39m Using proxy: p.webshare.io:80
[32mINFO[39m [33m PlaywrightCrawler:[39m ✅ Parsed: LM3671MF-3.3/NOPB, DC-DC преобразователь 3.3В 600мА [SOT-23-5]
📊 Progress: 138/2000 (6.9%) | Speed: 3.0 products/min | ETA: 614 min | Failed: 0 | Blocked: 0
🔄 Proxy rotations: 8 | Healthy proxies: 20000/20000
[32mINFO[39m [33m PlaywrightCrawler:[39m Parsing: https://www.chipdip.ru/product/lm3671mf-adj-nopb-dc-dc-preobrazovatel-texas-instruments-2466611833
[32mINFO[39m [33m PlaywrightCrawler:[39m Using proxy: p.webshare.io:80
[32mINFO[39m [33m PlaywrightCrawler:[39m ✅ Parsed: LM3671MF-ADJ/NOPB, DC-DC преобразователь Step-Down 600мА, 2МГц [SOT-23-5]
📊 Progress: 139/2000 (7.0%) | Speed: 3.0 products/min | ETA: 612 min | Failed: 0 | Blocked: 0
🔄 Proxy rotations: 8 | Healthy proxies: 20000/20000
[32mINFO[39m [33m PlaywrightCrawler:[39m Parsing: https://www.chipdip.ru/product/lm3674mf-adj-nopb-dc-dc-preobrazovatel-texas-instruments-9001599802
[32mINFO[39m [33m PlaywrightCrawler:[39m Using proxy: p.webshare.io:80
[32mINFO[39m [33m PlaywrightCrawler:Statistics:[39m PlaywrightCrawler request statistics:[90m {"requestAvgFailedDurationMillis":null,"requestAvgFinishedDurationMillis":11166,"requestsFinishedPerMinute":6,"requestsFailedPerMinute":0,"requestTotalDurationMillis":212157,"requestsTotal":19,"crawlerRuntimeMillis":180095,"retryHistogram":[19]}[39m
[32mINFO[39m [33m PlaywrightCrawler:AutoscaledPool:[39m state[90m {"currentConcurrency":1,"desiredConcurrency":2,"systemStatus":{"isSystemIdle":true,"memInfo":{"isOverloaded":false,"limitRatio":0.2,"actualRatio":0},"eventLoopInfo":{"isOverloaded":false,"limitRatio":0.6,"actualRatio":0},"cpuInfo":{"isOverloaded":false,"limitRatio":0.4,"actualRatio":0},"clientInfo":{"isOverloaded":false,"limitRatio":0.3,"actualRatio":0}}}[39m
[32mINFO[39m [33m PlaywrightCrawler:[39m ✅ Parsed: LM3674MF-ADJ/NOPB, DC-DC преобразователь понижающий ADJ 600мА 2МГц [SOT-23-5.] (=LM3674MFX-ADJ/NOPB)
📊 Progress: 140/2000 (7.0%) | Speed: 3.1 products/min | ETA: 610 min | Failed: 0 | Blocked: 0
🔄 Proxy rotations: 8 | Healthy proxies: 20000/20000
[32mINFO[39m [33m PlaywrightCrawler:[39m All requests from the queue have been processed, the crawler will shut down.
[32mINFO[39m [33m PlaywrightCrawler:[39m Final request statistics:[90m {"requestsFinished":20,"requestsFailed":0,"retryHistogram":[20],"requestAvgFailedDurationMillis":null,"requestAvgFinishedDurationMillis":11172,"requestsFinishedPerMinute":7,"requestsFailedPerMinute":0,"requestTotalDurationMillis":223447,"requestsTotal":20,"crawlerRuntimeMillis":181549}[39m
[32mINFO[39m [33m PlaywrightCrawler:[39m Finished! Total 20 requests: 20 succeeded, 0 failed.[90m {"terminal":true}[39m
✅ Batch completed. Processed: 140/2000
🔍 Testing proxy 1/50: yyinovqc-22...
✅ Proxy yyinovqc-22 is working!

🔄 Batch 8: Processing 20 products with proxy p.webshare.io:80
[32mINFO[39m [33m PlaywrightCrawler:[39m Starting the crawler.
[33mWARN[39m [33m PlaywrightCrawler:AutoscaledPool:Snapshotter:[39m Memory is critically overloaded. Using 3896 MB of 4096 MB (95%). Consider increasing available memory.
[32mINFO[39m [33m PlaywrightCrawler:[39m Parsing: https://www.chipdip.ru/product/lm43603pwpr-dc-dc-preobrazovatel-texas-instruments-9001599805
[32mINFO[39m [33m PlaywrightCrawler:[39m Using proxy: p.webshare.io:80
[32mINFO[39m [33m PlaywrightCrawler:[39m Parsing: https://www.chipdip.ru/product/lm5001max-nopb-vysokovoltnyy-texas-instruments-9000228179
[32mINFO[39m [33m PlaywrightCrawler:[39m Using proxy: p.webshare.io:80
[33mWARN[39m [33m PlaywrightCrawler:AutoscaledPool:Snapshotter:[39m Memory is critically overloaded. Using 3913 MB of 4096 MB (96%). Consider increasing available memory.
[32mINFO[39m [33m PlaywrightCrawler:[39m ✅ Parsed: LM43603PWPR, DC-DC преобразователь понижающий ADJ 3А 200кГц-2.2МГц [HTSSOP-16.]
📊 Progress: 141/2000 (7.0%) | Speed: 3.0 products/min | ETA: 610 min | Failed: 0 | Blocked: 0
🔄 Proxy rotations: 9 | Healthy proxies: 20000/20000
[32mINFO[39m [33m PlaywrightCrawler:[39m ✅ Parsed: LM5001MAX/NOPB, Высоковольтный переключающий регулятор, 3.1…75В, 0.8А, 0.05…1.5МГц [SOIC-8]
📊 Progress: 142/2000 (7.1%) | Speed: 3.1 products/min | ETA: 606 min | Failed: 0 | Blocked: 0
🔄 Proxy rotations: 9 | Healthy proxies: 20000/20000
[32mINFO[39m [33m PlaywrightCrawler:[39m Parsing: https://www.chipdip.ru/product/lm5005mhx-nopb-dc-dc-preobrazovatel-texas-instruments-9000395839
[32mINFO[39m [33m PlaywrightCrawler:[39m Using proxy: p.webshare.io:80
[32mINFO[39m [33m PlaywrightCrawler:[39m ✅ Parsed: LM5005MHX/NOPB, DC-DC преобразователь Step-Down, Uвых=1.225…70В, Iвых= 2.5А, 50...500кГц [HTSSOP-20 EP]
📊 Progress: 143/2000 (7.1%) | Speed: 3.1 products/min | ETA: 605 min | Failed: 0 | Blocked: 0
🔄 Proxy rotations: 9 | Healthy proxies: 20000/20000
[32mINFO[39m [33m PlaywrightCrawler:[39m Parsing: https://www.chipdip.ru/product/lm5007mmx-nopb-dc-dc-preobrazovatel-texas-instruments-2231640650
[32mINFO[39m [33m PlaywrightCrawler:[39m Using proxy: p.webshare.io:80
[32mINFO[39m [33m PlaywrightCrawler:[39m ✅ Parsed: LM5007MMX/NOPB, DC-DC преобразователь Step-Down 0.5A, Uвх=9-75V, Uвых=2.5-73В [VSSOP-8 ]
📊 Progress: 144/2000 (7.2%) | Speed: 3.1 products/min | ETA: 603 min | Failed: 0 | Blocked: 0
🔄 Proxy rotations: 9 | Healthy proxies: 20000/20000
[32mINFO[39m [33m PlaywrightCrawler:Statistics:[39m PlaywrightCrawler request statistics:[90m {"requestAvgFailedDurationMillis":null,"requestAvgFinishedDurationMillis":18797,"requestsFinishedPerMinute":4,"requestsFailedPerMinute":0,"requestTotalDurationMillis":75189,"requestsTotal":4,"crawlerRuntimeMillis":60133,"retryHistogram":[4]}[39m
[32mINFO[39m [33m PlaywrightCrawler:AutoscaledPool:[39m state[90m {"currentConcurrency":1,"desiredConcurrency":1,"systemStatus":{"isSystemIdle":false,"memInfo":{"isOverloaded":true,"limitRatio":0.2,"actualRatio":1},"eventLoopInfo":{"isOverloaded":false,"limitRatio":0.6,"actualRatio":0},"cpuInfo":{"isOverloaded":false,"limitRatio":0.4,"actualRatio":0},"clientInfo":{"isOverloaded":false,"limitRatio":0.3,"actualRatio":0}}}[39m
[32mINFO[39m [33m PlaywrightCrawler:[39m Parsing: https://www.chipdip.ru/product/lm5008mmx-nopb-dc-dc-preobrazovatel-texas-instruments-9001599806
[32mINFO[39m [33m PlaywrightCrawler:[39m Using proxy: p.webshare.io:80
[32mINFO[39m [33m PlaywrightCrawler:[39m ✅ Parsed: LM5008MMX/NOPB, DC-DC преобразователь понижающий ADJ 350мА 50кГц-600кГц [VSSOP-8.] (=LM5008MM/NOPB)
📊 Progress: 145/2000 (7.2%) | Speed: 3.1 products/min | ETA: 602 min | Failed: 0 | Blocked: 0
🔄 Proxy rotations: 9 | Healthy proxies: 20000/20000
[32mINFO[39m [33m PlaywrightCrawler:[39m Parsing: https://www.chipdip.ru/product/lm5010mhx-nopb-vysokovoltnyy-8v-75v-texas-instruments-9000009069
[32mINFO[39m [33m PlaywrightCrawler:[39m Using proxy: p.webshare.io:80
[32mINFO[39m [33m PlaywrightCrawler:[39m ✅ Parsed: LM5010MHX/NOPB, Высоковольтный (8В…75В) понижающий импульсный регулятор напряжения, 1А [HTSSOP-14 EP]
📊 Progress: 146/2000 (7.3%) | Speed: 3.1 products/min | ETA: 600 min | Failed: 0 | Blocked: 0
🔄 Proxy rotations: 9 | Healthy proxies: 20000/20000
[32mINFO[39m [33m PlaywrightCrawler:[39m Parsing: https://www.chipdip.ru/product/lm5017mrx-nopb-dc-dc-preobrazovatel-adj-texas-instruments-9000217776
[32mINFO[39m [33m PlaywrightCrawler:[39m Using proxy: p.webshare.io:80
[32mINFO[39m [33m PlaywrightCrawler:[39m ✅ Parsed: LM5017MRX/NOPB, DC-DC преобразователь ADJ 600мА [SO-8]
📊 Progress: 147/2000 (7.3%) | Speed: 3.1 products/min | ETA: 599 min | Failed: 0 | Blocked: 0
🔄 Proxy rotations: 9 | Healthy proxies: 20000/20000
[32mINFO[39m [33m PlaywrightCrawler:[39m Parsing: https://www.chipdip.ru/product/lm5164ddar-dc-dc-preobrazovatel-texas-instruments-9001599808
[32mINFO[39m [33m PlaywrightCrawler:[39m Using proxy: p.webshare.io:80
[32mINFO[39m [33m PlaywrightCrawler:[39m ✅ Parsed: LM5164DDAR, DC-DC преобразователь понижающий ADJ 1А Up...1МГц [SO-8 PowerPad.] (=LM5164DDAT)
📊 Progress: 148/2000 (7.4%) | Speed: 3.1 products/min | ETA: 597 min | Failed: 0 | Blocked: 0
🔄 Proxy rotations: 9 | Healthy proxies: 20000/20000
[32mINFO[39m [33m PlaywrightCrawler:[39m Parsing: https://www.chipdip.ru/product/lm5574mtx-nopb-dc-dc-preobrazovatel-texas-instruments-9000394006
[32mINFO[39m [33m PlaywrightCrawler:[39m Using proxy: p.webshare.io:80
[32mINFO[39m [33m PlaywrightCrawler:Statistics:[39m PlaywrightCrawler request statistics:[90m {"requestAvgFailedDurationMillis":null,"requestAvgFinishedDurationMillis":16240,"requestsFinishedPerMinute":4,"requestsFailedPerMinute":0,"requestTotalDurationMillis":129916,"requestsTotal":8,"crawlerRuntimeMillis":120133,"retryHistogram":[8]}[39m
[32mINFO[39m [33m PlaywrightCrawler:AutoscaledPool:[39m state[90m {"currentConcurrency":1,"desiredConcurrency":1,"systemStatus":{"isSystemIdle":false,"memInfo":{"isOverloaded":true,"limitRatio":0.2,"actualRatio":1},"eventLoopInfo":{"isOverloaded":false,"limitRatio":0.6,"actualRatio":0},"cpuInfo":{"isOverloaded":false,"limitRatio":0.4,"actualRatio":0},"clientInfo":{"isOverloaded":false,"limitRatio":0.3,"actualRatio":0}}}[39m
[32mINFO[39m [33m PlaywrightCrawler:[39m ✅ Parsed: LM5574MTX/NOPB, DC-DC преобразователь, Uвх=6…75В, Uвых=1.225…70В, 0.5А [TSSOP-16.]
📊 Progress: 149/2000 (7.4%) | Speed: 3.1 products/min | ETA: 596 min | Failed: 0 | Blocked: 0
🔄 Proxy rotations: 9 | Healthy proxies: 20000/20000
[32mINFO[39m [33m PlaywrightCrawler:[39m Parsing: https://www.chipdip.ru/product/lm5575mhx-nopb-dc-dc-preobrazovatel-texas-instruments-9001599809
[32mINFO[39m [33m PlaywrightCrawler:[39m Using proxy: p.webshare.io:80
[32mINFO[39m [33m PlaywrightCrawler:[39m ✅ Parsed: LM5575MHX/NOPB, DC-DC преобразователь понижающий ADJ 1.5А 50кГц-500кГц [HTSSOP-16]
📊 Progress: 150/2000 (7.5%) | Speed: 3.1 products/min | ETA: 594 min | Failed: 0 | Blocked: 0
🔄 Proxy rotations: 9 | Healthy proxies: 20000/20000
[32mINFO[39m [33m PlaywrightCrawler:[39m Parsing: https://www.chipdip.ru/product/lm5576mhx-nopb-dc-dc-preobrazovatel-texas-instruments-9001599810
[32mINFO[39m [33m PlaywrightCrawler:[39m Using proxy: p.webshare.io:80
[32mINFO[39m [33m PlaywrightCrawler:[39m ✅ Parsed: LM5576MHX/NOPB, DC-DC преобразователь понижающий ADJ 3А 50кГц-500кГц [HTSSOP-20.] (=LM5576MH/NOPB)
📊 Progress: 151/2000 (7.5%) | Speed: 3.1 products/min | ETA: 593 min | Failed: 0 | Blocked: 0
🔄 Proxy rotations: 9 | Healthy proxies: 20000/20000
[32mINFO[39m [33m PlaywrightCrawler:[39m Parsing: https://www.chipdip.ru/product/lm7705mm-nopb-dc-dc-preobrazovatel-charge-texas-instruments-9000529807
[32mINFO[39m [33m PlaywrightCrawler:[39m Using proxy: p.webshare.io:80
[32mINFO[39m [33m PlaywrightCrawler:[39m ✅ Parsed: LM7705MM/NOPB, DC-DC преобразователь, Charge Pump, Uвх=3…5.25В, Uвых=-0.23В, 0.026А, 92кГц [VSSOP-8.]
📊 Progress: 152/2000 (7.6%) | Speed: 3.1 products/min | ETA: 592 min | Failed: 0 | Blocked: 0
🔄 Proxy rotations: 9 | Healthy proxies: 20000/20000
[32mINFO[39m [33m PlaywrightCrawler:[39m Parsing: https://www.chipdip.ru/product/lm78s40cn-nopb-universalnyy-impulsnyy-texas-instruments-14151
[32mINFO[39m [33m PlaywrightCrawler:[39m Using proxy: p.webshare.io:80
[32mINFO[39m [33m PlaywrightCrawler:[39m ✅ Parsed: LM78S40CN/NOPB, Универсальный импульсный регулятор напряжения, 1.5А, 1.25В…40В, [DIP-16.] (=К1156 ЕУ1)
📊 Progress: 153/2000 (7.6%) | Speed: 3.1 products/min | ETA: 590 min | Failed: 0 | Blocked: 0
🔄 Proxy rotations: 9 | Healthy proxies: 20000/20000
[32mINFO[39m [33m PlaywrightCrawler:Statistics:[39m PlaywrightCrawler request statistics:[90m {"requestAvgFailedDurationMillis":null,"requestAvgFinishedDurationMillis":15461,"requestsFinishedPerMinute":4,"requestsFailedPerMinute":0,"requestTotalDurationMillis":200997,"requestsTotal":13,"crawlerRuntimeMillis":180137,"retryHistogram":[13]}[39m
[32mINFO[39m [33m PlaywrightCrawler:AutoscaledPool:[39m state[90m {"currentConcurrency":1,"desiredConcurrency":1,"systemStatus":{"isSystemIdle":false,"memInfo":{"isOverloaded":true,"limitRatio":0.2,"actualRatio":0.821},"eventLoopInfo":{"isOverloaded":false,"limitRatio":0.6,"actualRatio":0},"cpuInfo":{"isOverloaded":false,"limitRatio":0.4,"actualRatio":0},"clientInfo":{"isOverloaded":false,"limitRatio":0.3,"actualRatio":0}}}[39m
[32mINFO[39m [33m PlaywrightCrawler:[39m Parsing: https://www.chipdip.ru/product/lm828m5x-nopb-invertor-napryazheniya-s-texas-instruments-9001599812
[32mINFO[39m [33m PlaywrightCrawler:[39m Using proxy: p.webshare.io:80
[32mINFO[39m [33m PlaywrightCrawler:[39m ✅ Parsed: LM828M5X/NOPB, Инвертор напряжения с подкачкой заряда, INV, 25мА [SOT-23-5.] (=LM828M5/NOPB)
📊 Progress: 154/2000 (7.7%) | Speed: 3.1 products/min | ETA: 589 min | Failed: 0 | Blocked: 0
🔄 Proxy rotations: 9 | Healthy proxies: 20000/20000
[32mINFO[39m [33m PlaywrightCrawler:[39m Parsing: https://www.chipdip.ru/product/lmc7660imx-nopb-preobrazovatel-texas-instruments-9000017001
[32mINFO[39m [33m PlaywrightCrawler:[39m Using proxy: p.webshare.io:80
[32mINFO[39m [33m PlaywrightCrawler:[39m ✅ Parsed: LMC7660IMX/NOPB, Преобразователь напряжения на переключаемых конденсаторах, инвертирующий [SO-8]
📊 Progress: 155/2000 (7.8%) | Speed: 3.1 products/min | ETA: 588 min | Failed: 0 | Blocked: 0
🔄 Proxy rotations: 9 | Healthy proxies: 20000/20000
[32mINFO[39m [33m PlaywrightCrawler:[39m Parsing: https://www.chipdip.ru/product/lmr14006yddcr-dc-dc-preobrazovatel-buck-texas-instruments-9000624079
[32mINFO[39m [33m PlaywrightCrawler:[39m Using proxy: p.webshare.io:80
[32mINFO[39m [33m PlaywrightCrawler:[39m ✅ Parsed: LMR14006YDDCR, DC-DC преобразователь, Buck, Uвх=4…40В, Uвых=0.765…38.4В, 0.6А, 2.1МГц [TSOT-23-6.]
📊 Progress: 156/2000 (7.8%) | Speed: 3.1 products/min | ETA: 586 min | Failed: 0 | Blocked: 0
🔄 Proxy rotations: 9 | Healthy proxies: 20000/20000
[32mINFO[39m [33m PlaywrightCrawler:[39m Parsing: https://www.chipdip.ru/product/lmr14010addcr-dc-dc-preobrazovatel-buck-texas-instruments-9001101667
[32mINFO[39m [33m PlaywrightCrawler:[39m Using proxy: p.webshare.io:80
[32mINFO[39m [33m PlaywrightCrawler:[39m ✅ Parsed: LMR14010ADDCR, DC-DC преобразователь, Buck, Uвх=4…40В, Uвых=0.765…40В, 1А, 550…850кГц [TSOT-23-6.]
📊 Progress: 157/2000 (7.8%) | Speed: 3.2 products/min | ETA: 585 min | Failed: 0 | Blocked: 0
🔄 Proxy rotations: 9 | Healthy proxies: 20000/20000
[32mINFO[39m [33m PlaywrightCrawler:Statistics:[39m PlaywrightCrawler request statistics:[90m {"requestAvgFailedDurationMillis":null,"requestAvgFinishedDurationMillis":15117,"requestsFinishedPerMinute":4,"requestsFailedPerMinute":0,"requestTotalDurationMillis":256992,"requestsTotal":17,"crawlerRuntimeMillis":240139,"retryHistogram":[17]}[39m
[32mINFO[39m [33m PlaywrightCrawler:AutoscaledPool:[39m state[90m {"currentConcurrency":1,"desiredConcurrency":1,"systemStatus":{"isSystemIdle":false,"memInfo":{"isOverloaded":true,"limitRatio":0.2,"actualRatio":0.679},"eventLoopInfo":{"isOverloaded":false,"limitRatio":0.6,"actualRatio":0},"cpuInfo":{"isOverloaded":false,"limitRatio":0.4,"actualRatio":0},"clientInfo":{"isOverloaded":false,"limitRatio":0.3,"actualRatio":0}}}[39m
[32mINFO[39m [33m PlaywrightCrawler:[39m Parsing: https://www.chipdip.ru/product/lmr14030sddar-dc-dc-preobrazovatel-texas-instruments-9001599816
[32mINFO[39m [33m PlaywrightCrawler:[39m Using proxy: p.webshare.io:80
[31mERROR[39m[33m PlaywrightCrawler:[39m 🚫 Blocked by ChipDip captcha/firewall
[32mINFO[39m [33m PlaywrightCrawler:[39m Parsing: https://www.chipdip.ru/product/lmr14050sddar-dc-dc-preobrazovatel-texas-instruments-9001599817
[32mINFO[39m [33m PlaywrightCrawler:[39m Using proxy: p.webshare.io:80
[32mINFO[39m [33m PlaywrightCrawler:[39m ✅ Parsed: LMR14050SDDAR, DC-DC преобразователь понижающий ADJ 5А 200кГц-2.5МГц [SO-8 PowerPad.]
📊 Progress: 158/2000 (7.9%) | Speed: 3.1 products/min | ETA: 592 min | Failed: 1 | Blocked: 1
🔄 Proxy rotations: 9 | Healthy proxies: 20000/20000
[32mINFO[39m [33m PlaywrightCrawler:Statistics:[39m PlaywrightCrawler request statistics:[90m {"requestAvgFailedDurationMillis":null,"requestAvgFinishedDurationMillis":16519,"requestsFinishedPerMinute":4,"requestsFailedPerMinute":0,"requestTotalDurationMillis":313853,"requestsTotal":19,"crawlerRuntimeMillis":300140,"retryHistogram":[19]}[39m
[32mINFO[39m [33m PlaywrightCrawler:AutoscaledPool:[39m state[90m {"currentConcurrency":1,"desiredConcurrency":1,"systemStatus":{"isSystemIdle":false,"memInfo":{"isOverloaded":true,"limitRatio":0.2,"actualRatio":0.929},"eventLoopInfo":{"isOverloaded":false,"limitRatio":0.6,"actualRatio":0},"cpuInfo":{"isOverloaded":false,"limitRatio":0.4,"actualRatio":0},"clientInfo":{"isOverloaded":false,"limitRatio":0.3,"actualRatio":0}}}[39m
[32mINFO[39m [33m PlaywrightCrawler:[39m Parsing: https://www.chipdip.ru/product/lmr14206xmkx-nopb-dc-dc-preobrazovatel-texas-instruments-9001599818
[32mINFO[39m [33m PlaywrightCrawler:[39m Using proxy: p.webshare.io:80
[32mINFO[39m [33m PlaywrightCrawler:[39m ✅ Parsed: LMR14206XMKX/NOPB, DC-DC преобразователь понижающий ADJ 600мА 1.25МГц [TSOT-23-6.] (=LMR14206XMKE/NOPB, LMR14206XMK/NOPB
📊 Progress: 159/2000 (8.0%) | Speed: 3.1 products/min | ETA: 592 min | Failed: 1 | Blocked: 1
🔄 Proxy rotations: 9 | Healthy proxies: 20000/20000
[32mINFO[39m [33m PlaywrightCrawler:[39m All requests from the queue have been processed, the crawler will shut down.
[32mINFO[39m [33m PlaywrightCrawler:[39m Final request statistics:[90m {"requestsFinished":20,"requestsFailed":0,"retryHistogram":[20],"requestAvgFailedDurationMillis":null,"requestAvgFinishedDurationMillis":16697,"requestsFinishedPerMinute":4,"requestsFailedPerMinute":0,"requestTotalDurationMillis":333947,"requestsTotal":20,"crawlerRuntimeMillis":312588}[39m
[32mINFO[39m [33m PlaywrightCrawler:[39m Finished! Total 20 requests: 20 succeeded, 0 failed.[90m {"terminal":true}[39m
✅ Batch completed. Processed: 160/2000
🔍 Testing proxy 1/50: yyinovqc-23...
❌ Proxy yyinovqc-23 failed test, marking as unhealthy
🔍 Testing proxy 2/50: yyinovqc-24...
❌ Proxy yyinovqc-24 failed test, marking as unhealthy
🔍 Testing proxy 3/50: yyinovqc-25...
✅ Proxy yyinovqc-25 is working!

🔄 Batch 9: Processing 20 products with proxy p.webshare.io:80
[32mINFO[39m [33m PlaywrightCrawler:[39m Starting the crawler.
[33mWARN[39m [33m PlaywrightCrawler:AutoscaledPool:Snapshotter:[39m Memory is critically overloaded. Using 3903 MB of 4096 MB (95%). Consider increasing available memory.
[32mINFO[39m [33m PlaywrightCrawler:[39m Parsing: https://www.chipdip.ru/product/lmr16006xddcr-dc-dc-preobrazovatel-texas-instruments-9001599819
[32mINFO[39m [33m PlaywrightCrawler:[39m Using proxy: p.webshare.io:80
[32mINFO[39m [33m PlaywrightCrawler:[39m Parsing: https://www.chipdip.ru/product/lmr16006yddcr-dc-dc-preobrazovatel-texas-instruments-9001599820
[32mINFO[39m [33m PlaywrightCrawler:[39m Using proxy: p.webshare.io:80
[32mINFO[39m [33m PlaywrightCrawler:[39m ✅ Parsed: LMR16006XDDCR, DC-DC преобразователь понижающий ADJ 600мА 700кГц [TSOT-23-6.] (=LMR16006XDDCT)
📊 Progress: 160/2000 (8.0%) | Speed: 3.1 products/min | ETA: 592 min | Failed: 1 | Blocked: 1
🔄 Proxy rotations: 10 | Healthy proxies: 20000/20000
[32mINFO[39m [33m PlaywrightCrawler:[39m ✅ Parsed: LMR16006YDDCR, DC-DC преобразователь понижающий ADJ 600мА 2.1МГц [TSOT-23-6.] (=LMR16006YDDCT)
📊 Progress: 161/2000 (8.1%) | Speed: 3.1 products/min | ETA: 588 min | Failed: 1 | Blocked: 1
🔄 Proxy rotations: 10 | Healthy proxies: 20000/20000
[32mINFO[39m [33m PlaywrightCrawler:[39m Parsing: https://www.chipdip.ru/product/lmr16020pddar-dc-dc-preobrazovatel-texas-instruments-9001599821
[32mINFO[39m [33m PlaywrightCrawler:[39m Using proxy: p.webshare.io:80
[32mINFO[39m [33m PlaywrightCrawler:[39m ✅ Parsed: LMR16020PDDAR, DC-DC преобразователь понижающий ADJ 2А 200кГц-2.5МГц [SO-8 PowerPad.]
📊 Progress: 162/2000 (8.1%) | Speed: 3.1 products/min | ETA: 586 min | Failed: 1 | Blocked: 1
🔄 Proxy rotations: 10 | Healthy proxies: 20000/20000
[32mINFO[39m [33m PlaywrightCrawler:[39m Parsing: https://www.chipdip.ru/product/lmr16030sddar-dc-dc-preobrazovatel-texas-instruments-9001599822
[32mINFO[39m [33m PlaywrightCrawler:[39m Using proxy: p.webshare.io:80
[32mINFO[39m [33m PlaywrightCrawler:[39m ✅ Parsed: LMR16030SDDAR, DC-DC преобразователь понижающий ADJ 3А 200кГц-2.5МГц [SO-8 PowerPad.]
📊 Progress: 163/2000 (8.2%) | Speed: 3.1 products/min | ETA: 584 min | Failed: 1 | Blocked: 1
🔄 Proxy rotations: 10 | Healthy proxies: 20000/20000
[32mINFO[39m [33m PlaywrightCrawler:[39m Parsing: https://www.chipdip.ru/product/lmr33630addar-dc-dc-preobrazovatel-buck-texas-instruments-9000818373
[32mINFO[39m [33m PlaywrightCrawler:[39m Using proxy: p.webshare.io:80
[32mINFO[39m [33m PlaywrightCrawler:[39m ✅ Parsed: LMR33630ADDAR, DC-DC преобразователь, Buck, Uвх=3.8…36В, Uвых=1…24В, 3А, 400кГц [SO-8_PowerPad.]
📊 Progress: 164/2000 (8.2%) | Speed: 3.2 products/min | ETA: 582 min | Failed: 1 | Blocked: 1
🔄 Proxy rotations: 10 | Healthy proxies: 20000/20000
[33mWARN[39m [33m PlaywrightCrawler:AutoscaledPool:Snapshotter:[39m Memory is critically overloaded. Using 3892 MB of 4096 MB (95%). Consider increasing available memory.
[32mINFO[39m [33m PlaywrightCrawler:[39m Parsing: https://www.chipdip.ru/product/lmz21701silr-pol-dc-dc-preobrazovatel-texas-instruments-9000348159
[32mINFO[39m [33m PlaywrightCrawler:[39m Using proxy: p.webshare.io:80
[32mINFO[39m [33m PlaywrightCrawler:[39m Parsing: https://www.chipdip.ru/product/lmr64010xmfx-nopb-dc-dc-preobrazovatel-texas-instruments-9001599824
[32mINFO[39m [33m PlaywrightCrawler:[39m Using proxy: p.webshare.io:80
[32mINFO[39m [33m PlaywrightCrawler:[39m Parsing: https://www.chipdip.ru/product/lmr62014xmfx-nopb-dc-dc-preobrazovatel-texas-instruments-9001599823
[32mINFO[39m [33m PlaywrightCrawler:[39m Using proxy: p.webshare.io:80
[32mINFO[39m [33m PlaywrightCrawler:[39m ✅ Parsed: LMZ21701SILR, PoL DC-DC преобразователь, Buck, Uвх=3…17В, Uвых=0.9…6В, 1А [µSIP-8.]
📊 Progress: 165/2000 (8.3%) | Speed: 3.2 products/min | ETA: 580 min | Failed: 1 | Blocked: 1
🔄 Proxy rotations: 10 | Healthy proxies: 20000/20000
[32mINFO[39m [33m PlaywrightCrawler:[39m ✅ Parsed: LMR64010XMFX/NOPB, DC-DC преобразователь повышающий ADJ 1А 1.6МГц [SOT-23-5.] (=LMR64010XM/NOPB, LMR64010XME/NOPB)
📊 Progress: 166/2000 (8.3%) | Speed: 3.2 products/min | ETA: 576 min | Failed: 1 | Blocked: 1
🔄 Proxy rotations: 10 | Healthy proxies: 20000/20000
[32mINFO[39m [33m PlaywrightCrawler:[39m ✅ Parsed: LMR62014XMFX/NOPB, DC-DC преобразователь повышающий ADJ 2А 1.6МГц [SOT-23-5.] (=LMR62014XMF/NOPB, LMR62014XME/NOPB)
📊 Progress: 167/2000 (8.3%) | Speed: 3.2 products/min | ETA: 572 min | Failed: 1 | Blocked: 1
🔄 Proxy rotations: 10 | Healthy proxies: 20000/20000
[32mINFO[39m [33m PlaywrightCrawler:[39m Parsing: https://www.chipdip.ru/product/lt1054cdw-preobrazovatel-napryazheniya-s-texas-instruments-9000144151
[32mINFO[39m [33m PlaywrightCrawler:[39m Using proxy: p.webshare.io:80
[32mINFO[39m [33m PlaywrightCrawler:Statistics:[39m PlaywrightCrawler request statistics:[90m {"requestAvgFailedDurationMillis":null,"requestAvgFinishedDurationMillis":11415,"requestsFinishedPerMinute":8,"requestsFailedPerMinute":0,"requestTotalDurationMillis":91320,"requestsTotal":8,"crawlerRuntimeMillis":60113,"retryHistogram":[8]}[39m
[32mINFO[39m [33m PlaywrightCrawler:AutoscaledPool:[39m state[90m {"currentConcurrency":2,"desiredConcurrency":1,"systemStatus":{"isSystemIdle":false,"memInfo":{"isOverloaded":true,"limitRatio":0.2,"actualRatio":0.483},"eventLoopInfo":{"isOverloaded":false,"limitRatio":0.6,"actualRatio":0},"cpuInfo":{"isOverloaded":false,"limitRatio":0.4,"actualRatio":0},"clientInfo":{"isOverloaded":false,"limitRatio":0.3,"actualRatio":0}}}[39m
[32mINFO[39m [33m PlaywrightCrawler:[39m Parsing: https://www.chipdip.ru/product/lt1074ct-pbf-dc-dc-preobrazovatel-buck-boost-analog-devices-9000038467
[32mINFO[39m [33m PlaywrightCrawler:[39m Using proxy: p.webshare.io:80
[32mINFO[39m [33m PlaywrightCrawler:[39m ✅ Parsed: LT1054CDW, Преобразователь напряжения с переключаемыми конденсаторами [SOIC-16]
📊 Progress: 168/2000 (8.4%) | Speed: 3.2 products/min | ETA: 571 min | Failed: 1 | Blocked: 1
🔄 Proxy rotations: 10 | Healthy proxies: 20000/20000
[32mINFO[39m [33m PlaywrightCrawler:[39m ✅ Parsed: LT1074CT#PBF, DC-DC преобразователь, Buck, Boost, Flyback, Uвх=8…45В, Uвых=2.5…35В, 5А [TO-220-5 Formed Leads.]
📊 Progress: 169/2000 (8.5%) | Speed: 3.2 products/min | ETA: 568 min | Failed: 1 | Blocked: 1
🔄 Proxy rotations: 10 | Healthy proxies: 20000/20000
[32mINFO[39m [33m PlaywrightCrawler:[39m Parsing: https://www.chipdip.ru/product/max1674eua-t-vysokoeffektivnyy-povyshayuschiy-maxim-762758813
[32mINFO[39m [33m PlaywrightCrawler:[39m Using proxy: p.webshare.io:80
[32mINFO[39m [33m PlaywrightCrawler:[39m ✅ Parsed: MAX1674EUA+T, Высокоэффективный повышающий преобразователь напряжения [uMAX-8]
📊 Progress: 170/2000 (8.5%) | Speed: 3.2 products/min | ETA: 570 min | Failed: 1 | Blocked: 1
🔄 Proxy rotations: 10 | Healthy proxies: 20000/20000
[32mINFO[39m [33m PlaywrightCrawler:Statistics:[39m PlaywrightCrawler request statistics:[90m {"requestAvgFailedDurationMillis":null,"requestAvgFinishedDurationMillis":13355,"requestsFinishedPerMinute":5,"requestsFailedPerMinute":0,"requestTotalDurationMillis":146903,"requestsTotal":11,"crawlerRuntimeMillis":120114,"retryHistogram":[11]}[39m
[32mINFO[39m [33m PlaywrightCrawler:AutoscaledPool:[39m state[90m {"currentConcurrency":1,"desiredConcurrency":1,"systemStatus":{"isSystemIdle":false,"memInfo":{"isOverloaded":true,"limitRatio":0.2,"actualRatio":0.355},"eventLoopInfo":{"isOverloaded":false,"limitRatio":0.6,"actualRatio":0},"cpuInfo":{"isOverloaded":false,"limitRatio":0.4,"actualRatio":0},"clientInfo":{"isOverloaded":false,"limitRatio":0.3,"actualRatio":0}}}[39m
[32mINFO[39m [33m PlaywrightCrawler:[39m Parsing: https://www.chipdip.ru/product/max1678eua-dc-dc-preobrazovatel-povyshayuschiy-umax-8-maxim-920344354
[32mINFO[39m [33m PlaywrightCrawler:[39m Using proxy: p.webshare.io:80
[32mINFO[39m [33m PlaywrightCrawler:[39m ✅ Parsed: MAX1678EUA+, DC/DC преобразователь (повышающий) [uMAX-8.]
📊 Progress: 171/2000 (8.6%) | Speed: 3.2 products/min | ETA: 572 min | Failed: 1 | Blocked: 1
🔄 Proxy rotations: 10 | Healthy proxies: 20000/20000
[32mINFO[39m [33m PlaywrightCrawler:[39m Parsing: https://www.chipdip.ru/product/max5035basa-t-ponizhayuschiy-dc-dc-preobrazovatel-uvh-maxim-9000024532
[32mINFO[39m [33m PlaywrightCrawler:[39m Using proxy: p.webshare.io:80
[32mINFO[39m [33m PlaywrightCrawler:[39m Parsing: https://www.chipdip.ru/product/max1681esa-preobrazovatel-napryazheniya-s-maxim-40131839
[32mINFO[39m [33m PlaywrightCrawler:[39m Using proxy: p.webshare.io:80
[32mINFO[39m [33m PlaywrightCrawler:[39m ✅ Parsed: MAX5035BASA+T, Понижающий DC-DC преобразователь, Uвх до 76В, Uвых=5В, Iвых=1А, MAXPower [SOIC-8.]
📊 Progress: 172/2000 (8.6%) | Speed: 3.2 products/min | ETA: 570 min | Failed: 1 | Blocked: 1
🔄 Proxy rotations: 10 | Healthy proxies: 20000/20000
[32mINFO[39m [33m PlaywrightCrawler:[39m ✅ Parsed: MAX1681ESA+, Преобразователь напряжения с переключаемыми конденсаторами, выбор частоты, 125 мА [SOIC-8]
📊 Progress: 173/2000 (8.6%) | Speed: 3.2 products/min | ETA: 567 min | Failed: 1 | Blocked: 1
🔄 Proxy rotations: 10 | Healthy proxies: 20000/20000
[32mINFO[39m [33m PlaywrightCrawler:[39m Parsing: https://www.chipdip.ru/product/max5035dasa-t-ponizhayuschiy-dc-dc-preobrazovatel-uvh-maxim-925656910
[32mINFO[39m [33m PlaywrightCrawler:[39m Using proxy: p.webshare.io:80
[32mINFO[39m [33m PlaywrightCrawler:[39m ✅ Parsed: MAX5035DASA+T, Понижающий DC-DC преобразователь, Uвх до 76В, Uвых=1.25...13.2В, Iвых=1А, MAXPower [SOIC-8.]
📊 Progress: 174/2000 (8.7%) | Speed: 3.2 products/min | ETA: 565 min | Failed: 1 | Blocked: 1
🔄 Proxy rotations: 10 | Healthy proxies: 20000/20000
[32mINFO[39m [33m PlaywrightCrawler:[39m Parsing: https://www.chipdip.ru/product/max660esa-t-invertor-napryazheniya-s-podkachkoy-maxim-511908328
[32mINFO[39m [33m PlaywrightCrawler:[39m Using proxy: p.webshare.io:80
[32mINFO[39m [33m PlaywrightCrawler:[39m ✅ Parsed: MAX660ESA+T, Инвертор напряжения с подкачкой заряда, Uвх=1.5…5.5В, Uвых= - Vin / 2Vin, Iвых=0.1А [SOIC-8.]
📊 Progress: 175/2000 (8.8%) | Speed: 3.2 products/min | ETA: 563 min | Failed: 1 | Blocked: 1
🔄 Proxy rotations: 10 | Healthy proxies: 20000/20000
[32mINFO[39m [33m PlaywrightCrawler:[39m Parsing: https://www.chipdip.ru/product/max680cpa-invertiruyuschiy-preobrazovatel-maxim-659017405
[32mINFO[39m [33m PlaywrightCrawler:[39m Using proxy: p.webshare.io:80
[32mINFO[39m [33m PlaywrightCrawler:[39m ✅ Parsed: MAX680CPA+, Инвертирующий преобразователь напряжения +5В/ ±10В [DIP-8]
📊 Progress: 176/2000 (8.8%) | Speed: 3.2 products/min | ETA: 562 min | Failed: 1 | Blocked: 1
🔄 Proxy rotations: 10 | Healthy proxies: 20000/20000
[32mINFO[39m [33m PlaywrightCrawler:[39m Parsing: https://www.chipdip.ru/product/max710ese-t-dc-dc-konverter-uvyh-3.3-5v-soic-16-maxim-248662011
[32mINFO[39m [33m PlaywrightCrawler:[39m Using proxy: p.webshare.io:80
[32mINFO[39m [33m PlaywrightCrawler:Statistics:[39m PlaywrightCrawler request statistics:[90m {"requestAvgFailedDurationMillis":null,"requestAvgFinishedDurationMillis":14438,"requestsFinishedPerMinute":6,"requestsFailedPerMinute":0,"requestTotalDurationMillis":245450,"requestsTotal":17,"crawlerRuntimeMillis":180116,"retryHistogram":[17]}[39m
[32mINFO[39m [33m PlaywrightCrawler:AutoscaledPool:[39m state[90m {"currentConcurrency":1,"desiredConcurrency":1,"systemStatus":{"isSystemIdle":false,"memInfo":{"isOverloaded":true,"limitRatio":0.2,"actualRatio":0.214},"eventLoopInfo":{"isOverloaded":false,"limitRatio":0.6,"actualRatio":0},"cpuInfo":{"isOverloaded":false,"limitRatio":0.4,"actualRatio":0},"clientInfo":{"isOverloaded":false,"limitRatio":0.3,"actualRatio":0}}}[39m
[32mINFO[39m [33m PlaywrightCrawler:[39m ✅ Parsed: MAX710ESE+T, DC/DC конвертер Uвых=3.3/5В [SOIC-16.]
📊 Progress: 177/2000 (8.8%) | Speed: 3.3 products/min | ETA: 559 min | Failed: 1 | Blocked: 1
🔄 Proxy rotations: 10 | Healthy proxies: 20000/20000
[32mINFO[39m [33m PlaywrightCrawler:[39m Parsing: https://www.chipdip.ru/product/max730acsa-ponizhayuschiy-dc-dc-preobrazovatel-maxim-9000231368
[32mINFO[39m [33m PlaywrightCrawler:[39m Using proxy: p.webshare.io:80
[32mINFO[39m [33m PlaywrightCrawler:[39m ✅ Parsed: MAX730ACSA+, Понижающий DC-DC преобразователь токового режима с ШИМ, 5В [SOIC-8]
📊 Progress: 178/2000 (8.9%) | Speed: 3.3 products/min | ETA: 558 min | Failed: 1 | Blocked: 1
🔄 Proxy rotations: 10 | Healthy proxies: 20000/20000
[32mINFO[39m [33m PlaywrightCrawler:[39m Parsing: https://www.chipdip.ru/product/max756csa-t-dc-dc-preobrazovatel-povyshayuschiy-maxim-947208198
[32mINFO[39m [33m PlaywrightCrawler:[39m Using proxy: p.webshare.io:80
[32mINFO[39m [33m PlaywrightCrawler:[39m ✅ Parsed: MAX756CSA+T, DC/DC преобразователь повышающий 3.3В/5В [SOIC-8.]
📊 Progress: 179/2000 (8.9%) | Speed: 3.3 products/min | ETA: 556 min | Failed: 1 | Blocked: 1
🔄 Proxy rotations: 10 | Healthy proxies: 20000/20000
[32mINFO[39m [33m PlaywrightCrawler:[39m All requests from the queue have been processed, the crawler will shut down.
[32mINFO[39m [33m PlaywrightCrawler:[39m Final request statistics:[90m {"requestsFinished":20,"requestsFailed":0,"retryHistogram":[20],"requestAvgFailedDurationMillis":null,"requestAvgFinishedDurationMillis":13884,"requestsFinishedPerMinute":6,"requestsFailedPerMinute":0,"requestTotalDurationMillis":277686,"requestsTotal":20,"crawlerRuntimeMillis":202761}[39m
[32mINFO[39m [33m PlaywrightCrawler:[39m Finished! Total 20 requests: 20 succeeded, 0 failed.[90m {"terminal":true}[39m
✅ Batch completed. Processed: 180/2000
🔍 Testing proxy 1/50: yyinovqc-26...
✅ Proxy yyinovqc-26 is working!

🔄 Batch 10: Processing 20 products with proxy p.webshare.io:80
[32mINFO[39m [33m PlaywrightCrawler:[39m Starting the crawler.
[33mWARN[39m [33m PlaywrightCrawler:AutoscaledPool:Snapshotter:[39m Memory is critically overloaded. Using 3894 MB of 4096 MB (95%). Consider increasing available memory.
[32mINFO[39m [33m PlaywrightCrawler:[39m Parsing: https://www.chipdip.ru/product/max860isa-t-dc-dc-preobrazovvatel-invertiruyuschiy-maxim-376220722
[32mINFO[39m [33m PlaywrightCrawler:[39m Using proxy: p.webshare.io:80
[32mINFO[39m [33m PlaywrightCrawler:[39m Parsing: https://www.chipdip.ru/product/max764esa-t-dc-dc-preobrazovvatel-invertiruyuschiy-maxim-331156346
[32mINFO[39m [33m PlaywrightCrawler:[39m Using proxy: p.webshare.io:80
[32mINFO[39m [33m PlaywrightCrawler:[39m ✅ Parsed: MAX860ISA+T, DC/DC преобразовватель инвертирующий [SO-8]
📊 Progress: 180/2000 (9.0%) | Speed: 3.3 products/min | ETA: 556 min | Failed: 1 | Blocked: 1
🔄 Proxy rotations: 11 | Healthy proxies: 20000/20000
[32mINFO[39m [33m PlaywrightCrawler:[39m ✅ Parsed: MAX764ESA+T, DC/DC преобразовватель инвертирующий [SO-8]
📊 Progress: 181/2000 (9.0%) | Speed: 3.3 products/min | ETA: 552 min | Failed: 1 | Blocked: 1
🔄 Proxy rotations: 11 | Healthy proxies: 20000/20000
[32mINFO[39m [33m PlaywrightCrawler:[39m Parsing: https://www.chipdip.ru/product/mc33063adg-impulsnyy-ponizhayuschiy-on-semiconductor-42555
[32mINFO[39m [33m PlaywrightCrawler:[39m Using proxy: p.webshare.io:80
[32mINFO[39m [33m PlaywrightCrawler:[39m ✅ Parsed: MC33063ADG, Импульсный понижающий/ повышающий/ инвертирующий преобразователь напряжения 1.5А [SO-8]
📊 Progress: 182/2000 (9.1%) | Speed: 3.3 products/min | ETA: 551 min | Failed: 1 | Blocked: 1
🔄 Proxy rotations: 11 | Healthy proxies: 20000/20000
[32mINFO[39m [33m PlaywrightCrawler:[39m Parsing: https://www.chipdip.ru/product/mc33063adr-dc-dc-preobrazovatel-1.5a-uvh-3-32v-uvyh-adj-umw-9001333407
[32mINFO[39m [33m PlaywrightCrawler:[39m Using proxy: p.webshare.io:80
[32mINFO[39m [33m PlaywrightCrawler:[39m ✅ Parsed: MC33063ADR, DC-DC преобразователь, 1.5А, Uвх=3-32В, Uвых=ADJ, 100кГц, [SOP-8]
📊 Progress: 183/2000 (9.2%) | Speed: 3.3 products/min | ETA: 550 min | Failed: 1 | Blocked: 1
🔄 Proxy rotations: 11 | Healthy proxies: 20000/20000
[32mINFO[39m [33m PlaywrightCrawler:[39m Parsing: https://www.chipdip.ru/product/mc33063adr-dc-dc-preobrazovatel-1.5a-texas-instruments-9000085594
[32mINFO[39m [33m PlaywrightCrawler:[39m Using proxy: p.webshare.io:80
[32mINFO[39m [33m PlaywrightCrawler:[39m ✅ Parsed: MC33063ADR, DC-DC преобразователь, 1.5А, Uвх=3-40В, Uвых=ADJ, 100кГц, [SO-8]
📊 Progress: 184/2000 (9.2%) | Speed: 3.3 products/min | ETA: 548 min | Failed: 1 | Blocked: 1
🔄 Proxy rotations: 11 | Healthy proxies: 20000/20000
[32mINFO[39m [33m PlaywrightCrawler:[39m Parsing: https://www.chipdip.ru/product/mc33063ap1g-impulsnyy-ponizhayuschiy-on-semiconductor-60443
[32mINFO[39m [33m PlaywrightCrawler:[39m Using proxy: p.webshare.io:80
[32mINFO[39m [33m PlaywrightCrawler:Statistics:[39m PlaywrightCrawler request statistics:[90m {"requestAvgFailedDurationMillis":null,"requestAvgFinishedDurationMillis":13569,"requestsFinishedPerMinute":5,"requestsFailedPerMinute":0,"requestTotalDurationMillis":67847,"requestsTotal":5,"crawlerRuntimeMillis":60122,"retryHistogram":[5]}[39m
[32mINFO[39m [33m PlaywrightCrawler:AutoscaledPool:[39m state[90m {"currentConcurrency":1,"desiredConcurrency":1,"systemStatus":{"isSystemIdle":false,"memInfo":{"isOverloaded":true,"limitRatio":0.2,"actualRatio":0.964},"eventLoopInfo":{"isOverloaded":false,"limitRatio":0.6,"actualRatio":0},"cpuInfo":{"isOverloaded":false,"limitRatio":0.4,"actualRatio":0},"clientInfo":{"isOverloaded":false,"limitRatio":0.3,"actualRatio":0}}}[39m
[32mINFO[39m [33m PlaywrightCrawler:[39m ✅ Parsed: MC33063AP1G, Импульсный понижающий/ повышающий/ инвертирующий преобразователь напряжения 1.5А, [DIP-8]
📊 Progress: 185/2000 (9.3%) | Speed: 3.3 products/min | ETA: 547 min | Failed: 1 | Blocked: 1
🔄 Proxy rotations: 11 | Healthy proxies: 20000/20000
[32mINFO[39m [33m PlaywrightCrawler:[39m Parsing: https://www.chipdip.ru/product/mc33167tg-regulyator-napryazheniya-5a-on-semiconductor-9000028838
[32mINFO[39m [33m PlaywrightCrawler:[39m Using proxy: p.webshare.io:80
[32mINFO[39m [33m PlaywrightCrawler:[39m ✅ Parsed: MC33167TG, Регулятор напряжения, 5А, Uвх=7.5-40В, Uвых=5-40В, [TO-220-5]
📊 Progress: 186/2000 (9.3%) | Speed: 3.3 products/min | ETA: 546 min | Failed: 1 | Blocked: 1
🔄 Proxy rotations: 11 | Healthy proxies: 20000/20000
[32mINFO[39m [33m PlaywrightCrawler:[39m Parsing: https://www.chipdip.ru/product/mc34063abd-tr-povyshayuschiy-st-microelectronics-9000088982
[32mINFO[39m [33m PlaywrightCrawler:[39m Using proxy: p.webshare.io:80
[32mINFO[39m [33m PlaywrightCrawler:[39m ✅ Parsed: MC34063ABD-TR, Повышающий/ понижающий преобразователь напряжения [SO-8]
📊 Progress: 187/2000 (9.3%) | Speed: 3.3 products/min | ETA: 545 min | Failed: 1 | Blocked: 1
🔄 Proxy rotations: 11 | Healthy proxies: 20000/20000
[32mINFO[39m [33m PlaywrightCrawler:[39m Parsing: https://www.chipdip.ru/product/mc34063abn-povyshayuschiy-st-microelectronics-9000038785
[32mINFO[39m [33m PlaywrightCrawler:[39m Using proxy: p.webshare.io:80
[32mINFO[39m [33m PlaywrightCrawler:[39m ✅ Parsed: MC34063ABN, Повышающий/ понижающий преобразователь напряжения [DIP-8]
📊 Progress: 188/2000 (9.4%) | Speed: 3.3 products/min | ETA: 543 min | Failed: 1 | Blocked: 1
🔄 Proxy rotations: 11 | Healthy proxies: 20000/20000
[32mINFO[39m [33m PlaywrightCrawler:[39m Parsing: https://www.chipdip.ru/product/mc34063acd-tr-povyshayuschiy-st-microelectronics-9000037135
[32mINFO[39m [33m PlaywrightCrawler:[39m Using proxy: p.webshare.io:80
[32mINFO[39m [33m PlaywrightCrawler:[39m ✅ Parsed: MC34063ACD-TR, Повышающий/ понижающий преобразователь напряжения [SO-8]
📊 Progress: 189/2000 (9.4%) | Speed: 3.3 products/min | ETA: 542 min | Failed: 1 | Blocked: 1
🔄 Proxy rotations: 11 | Healthy proxies: 20000/20000
[32mINFO[39m [33m PlaywrightCrawler:[39m Parsing: https://www.chipdip.ru/product/mc34063acn-povyshayuschiy-st-microelectronics-9001736552
[32mINFO[39m [33m PlaywrightCrawler:[39m Using proxy: p.webshare.io:80
[32mINFO[39m [33m PlaywrightCrawler:Statistics:[39m PlaywrightCrawler request statistics:[90m {"requestAvgFailedDurationMillis":null,"requestAvgFinishedDurationMillis":12825,"requestsFinishedPerMinute":5,"requestsFailedPerMinute":0,"requestTotalDurationMillis":128252,"requestsTotal":10,"crawlerRuntimeMillis":120123,"retryHistogram":[10]}[39m
[32mINFO[39m [33m PlaywrightCrawler:AutoscaledPool:[39m state[90m {"currentConcurrency":1,"desiredConcurrency":1,"systemStatus":{"isSystemIdle":false,"memInfo":{"isOverloaded":true,"limitRatio":0.2,"actualRatio":0.857},"eventLoopInfo":{"isOverloaded":false,"limitRatio":0.6,"actualRatio":0},"cpuInfo":{"isOverloaded":false,"limitRatio":0.4,"actualRatio":0},"clientInfo":{"isOverloaded":false,"limitRatio":0.3,"actualRatio":0}}}[39m
[32mINFO[39m [33m PlaywrightCrawler:[39m ✅ Parsed: MC34063ACN, Повышающий/ понижающий преобразователь напряжения, [DIP-8.]
📊 Progress: 190/2000 (9.5%) | Speed: 3.3 products/min | ETA: 541 min | Failed: 1 | Blocked: 1
🔄 Proxy rotations: 11 | Healthy proxies: 20000/20000
[32mINFO[39m [33m PlaywrightCrawler:[39m Parsing: https://www.chipdip.ru/product/mc34063adr-dc-dc-preobrazovatel-sw-1.5a-texas-instruments-2166641522
[32mINFO[39m [33m PlaywrightCrawler:[39m Using proxy: p.webshare.io:80
[32mINFO[39m [33m PlaywrightCrawler:[39m ✅ Parsed: MC34063ADR, DC-DC преобразователь, SW 1.5A STEP UP/DN [SO-8] (2166641522)
📊 Progress: 191/2000 (9.6%) | Speed: 3.4 products/min | ETA: 540 min | Failed: 1 | Blocked: 1
🔄 Proxy rotations: 11 | Healthy proxies: 20000/20000
[32mINFO[39m [33m PlaywrightCrawler:[39m Parsing: https://www.chipdip.ru/product/mc34063adr-dc-dc-preobrazovatel-sw-1.5a-step-up-dn-so-8-umw-9001067622
[32mINFO[39m [33m PlaywrightCrawler:[39m Using proxy: p.webshare.io:80
[32mINFO[39m [33m PlaywrightCrawler:[39m ✅ Parsed: MC34063ADR, DC-DC преобразователь, SW 1.5A STEP UP/DN [SO-8]
📊 Progress: 192/2000 (9.6%) | Speed: 3.4 products/min | ETA: 538 min | Failed: 1 | Blocked: 1
🔄 Proxy rotations: 11 | Healthy proxies: 20000/20000
[32mINFO[39m [33m PlaywrightCrawler:[39m Parsing: https://www.chipdip.ru/product/mc34063adr2g-povyshayuschiy-ponizhayuschiy-on-semiconductor-9000965348
[32mINFO[39m [33m PlaywrightCrawler:[39m Using proxy: p.webshare.io:80
[32mINFO[39m [33m PlaywrightCrawler:[39m ✅ Parsed: MC34063ADR2G, Повышающий/ понижающий преобразователь напряжения, [SO-8]
📊 Progress: 193/2000 (9.7%) | Speed: 3.4 products/min | ETA: 537 min | Failed: 1 | Blocked: 1
🔄 Proxy rotations: 11 | Healthy proxies: 20000/20000
[32mINFO[39m [33m PlaywrightCrawler:[39m Parsing: https://www.chipdip.ru/product/mc34063ap1g-povyshayuschiy-ponizhayuschiy-on-semiconductor-298265470
[32mINFO[39m [33m PlaywrightCrawler:[39m Using proxy: p.webshare.io:80
[32mINFO[39m [33m PlaywrightCrawler:[39m ✅ Parsed: MC34063AP1G, Повышающий/ понижающий преобразователь напряжения, [DIP-8]
📊 Progress: 194/2000 (9.7%) | Speed: 3.4 products/min | ETA: 536 min | Failed: 1 | Blocked: 1
🔄 Proxy rotations: 11 | Healthy proxies: 20000/20000
[32mINFO[39m [33m PlaywrightCrawler:Statistics:[39m PlaywrightCrawler request statistics:[90m {"requestAvgFailedDurationMillis":null,"requestAvgFinishedDurationMillis":12621,"requestsFinishedPerMinute":5,"requestsFailedPerMinute":0,"requestTotalDurationMillis":189321,"requestsTotal":15,"crawlerRuntimeMillis":180124,"retryHistogram":[15]}[39m
[32mINFO[39m [33m PlaywrightCrawler:[39m Parsing: https://www.chipdip.ru/product/mc34063m-tr-povyshayuschiy-ponizhayuschiy-hgsemi-9001239041
[32mINFO[39m [33m PlaywrightCrawler:[39m Using proxy: p.webshare.io:80
[32mINFO[39m [33m PlaywrightCrawler:AutoscaledPool:[39m state[90m {"currentConcurrency":1,"desiredConcurrency":2,"systemStatus":{"isSystemIdle":true,"memInfo":{"isOverloaded":false,"limitRatio":0.2,"actualRatio":0.138},"eventLoopInfo":{"isOverloaded":false,"limitRatio":0.6,"actualRatio":0},"cpuInfo":{"isOverloaded":false,"limitRatio":0.4,"actualRatio":0},"clientInfo":{"isOverloaded":false,"limitRatio":0.3,"actualRatio":0}}}[39m
[32mINFO[39m [33m PlaywrightCrawler:[39m ✅ Parsed: MC34063M/TR, Повышающий/ понижающий преобразователь напряжения [SOP-8] (= MC34063BD, MC34063ABD)
📊 Progress: 195/2000 (9.8%) | Speed: 3.4 products/min | ETA: 535 min | Failed: 1 | Blocked: 1
🔄 Proxy rotations: 11 | Healthy proxies: 20000/20000
[32mINFO[39m [33m PlaywrightCrawler:[39m Parsing: https://www.chipdip.ru/product/mcp16301t-i-chy-dc-dc-preobrazovatel-microchip-9000177294
[32mINFO[39m [33m PlaywrightCrawler:[39m Using proxy: p.webshare.io:80
[32mINFO[39m [33m PlaywrightCrawler:[39m ✅ Parsed: MCP16301T-I/CHY, DC/DC преобразователь, понижающий, Uвх=4…30В, Uвых=2...15В, 0.6А [SOT-23-6]
📊 Progress: 196/2000 (9.8%) | Speed: 3.4 products/min | ETA: 533 min | Failed: 1 | Blocked: 1
🔄 Proxy rotations: 11 | Healthy proxies: 20000/20000
[33mWARN[39m [33m PlaywrightCrawler:AutoscaledPool:Snapshotter:[39m Memory is critically overloaded. Using 3947 MB of 4096 MB (96%). Consider increasing available memory.
[32mINFO[39m [33m PlaywrightCrawler:[39m Parsing: https://www.chipdip.ru/product/mp1410es-lf-z-dc-dc-preobrazovatel-monolithic-9000077135
[32mINFO[39m [33m PlaywrightCrawler:[39m Using proxy: p.webshare.io:80
[32mINFO[39m [33m PlaywrightCrawler:[39m Parsing: https://www.chipdip.ru/product/mcp1640t-i-chy-dc-dc-preobrazovatel-650mv-5.5v-microchip-9000109618
[32mINFO[39m [33m PlaywrightCrawler:[39m Using proxy: p.webshare.io:80
[32mINFO[39m [33m PlaywrightCrawler:[39m Parsing: https://www.chipdip.ru/product/me3116am6g-preobrazovatel-postoyannogo-toka-microne-9001403490
[32mINFO[39m [33m PlaywrightCrawler:[39m Using proxy: p.webshare.io:80
[32mINFO[39m [33m PlaywrightCrawler:[39m ✅ Parsed: MP1410ES-LF-Z, DC-DC преобразователь понижающий, 2А, 380кГц, Uвх=4.75-15В, Uвых=1.22-13В [SO-8]
📊 Progress: 197/2000 (9.8%) | Speed: 3.4 products/min | ETA: 532 min | Failed: 1 | Blocked: 1
🔄 Proxy rotations: 11 | Healthy proxies: 20000/20000
[32mINFO[39m [33m PlaywrightCrawler:[39m ✅ Parsed: ME3116AM6G, Преобразователь постоянного тока понижающий 40В 1А6-Pin SOT-23
📊 Progress: 198/2000 (9.9%) | Speed: 3.4 products/min | ETA: 529 min | Failed: 1 | Blocked: 1
🔄 Proxy rotations: 11 | Healthy proxies: 20000/20000
[32mINFO[39m [33m PlaywrightCrawler:[39m ✅ Parsed: MCP1640T-I/CHY, DC/DC преобразователь, 650мВ-5.5В (Vin), 2В-5.5В, 350мА, [SOT-23-6]
📊 Progress: 199/2000 (10.0%) | Speed: 3.4 products/min | ETA: 526 min | Failed: 1 | Blocked: 1
🔄 Proxy rotations: 11 | Healthy proxies: 20000/20000
[32mINFO[39m [33m PlaywrightCrawler:[39m All requests from the queue have been processed, the crawler will shut down.
[32mINFO[39m [33m PlaywrightCrawler:[39m Final request statistics:[90m {"requestsFinished":20,"requestsFailed":0,"retryHistogram":[20],"requestAvgFailedDurationMillis":null,"requestAvgFinishedDurationMillis":12520,"requestsFinishedPerMinute":6,"requestsFailedPerMinute":0,"requestTotalDurationMillis":250390,"requestsTotal":20,"crawlerRuntimeMillis":205150}[39m
[32mINFO[39m [33m PlaywrightCrawler:[39m Finished! Total 20 requests: 20 succeeded, 0 failed.[90m {"terminal":true}[39m
✅ Batch completed. Processed: 200/2000
🔍 Testing proxy 1/50: yyinovqc-27...
✅ Proxy yyinovqc-27 is working!

🔄 Batch 11: Processing 20 products with proxy p.webshare.io:80
[32mINFO[39m [33m PlaywrightCrawler:[39m Starting the crawler.
[33mWARN[39m [33m PlaywrightCrawler:AutoscaledPool:Snapshotter:[39m Memory is critically overloaded. Using 3895 MB of 4096 MB (95%). Consider increasing available memory.
[32mINFO[39m [33m PlaywrightCrawler:[39m Parsing: https://www.chipdip.ru/product/mp2307dn-lf-z-dc-dc-preobrazovatel-monolithic-9050001885
[32mINFO[39m [33m PlaywrightCrawler:[39m Using proxy: p.webshare.io:80
[32mINFO[39m [33m PlaywrightCrawler:[39m Parsing: https://www.chipdip.ru/product/mp1584en-lf-z-dc-dc-preobrazovatel-step-down-monolithic-9000352751
[32mINFO[39m [33m PlaywrightCrawler:[39m Using proxy: p.webshare.io:80
[32mINFO[39m [33m PlaywrightCrawler:[39m ✅ Parsed: MP2307DN-LF-Z, DC-DC преобразователь понижающий, 3А, 340КГц, Uвх=4.75-23В, Uвых=0.925-20В [SO-8 EP]
📊 Progress: 200/2000 (10.0%) | Speed: 3.4 products/min | ETA: 526 min | Failed: 1 | Blocked: 1
🔄 Proxy rotations: 12 | Healthy proxies: 20000/20000

⏸️  Batch 1 completed (200 products). Pausing for 5 minutes...

[33mWARN[39m [33m PlaywrightCrawler:AutoscaledPool:Snapshotter:[39m Memory is critically overloaded. Using 3893 MB of 4096 MB (95%). Consider increasing available memory.
[32mINFO[39m [33m PlaywrightCrawler:[39m ✅ Parsed: MP1584EN-LF-Z, DC-DC преобразователь, Step-Down, Uвх=4.5...28В, Uвых=0.8...25В, 3А, 0.1...1.5МГц [SOIC-8-EP.]
📊 Progress: 201/2000 (10.1%) | Speed: 3.4 products/min | ETA: 523 min | Failed: 1 | Blocked: 1
🔄 Proxy rotations: 12 | Healthy proxies: 20000/20000
[32mINFO[39m [33m PlaywrightCrawler:[39m Parsing: https://www.chipdip.ru/product/mt1470-ponizhayuschiy-sinhronnyy-dc-dc-aerosemi-9001621964
[32mINFO[39m [33m PlaywrightCrawler:[39m Using proxy: p.webshare.io:80
[32mINFO[39m [33m PlaywrightCrawler:Statistics:[39m PlaywrightCrawler request statistics:[90m {"requestAvgFailedDurationMillis":null,"requestAvgFinishedDurationMillis":15528,"requestsFinishedPerMinute":1,"requestsFailedPerMinute":0,"requestTotalDurationMillis":15528,"requestsTotal":1,"crawlerRuntimeMillis":60141,"retryHistogram":[1]}[39m
[32mINFO[39m [33m PlaywrightCrawler:AutoscaledPool:[39m state[90m {"currentConcurrency":2,"desiredConcurrency":3,"systemStatus":{"isSystemIdle":true,"memInfo":{"isOverloaded":false,"limitRatio":0.2,"actualRatio":0},"eventLoopInfo":{"isOverloaded":false,"limitRatio":0.6,"actualRatio":0},"cpuInfo":{"isOverloaded":false,"limitRatio":0.4,"actualRatio":0},"clientInfo":{"isOverloaded":false,"limitRatio":0.3,"actualRatio":0}}}[39m
[32mINFO[39m [33m PlaywrightCrawler:[39m ✅ Parsed: MT1470, Понижающий синхронный DC-DC преобразователь 2А 500кГц [SOT-23-6.]
📊 Progress: 202/2000 (10.1%) | Speed: 3.4 products/min | ETA: 527 min | Failed: 1 | Blocked: 1
🔄 Proxy rotations: 12 | Healthy proxies: 20000/20000
[32mINFO[39m [33m PlaywrightCrawler:[39m Parsing: https://www.chipdip.ru/product/mt2496-dc-dc-preobrazovatel-buck-uvh-4.5-16v-aerosemi-9001485225
[32mINFO[39m [33m PlaywrightCrawler:[39m Using proxy: p.webshare.io:80
[33mWARN[39m [33m PlaywrightCrawler:[39m Reclaiming failed request back to the list or queue. requestHandler timed out after 60 seconds.[90m {"id":"M2vnDw8I5pzMd7n","url":"https://www.chipdip.ru/product/mp2307dn-lf-z-dc-dc-preobrazovatel-monolithic-9050001885","retryCount":1}[39m
[32mINFO[39m [33m PlaywrightCrawler:[39m Parsing: https://www.chipdip.ru/product/mt2492-ponizhayuschiy-sinhronnyy-dc-dc-aerosemi-9001621963
[32mINFO[39m [33m PlaywrightCrawler:[39m Using proxy: p.webshare.io:80
[32mINFO[39m [33m PlaywrightCrawler:[39m ✅ Parsed: MT2496, DC-DC преобразователь, Buck, Uвх=4.5…16В, Uвых=5…15В, 3А, 500кГц [SOT-23-6.] (9001485225)
📊 Progress: 203/2000 (10.2%) | Speed: 3.4 products/min | ETA: 525 min | Failed: 1 | Blocked: 1
🔄 Proxy rotations: 12 | Healthy proxies: 20000/20000
[32mINFO[39m [33m PlaywrightCrawler:[39m ✅ Parsed: MT2492, Понижающий синхронный DC-DC преобразователь 2А 600кГц [SOT-23-6.]
📊 Progress: 204/2000 (10.2%) | Speed: 3.4 products/min | ETA: 522 min | Failed: 1 | Blocked: 1
🔄 Proxy rotations: 12 | Healthy proxies: 20000/20000
[32mINFO[39m [33m PlaywrightCrawler:[39m Parsing: https://www.chipdip.ru/product/mt3410lb-ponizhayuschiy-sinhronnyy-dc-dc-aerosemi-9001621959
[32mINFO[39m [33m PlaywrightCrawler:[39m Using proxy: p.webshare.io:80
[32mINFO[39m [33m PlaywrightCrawler:[39m Parsing: https://www.chipdip.ru/product/mt3540-f25-dc-dc-preobrazovatel-boost-uvh-2.5-5.5v-aerosemi-9001506100
[32mINFO[39m [33m PlaywrightCrawler:[39m Using proxy: p.webshare.io:80
[32mINFO[39m [33m PlaywrightCrawler:[39m ✅ Parsed: MT3410LB, Понижающий синхронный DC-DC преобразователь 1.3А 1.5МГц [SOT-23-5.]
📊 Progress: 205/2000 (10.3%) | Speed: 3.4 products/min | ETA: 521 min | Failed: 1 | Blocked: 1
🔄 Proxy rotations: 12 | Healthy proxies: 20000/20000
[32mINFO[39m [33m PlaywrightCrawler:[39m ✅ Parsed: MT3540-F25, DC-DC преобразователь, Boost, Uвх=2.5…5.5В, Uвых=3.75…28В, 1.5А, 1.2МГц [SOT-23-5.]
📊 Progress: 206/2000 (10.3%) | Speed: 3.5 products/min | ETA: 518 min | Failed: 1 | Blocked: 1
🔄 Proxy rotations: 12 | Healthy proxies: 20000/20000
[32mINFO[39m [33m PlaywrightCrawler:[39m Parsing: https://www.chipdip.ru/product/mt3608-povyshayuschiy-dc-dc-preobrazovatel-28v-2a-aerosemi-9001114447
[32mINFO[39m [33m PlaywrightCrawler:[39m Using proxy: p.webshare.io:80
[32mINFO[39m [33m PlaywrightCrawler:[39m ✅ Parsed: MT3608, Повышающий DC-DC преобразователь 28В 2А 1.2МГц [SOT-23-6.]
📊 Progress: 207/2000 (10.3%) | Speed: 3.5 products/min | ETA: 517 min | Failed: 1 | Blocked: 1
🔄 Proxy rotations: 12 | Healthy proxies: 20000/20000
[32mINFO[39m [33m PlaywrightCrawler:[39m Parsing: https://www.chipdip.ru/product/mt3608l-povyshayuschiy-dc-dc-preobrazovatel-20v-aerosemi-9001621962
[32mINFO[39m [33m PlaywrightCrawler:[39m Using proxy: p.webshare.io:80
[32mINFO[39m [33m PlaywrightCrawler:[39m ✅ Parsed: MT3608L, Повышающий DC-DC преобразователь 20В 2.5А 1.2МГц Current Mode [SOT-23-6.]
📊 Progress: 208/2000 (10.4%) | Speed: 3.5 products/min | ETA: 516 min | Failed: 1 | Blocked: 1
🔄 Proxy rotations: 12 | Healthy proxies: 20000/20000
[32mINFO[39m [33m PlaywrightCrawler:[39m Parsing: https://www.chipdip.ru/product/ncp1402sn50t1g-dc-dc-preobrazovatel-on-semiconductor-9000155798
[32mINFO[39m [33m PlaywrightCrawler:[39m Using proxy: p.webshare.io:80
[32mINFO[39m [33m PlaywrightCrawler:[39m ✅ Parsed: NCP1402SN50T1G, DC-DC преобразователь повышающий, 0.2А, Uвх=0.8-5.5В, Uвых=5В [SOT-23-5]
📊 Progress: 209/2000 (10.4%) | Speed: 3.5 products/min | ETA: 515 min | Failed: 1 | Blocked: 1
🔄 Proxy rotations: 12 | Healthy proxies: 20000/20000
[32mINFO[39m [33m PlaywrightCrawler:Statistics:[39m PlaywrightCrawler request statistics:[90m {"requestAvgFailedDurationMillis":null,"requestAvgFinishedDurationMillis":11099,"requestsFinishedPerMinute":4,"requestsFailedPerMinute":0,"requestTotalDurationMillis":99892,"requestsTotal":9,"crawlerRuntimeMillis":120142,"retryHistogram":[9]}[39m
[32mINFO[39m [33m PlaywrightCrawler:AutoscaledPool:[39m state[90m {"currentConcurrency":1,"desiredConcurrency":1,"systemStatus":{"isSystemIdle":false,"memInfo":{"isOverloaded":true,"limitRatio":0.2,"actualRatio":0.643},"eventLoopInfo":{"isOverloaded":false,"limitRatio":0.6,"actualRatio":0},"cpuInfo":{"isOverloaded":false,"limitRatio":0.4,"actualRatio":0},"clientInfo":{"isOverloaded":false,"limitRatio":0.3,"actualRatio":0}}}[39m
[32mINFO[39m [33m PlaywrightCrawler:[39m Parsing: https://www.chipdip.ru/product/ncp1529asnt1g-dc-dc-preobrazovatel-on-semiconductor-9000077137
[32mINFO[39m [33m PlaywrightCrawler:[39m Using proxy: p.webshare.io:80
[32mINFO[39m [33m PlaywrightCrawler:[39m ✅ Parsed: NCP1529ASNT1G, DC-DC преобразователь, Step-down, 1А, 1.7Мгц, Uвых=ADJ [TSOP-5]
📊 Progress: 210/2000 (10.5%) | Speed: 3.5 products/min | ETA: 514 min | Failed: 1 | Blocked: 1
🔄 Proxy rotations: 12 | Healthy proxies: 20000/20000
[32mINFO[39m [33m PlaywrightCrawler:[39m Parsing: https://www.chipdip.ru/product/ncp3063bdr2g-impulsnyy-ponizhayuschiy-on-semiconductor-9000071860
[32mINFO[39m [33m PlaywrightCrawler:[39m Using proxy: p.webshare.io:80
[32mINFO[39m [33m PlaywrightCrawler:[39m ✅ Parsed: NCP3063BDR2G, Импульсный понижающий/ повышающий/ инвертирующий преобразователь напряжения 1.5А [SOIC-8]
📊 Progress: 211/2000 (10.5%) | Speed: 3.5 products/min | ETA: 513 min | Failed: 1 | Blocked: 1
🔄 Proxy rotations: 12 | Healthy proxies: 20000/20000
[32mINFO[39m [33m PlaywrightCrawler:[39m Parsing: https://www.chipdip.ru/product/ncp3063dr2g-impulsnyy-stabilizator-on-semiconductor-9000060621
[32mINFO[39m [33m PlaywrightCrawler:[39m Using proxy: p.webshare.io:80
[32mINFO[39m [33m PlaywrightCrawler:[39m ✅ Parsed: NCP3063DR2G, Импульсный стабилизатор напряжения [SO-8]
📊 Progress: 212/2000 (10.6%) | Speed: 3.5 products/min | ETA: 511 min | Failed: 1 | Blocked: 1
🔄 Proxy rotations: 12 | Healthy proxies: 20000/20000
[32mINFO[39m [33m PlaywrightCrawler:[39m Parsing: https://www.chipdip.ru/product/ncp3170adr2g-shim-kontroller-so-8-on-semiconductor-9500050404
[32mINFO[39m [33m PlaywrightCrawler:[39m Using proxy: p.webshare.io:80
[32mINFO[39m [33m PlaywrightCrawler:[39m ✅ Parsed: NCP3170ADR2G, ШИМ- контроллер [SO-8]
📊 Progress: 213/2000 (10.7%) | Speed: 3.5 products/min | ETA: 510 min | Failed: 1 | Blocked: 1
🔄 Proxy rotations: 12 | Healthy proxies: 20000/20000
[32mINFO[39m [33m PlaywrightCrawler:[39m Parsing: https://www.chipdip.ru/product/pn8055sm-a1-shema-integralnaya-preobrazovatel-chipown-9001289221
[32mINFO[39m [33m PlaywrightCrawler:[39m Using proxy: p.webshare.io:80
[32mINFO[39m [33m PlaywrightCrawler:[39m ✅ Parsed: PN8055SM-A1, СХЕМА ИНТЕГРАЛЬНАЯ ПРЕОБРАЗОВАТЕЛЬ НАПРЯЖЕНИЯ
📊 Progress: 214/2000 (10.7%) | Speed: 3.5 products/min | ETA: 509 min | Failed: 1 | Blocked: 1
🔄 Proxy rotations: 12 | Healthy proxies: 20000/20000
[32mINFO[39m [33m PlaywrightCrawler:[39m Parsing: https://www.chipdip.ru/product/st1s10phr-sinhronnyy-ponizhayuschiy-st-microelectronics-9000060256
[32mINFO[39m [33m PlaywrightCrawler:[39m Using proxy: p.webshare.io:80
[32mINFO[39m [33m PlaywrightCrawler:Statistics:[39m PlaywrightCrawler request statistics:[90m {"requestAvgFailedDurationMillis":null,"requestAvgFinishedDurationMillis":11060,"requestsFinishedPerMinute":5,"requestsFailedPerMinute":0,"requestTotalDurationMillis":154839,"requestsTotal":14,"crawlerRuntimeMillis":180143,"retryHistogram":[14]}[39m
[32mINFO[39m [33m PlaywrightCrawler:AutoscaledPool:[39m state[90m {"currentConcurrency":1,"desiredConcurrency":3,"systemStatus":{"isSystemIdle":true,"memInfo":{"isOverloaded":false,"limitRatio":0.2,"actualRatio":0.179},"eventLoopInfo":{"isOverloaded":false,"limitRatio":0.6,"actualRatio":0},"cpuInfo":{"isOverloaded":false,"limitRatio":0.4,"actualRatio":0},"clientInfo":{"isOverloaded":false,"limitRatio":0.3,"actualRatio":0}}}[39m
[32mINFO[39m [33m PlaywrightCrawler:[39m ✅ Parsed: ST1S10PHR, Синхронный понижающий преобразователь напряжения, 3А [SO-8 EP]
📊 Progress: 215/2000 (10.8%) | Speed: 3.5 products/min | ETA: 508 min | Failed: 1 | Blocked: 1
🔄 Proxy rotations: 12 | Healthy proxies: 20000/20000
[32mINFO[39m [33m PlaywrightCrawler:[39m Parsing: https://www.chipdip.ru/product/st1s10pur-impulsnyy-regulyator-st-microelectronics-9000094906
[32mINFO[39m [33m PlaywrightCrawler:[39m Using proxy: p.webshare.io:80
[32mINFO[39m [33m PlaywrightCrawler:[39m ✅ Parsed: ST1S10PUR, Импульсный регулятор напряжения 3A 900kHz Step Down, [DFN-8]
📊 Progress: 216/2000 (10.8%) | Speed: 3.5 products/min | ETA: 507 min | Failed: 1 | Blocked: 1
🔄 Proxy rotations: 12 | Healthy proxies: 20000/20000
[32mINFO[39m [33m PlaywrightCrawler:[39m Parsing: https://www.chipdip.ru/product/st1s12gr-ponizhayuschiy-dc-dc-st-microelectronics-9001570235
[32mINFO[39m [33m PlaywrightCrawler:[39m Using proxy: p.webshare.io:80
[32mINFO[39m [33m PlaywrightCrawler:[39m ✅ Parsed: ST1S12GR, Понижающий DC/DC преобразователь ADJ 700мА [TSOT-23-5]
📊 Progress: 217/2000 (10.8%) | Speed: 3.5 products/min | ETA: 506 min | Failed: 1 | Blocked: 1
🔄 Proxy rotations: 12 | Healthy proxies: 20000/20000
[32mINFO[39m [33m PlaywrightCrawler:[39m Parsing: https://www.chipdip.ru/product/st1s14phr-dc-dc-preobrazovatel-st-microelectronics-9000133770
[32mINFO[39m [33m PlaywrightCrawler:[39m Using proxy: p.webshare.io:80
[32mINFO[39m [33m PlaywrightCrawler:[39m ✅ Parsed: ST1S14PHR, DC-DC преобразователь понижающий, 3А, Uвх=5.5-48В, 850КГц [HSOP-8]
📊 Progress: 218/2000 (10.9%) | Speed: 3.5 products/min | ETA: 505 min | Failed: 1 | Blocked: 1
🔄 Proxy rotations: 12 | Healthy proxies: 20000/20000
[32mINFO[39m [33m PlaywrightCrawler:[39m Parsing: https://www.chipdip.ru/product/st1s40idr-ponizhayuschiy-dc-dc-st-microelectronics-9001570236
[32mINFO[39m [33m PlaywrightCrawler:[39m Using proxy: p.webshare.io:80
[32mINFO[39m [33m PlaywrightCrawler:[39m ✅ Parsed: ST1S40IDR, Понижающий DC/DC преобразователь ADJ 3А [SOIC-8]
📊 Progress: 219/2000 (10.9%) | Speed: 3.5 products/min | ETA: 503 min | Failed: 1 | Blocked: 1
🔄 Proxy rotations: 12 | Healthy proxies: 20000/20000
[32mINFO[39m [33m PlaywrightCrawler:[39m Parsing: https://www.chipdip.ru/product/mp2307dn-lf-z-dc-dc-preobrazovatel-monolithic-9050001885
[32mINFO[39m [33m PlaywrightCrawler:[39m Using proxy: p.webshare.io:80
[32mINFO[39m [33m PlaywrightCrawler:[39m ✅ Parsed: MP2307DN-LF-Z, DC-DC преобразователь понижающий, 3А, 340КГц, Uвх=4.75-23В, Uвых=0.925-20В [SO-8 EP]
📊 Progress: 220/2000 (11.0%) | Speed: 3.5 products/min | ETA: 502 min | Failed: 1 | Blocked: 1
🔄 Proxy rotations: 12 | Healthy proxies: 20000/20000
[32mINFO[39m [33m PlaywrightCrawler:[39m All requests from the queue have been processed, the crawler will shut down.
[32mINFO[39m [33m PlaywrightCrawler:[39m Final request statistics:[90m {"requestsFinished":20,"requestsFailed":0,"retryHistogram":[19,1],"requestAvgFailedDurationMillis":null,"requestAvgFinishedDurationMillis":11022,"requestsFinishedPerMinute":5,"requestsFailedPerMinute":0,"requestTotalDurationMillis":220432,"requestsTotal":20,"crawlerRuntimeMillis":236035}[39m
[32mINFO[39m [33m PlaywrightCrawler:[39m Finished! Total 20 requests: 20 succeeded, 0 failed.[90m {"terminal":true}[39m
✅ Batch completed. Processed: 220/2000
🔍 Testing proxy 1/50: yyinovqc-28...
✅ Proxy yyinovqc-28 is working!

🔄 Batch 12: Processing 20 products with proxy p.webshare.io:80
[32mINFO[39m [33m PlaywrightCrawler:[39m Starting the crawler.
[33mWARN[39m [33m PlaywrightCrawler:AutoscaledPool:Snapshotter:[39m Memory is critically overloaded. Using 3930 MB of 4096 MB (96%). Consider increasing available memory.
[32mINFO[39m [33m PlaywrightCrawler:[39m Parsing: https://www.chipdip.ru/product/stbb1-apur-buck-boost-dc-dc-st-microelectronics-9000170060
[32mINFO[39m [33m PlaywrightCrawler:[39m Using proxy: p.webshare.io:80
[32mINFO[39m [33m PlaywrightCrawler:[39m Parsing: https://www.chipdip.ru/product/st1s41phr-ponizhayuschiy-dc-dc-st-microelectronics-9001570237
[32mINFO[39m [33m PlaywrightCrawler:[39m Using proxy: p.webshare.io:80
[33mWARN[39m [33m PlaywrightCrawler:AutoscaledPool:Snapshotter:[39m Memory is critically overloaded. Using 3939 MB of 4096 MB (96%). Consider increasing available memory.
[32mINFO[39m [33m PlaywrightCrawler:[39m ✅ Parsed: STBB1-APUR, Buck-Boost DC-DC преобразователь 1.2…5.5В 1А 1.5МГц [DFN-10 (3x3)]
📊 Progress: 221/2000 (11.1%) | Speed: 3.5 products/min | ETA: 502 min | Failed: 1 | Blocked: 1
🔄 Proxy rotations: 13 | Healthy proxies: 20000/20000
[32mINFO[39m [33m PlaywrightCrawler:[39m ✅ Parsed: ST1S41PHR, Понижающий DC/DC преобразователь ADJ 4А [HSOP-8]
📊 Progress: 222/2000 (11.1%) | Speed: 3.6 products/min | ETA: 500 min | Failed: 1 | Blocked: 1
🔄 Proxy rotations: 13 | Healthy proxies: 20000/20000
[32mINFO[39m [33m PlaywrightCrawler:[39m Parsing: https://www.chipdip.ru/product/sy7208abc-preobrazovatel-dc-dc-2a-25v-sot-23-6-silergy-9000753672
[32mINFO[39m [33m PlaywrightCrawler:[39m Using proxy: p.webshare.io:80
[32mINFO[39m [33m PlaywrightCrawler:[39m ✅ Parsed: SY7208ABC, Преобразователь DC-DC 2A 25V [SOT-23-6]
📊 Progress: 223/2000 (11.2%) | Speed: 3.6 products/min | ETA: 499 min | Failed: 1 | Blocked: 1
🔄 Proxy rotations: 13 | Healthy proxies: 20000/20000
[32mINFO[39m [33m PlaywrightCrawler:[39m Parsing: https://www.chipdip.ru/product/sy7901dbc-mikroshema-qfn-10-silergy-9000779922
[32mINFO[39m [33m PlaywrightCrawler:[39m Using proxy: p.webshare.io:80
[32mINFO[39m [33m PlaywrightCrawler:[39m ✅ Parsed: SY7901DBC, Микросхема [QFN-10]
📊 Progress: 224/2000 (11.2%) | Speed: 3.6 products/min | ETA: 498 min | Failed: 1 | Blocked: 1
🔄 Proxy rotations: 13 | Healthy proxies: 20000/20000
[32mINFO[39m [33m PlaywrightCrawler:[39m Parsing: https://www.chipdip.ru/product/sy8088aac-preobrazovatel-dc-dc-sot-23-5-silergy-9000669053
[32mINFO[39m [33m PlaywrightCrawler:[39m Using proxy: p.webshare.io:80
[32mINFO[39m [33m PlaywrightCrawler:[39m ✅ Parsed: SY8088AAC, Преобразователь DC-DC [SOT-23-5]
📊 Progress: 225/2000 (11.3%) | Speed: 3.6 products/min | ETA: 497 min | Failed: 1 | Blocked: 1
🔄 Proxy rotations: 13 | Healthy proxies: 20000/20000
[32mINFO[39m [33m PlaywrightCrawler:[39m Parsing: https://www.chipdip.ru/product/sy8089a1aac-preobrazovatel-dc-dc-sot-23-5-silergy-9000677734
[32mINFO[39m [33m PlaywrightCrawler:[39m Using proxy: p.webshare.io:80
[32mINFO[39m [33m PlaywrightCrawler:Statistics:[39m PlaywrightCrawler request statistics:[90m {"requestAvgFailedDurationMillis":null,"requestAvgFinishedDurationMillis":13111,"requestsFinishedPerMinute":5,"requestsFailedPerMinute":0,"requestTotalDurationMillis":65554,"requestsTotal":5,"crawlerRuntimeMillis":60141,"retryHistogram":[5]}[39m
[32mINFO[39m [33m PlaywrightCrawler:AutoscaledPool:[39m state[90m {"currentConcurrency":1,"desiredConcurrency":1,"systemStatus":{"isSystemIdle":false,"memInfo":{"isOverloaded":true,"limitRatio":0.2,"actualRatio":0.931},"eventLoopInfo":{"isOverloaded":false,"limitRatio":0.6,"actualRatio":0},"cpuInfo":{"isOverloaded":false,"limitRatio":0.4,"actualRatio":0},"clientInfo":{"isOverloaded":false,"limitRatio":0.3,"actualRatio":0}}}[39m
[32mINFO[39m [33m PlaywrightCrawler:[39m ✅ Parsed: SY8089A1AAC, Преобразователь DC-DC [SOT-23-5]
📊 Progress: 226/2000 (11.3%) | Speed: 3.6 products/min | ETA: 496 min | Failed: 1 | Blocked: 1
🔄 Proxy rotations: 13 | Healthy proxies: 20000/20000
[32mINFO[39m [33m PlaywrightCrawler:[39m Parsing: https://www.chipdip.ru/product/sy8502fcc-dc-dc-preobrazovatel-soic-8-ep-150mil-silergy-9000671041
[32mINFO[39m [33m PlaywrightCrawler:[39m Using proxy: p.webshare.io:80
[32mINFO[39m [33m PlaywrightCrawler:[39m ✅ Parsed: SY8502FCC, DC-DC преобразователь [SOIC-8 EP_150mil]
📊 Progress: 227/2000 (11.3%) | Speed: 3.6 products/min | ETA: 495 min | Failed: 1 | Blocked: 1
🔄 Proxy rotations: 13 | Healthy proxies: 20000/20000
▶️  Resuming parsing...

[32mINFO[39m [33m PlaywrightCrawler:[39m Parsing: https://www.chipdip.ru/product/tlv62130rgtr-dc-dc-preobrazovatel-texas-instruments-9001599942
[32mINFO[39m [33m PlaywrightCrawler:[39m Using proxy: p.webshare.io:80
[32mINFO[39m [33m PlaywrightCrawler:[39m ✅ Parsed: TLV62130RGTR, DC-DC преобразователь понижающий ADJ 3А 2.5МГц [VQFN-16 (3x3)]
📊 Progress: 228/2000 (11.4%) | Speed: 3.9 products/min | ETA: 455 min | Failed: 1 | Blocked: 1
🔄 Proxy rotations: 13 | Healthy proxies: 20000/20000
[32mINFO[39m [33m PlaywrightCrawler:[39m Parsing: https://www.chipdip.ru/product/tlv62150rgtr-dc-dc-preobrazovatel-buck-texas-instruments-9000685412
[32mINFO[39m [33m PlaywrightCrawler:[39m Using proxy: p.webshare.io:80
[32mINFO[39m [33m PlaywrightCrawler:[39m ✅ Parsed: TLV62150RGTR, DC-DC преобразователь, Buck, Uвх=4…17В, Uвых=0.9…5В, 1А, 2.5МГц [VQFN-16_3x3.]
📊 Progress: 229/2000 (11.5%) | Speed: 3.9 products/min | ETA: 454 min | Failed: 1 | Blocked: 1
🔄 Proxy rotations: 13 | Healthy proxies: 20000/20000
[32mINFO[39m [33m PlaywrightCrawler:[39m Parsing: https://www.chipdip.ru/product/tlv62565dbvr-dc-dc-preobrazovatel-texas-instruments-9001599943
[32mINFO[39m [33m PlaywrightCrawler:[39m Using proxy: p.webshare.io:80
[32mINFO[39m [33m PlaywrightCrawler:[39m ✅ Parsed: TLV62565DBVR, DC-DC преобразователь понижающий ADJ 1.5А 1.5МГц [SOT-23-5.] (=TLV62565DBVT)
📊 Progress: 230/2000 (11.5%) | Speed: 3.9 products/min | ETA: 454 min | Failed: 1 | Blocked: 1
🔄 Proxy rotations: 13 | Healthy proxies: 20000/20000
[32mINFO[39m [33m PlaywrightCrawler:[39m Parsing: https://www.chipdip.ru/product/tlv62568dbvr-dc-dc-preobrazovatel-buck-texas-instruments-9000811068
[32mINFO[39m [33m PlaywrightCrawler:[39m Using proxy: p.webshare.io:80
[32mINFO[39m [33m PlaywrightCrawler:Statistics:[39m PlaywrightCrawler request statistics:[90m {"requestAvgFailedDurationMillis":null,"requestAvgFinishedDurationMillis":12441,"requestsFinishedPerMinute":5,"requestsFailedPerMinute":0,"requestTotalDurationMillis":124406,"requestsTotal":10,"crawlerRuntimeMillis":120143,"retryHistogram":[10]}[39m
[32mINFO[39m [33m PlaywrightCrawler:AutoscaledPool:[39m state[90m {"currentConcurrency":1,"desiredConcurrency":1,"systemStatus":{"isSystemIdle":false,"memInfo":{"isOverloaded":true,"limitRatio":0.2,"actualRatio":0.896},"eventLoopInfo":{"isOverloaded":false,"limitRatio":0.6,"actualRatio":0},"cpuInfo":{"isOverloaded":false,"limitRatio":0.4,"actualRatio":0},"clientInfo":{"isOverloaded":false,"limitRatio":0.3,"actualRatio":0}}}[39m
[32mINFO[39m [33m PlaywrightCrawler:[39m ✅ Parsed: TLV62568DBVR, DC/DC преобразователь, Buck, ADJ, 1А [SOT-23-5]
📊 Progress: 231/2000 (11.6%) | Speed: 3.9 products/min | ETA: 453 min | Failed: 1 | Blocked: 1
🔄 Proxy rotations: 13 | Healthy proxies: 20000/20000
[32mINFO[39m [33m PlaywrightCrawler:[39m Parsing: https://www.chipdip.ru/product/tlv62569dbvr-sinhronnyy-ponizhayuschiy-texas-instruments-9000396795
[32mINFO[39m [33m PlaywrightCrawler:[39m Using proxy: p.webshare.io:80
[32mINFO[39m [33m PlaywrightCrawler:[39m ✅ Parsed: TLV62569DBVR, Синхронный понижающий DC-DC преобразователь 2А 1.5МГц [SOT-23-5.] (=TLV62569DBVT)
📊 Progress: 232/2000 (11.6%) | Speed: 3.9 products/min | ETA: 452 min | Failed: 1 | Blocked: 1
🔄 Proxy rotations: 13 | Healthy proxies: 20000/20000
[32mINFO[39m [33m PlaywrightCrawler:[39m Parsing: https://www.chipdip.ru/product/tlv62569pddcr-dc-dc-preobrazovatel-texas-instruments-9001599944
[32mINFO[39m [33m PlaywrightCrawler:[39m Using proxy: p.webshare.io:80
[32mINFO[39m [33m PlaywrightCrawler:[39m ✅ Parsed: TLV62569PDDCR, DC-DC преобразователь понижающий ADJ 2А 1.5МГц [SOT-23-6.] (=TLV62569PDDCT)
📊 Progress: 233/2000 (11.7%) | Speed: 3.9 products/min | ETA: 451 min | Failed: 1 | Blocked: 1
🔄 Proxy rotations: 13 | Healthy proxies: 20000/20000
[32mINFO[39m [33m PlaywrightCrawler:[39m Parsing: https://www.chipdip.ru/product/tmi3408-preobrazovatel-dc-dc-sot-23-5-9000670778
[32mINFO[39m [33m PlaywrightCrawler:[39m Using proxy: p.webshare.io:80
[32mINFO[39m [33m PlaywrightCrawler:[39m ✅ Parsed: TMI3408, Преобразователь DC-DC [SOT-23-5]
📊 Progress: 234/2000 (11.7%) | Speed: 3.9 products/min | ETA: 450 min | Failed: 1 | Blocked: 1
🔄 Proxy rotations: 13 | Healthy proxies: 20000/20000
[32mINFO[39m [33m PlaywrightCrawler:[39m Parsing: https://www.chipdip.ru/product/tpp2020-6tr-dc-dc-preobrazovatel-2a-tsot-23-6-3peak-9001699473
[32mINFO[39m [33m PlaywrightCrawler:[39m Using proxy: p.webshare.io:80
[32mINFO[39m [33m PlaywrightCrawler:[39m ✅ Parsed: TPP2020-6TR, DC-DC преобразователь 2А [TSOT-23-6.]
📊 Progress: 235/2000 (11.8%) | Speed: 3.9 products/min | ETA: 450 min | Failed: 1 | Blocked: 1
🔄 Proxy rotations: 13 | Healthy proxies: 20000/20000
[32mINFO[39m [33m PlaywrightCrawler:[39m Parsing: https://www.chipdip.ru/product/tpp362080-t6tr-dc-dc-preobrazovatel-buck-uvh-4.5-36v-3peak-9001780805
[32mINFO[39m [33m PlaywrightCrawler:[39m Using proxy: p.webshare.io:80
[32mINFO[39m [33m PlaywrightCrawler:[39m ✅ Parsed: TPP362080-T6TR, DC-DC преобразователь, Buck, Uвх=4.5…36В, Uвых=0.6…36В, 2А, 500кГц [TSOT-23-6.]
📊 Progress: 236/2000 (11.8%) | Speed: 3.9 products/min | ETA: 449 min | Failed: 1 | Blocked: 1
🔄 Proxy rotations: 13 | Healthy proxies: 20000/20000
[32mINFO[39m [33m PlaywrightCrawler:[39m Parsing: https://www.chipdip.ru/product/tps51396arjer-dc-dc-preobrazovatel-texas-instruments-9001599974
[32mINFO[39m [33m PlaywrightCrawler:[39m Using proxy: p.webshare.io:80
[32mINFO[39m [33m PlaywrightCrawler:Statistics:[39m PlaywrightCrawler request statistics:[90m {"requestAvgFailedDurationMillis":null,"requestAvgFinishedDurationMillis":11966,"requestsFinishedPerMinute":5,"requestsFailedPerMinute":0,"requestTotalDurationMillis":191454,"requestsTotal":16,"crawlerRuntimeMillis":180143,"retryHistogram":[16]}[39m
[32mINFO[39m [33m PlaywrightCrawler:AutoscaledPool:[39m state[90m {"currentConcurrency":1,"desiredConcurrency":3,"systemStatus":{"isSystemIdle":true,"memInfo":{"isOverloaded":false,"limitRatio":0.2,"actualRatio":0.178},"eventLoopInfo":{"isOverloaded":false,"limitRatio":0.6,"actualRatio":0},"cpuInfo":{"isOverloaded":false,"limitRatio":0.4,"actualRatio":0},"clientInfo":{"isOverloaded":false,"limitRatio":0.3,"actualRatio":0}}}[39m
[32mINFO[39m [33m PlaywrightCrawler:[39m ✅ Parsed: TPS51396ARJER, DC-DC преобразователь понижающий ADJ 8А 600кГц, 800кГц, 1МГц [QFN-HR-20 (3x3)]
📊 Progress: 237/2000 (11.8%) | Speed: 3.9 products/min | ETA: 447 min | Failed: 1 | Blocked: 1
🔄 Proxy rotations: 13 | Healthy proxies: 20000/20000
[33mWARN[39m [33m PlaywrightCrawler:AutoscaledPool:Snapshotter:[39m Memory is critically overloaded. Using 3893 MB of 4096 MB (95%). Consider increasing available memory.
[32mINFO[39m [33m PlaywrightCrawler:[39m Parsing: https://www.chipdip.ru/product/tps5410dr-dc-dc-preobrazovatel-texas-instruments-9001599975
[32mINFO[39m [33m PlaywrightCrawler:[39m Using proxy: p.webshare.io:80
[32mINFO[39m [33m PlaywrightCrawler:[39m Parsing: https://www.chipdip.ru/product/tps54060dgqr-dc-dc-preobrazovatel-texas-instruments-9000112224
[32mINFO[39m [33m PlaywrightCrawler:[39m Using proxy: p.webshare.io:80
[32mINFO[39m [33m PlaywrightCrawler:[39m Parsing: https://www.chipdip.ru/product/tps54140dgqr-dc-dc-preobrazovatel-texas-instruments-9000388781
[32mINFO[39m [33m PlaywrightCrawler:[39m Using proxy: p.webshare.io:80
[32mINFO[39m [33m PlaywrightCrawler:[39m ✅ Parsed: TPS5410DR, DC-DC преобразователь понижающий ADJ 1А 500кГц [SOIC-8.]
📊 Progress: 238/2000 (11.9%) | Speed: 3.9 products/min | ETA: 447 min | Failed: 1 | Blocked: 1
🔄 Proxy rotations: 13 | Healthy proxies: 20000/20000
[33mWARN[39m [33m PlaywrightCrawler:AutoscaledPool:Snapshotter:[39m Memory is critically overloaded. Using 3895 MB of 4096 MB (95%). Consider increasing available memory.
[32mINFO[39m [33m PlaywrightCrawler:[39m ✅ Parsed: TPS54060DGQR, DC-DC преобразователь Step-Down с Eco-Mode, Uвых=0.8…58В, Iвых= 0.5А, 0.1…2.5МГц [MSOP-PowerPad-10]
📊 Progress: 239/2000 (11.9%) | Speed: 4.0 products/min | ETA: 445 min | Failed: 1 | Blocked: 1
🔄 Proxy rotations: 13 | Healthy proxies: 20000/20000
[32mINFO[39m [33m PlaywrightCrawler:[39m ✅ Parsed: TPS54140DGQR, DC-DC преобразователь Step-Down с Eco-Mode, Uвых=0.8…39В, Iвых= 1.5А, 0.1…2.5Мгц [MSOP-PowerPad-10
📊 Progress: 240/2000 (12.0%) | Speed: 4.0 products/min | ETA: 443 min | Failed: 1 | Blocked: 1
🔄 Proxy rotations: 13 | Healthy proxies: 20000/20000
[32mINFO[39m [33m PlaywrightCrawler:[39m All requests from the queue have been processed, the crawler will shut down.
[32mINFO[39m [33m PlaywrightCrawler:[39m Final request statistics:[90m {"requestsFinished":20,"requestsFailed":0,"retryHistogram":[20],"requestAvgFailedDurationMillis":null,"requestAvgFinishedDurationMillis":11975,"requestsFinishedPerMinute":6,"requestsFailedPerMinute":0,"requestTotalDurationMillis":239491,"requestsTotal":20,"crawlerRuntimeMillis":194382}[39m
[32mINFO[39m [33m PlaywrightCrawler:[39m Finished! Total 20 requests: 20 succeeded, 0 failed.[90m {"terminal":true}[39m
✅ Batch completed. Processed: 240/2000
🔍 Testing proxy 1/50: yyinovqc-29...
✅ Proxy yyinovqc-29 is working!

🔄 Batch 13: Processing 20 products with proxy p.webshare.io:80
[32mINFO[39m [33m PlaywrightCrawler:[39m Starting the crawler.
[33mWARN[39m [33m PlaywrightCrawler:AutoscaledPool:Snapshotter:[39m Memory is critically overloaded. Using 3895 MB of 4096 MB (95%). Consider increasing available memory.
[32mINFO[39m [33m PlaywrightCrawler:[39m Parsing: https://www.chipdip.ru/product/tps54160dgqr-dc-dc-preobrazovatel-texas-instruments-9000302157
[32mINFO[39m [33m PlaywrightCrawler:[39m Using proxy: p.webshare.io:80
[32mINFO[39m [33m PlaywrightCrawler:[39m Parsing: https://www.chipdip.ru/product/tps54202ddcr-dc-dc-preobrazovatel-buck-texas-instruments-9000634369
[32mINFO[39m [33m PlaywrightCrawler:[39m Using proxy: p.webshare.io:80
[32mINFO[39m [33m PlaywrightCrawler:[39m ✅ Parsed: TPS54160DGQR, DC-DC преобразователь, понижающий, +0.8…58В, 1.5A [MSOP-10]
📊 Progress: 241/2000 (12.0%) | Speed: 4.0 products/min | ETA: 443 min | Failed: 1 | Blocked: 1
🔄 Proxy rotations: 14 | Healthy proxies: 20000/20000
[32mINFO[39m [33m PlaywrightCrawler:[39m ✅ Parsed: TPS54202DDCR, DC/DC преобразователь, Buck, ADJ, 2А [TSOT-23-6]
📊 Progress: 242/2000 (12.1%) | Speed: 4.0 products/min | ETA: 441 min | Failed: 1 | Blocked: 1
🔄 Proxy rotations: 14 | Healthy proxies: 20000/20000
[32mINFO[39m [33m PlaywrightCrawler:[39m Parsing: https://www.chipdip.ru/product/tps5420dr-impulsnyy-ponizhayuschiy-texas-instruments-9000033655
[32mINFO[39m [33m PlaywrightCrawler:[39m Using proxy: p.webshare.io:80
[32mINFO[39m [33m PlaywrightCrawler:[39m ✅ Parsed: TPS5420DR, Импульсный понижающий преобразователь напряжения, 2А [SO-8]
📊 Progress: 243/2000 (12.2%) | Speed: 4.0 products/min | ETA: 440 min | Failed: 1 | Blocked: 1
🔄 Proxy rotations: 14 | Healthy proxies: 20000/20000
[32mINFO[39m [33m PlaywrightCrawler:[39m Parsing: https://www.chipdip.ru/product/tps54227ddar-dc-dc-preobrazovatel-texas-instruments-9000374329
[32mINFO[39m [33m PlaywrightCrawler:[39m Using proxy: p.webshare.io:80
[32mINFO[39m [33m PlaywrightCrawler:[39m ✅ Parsed: TPS54227DDAR, DC-DC преобразователь, понижающий, +0.76…7В, 2A [SO PowerPAD-8]
📊 Progress: 244/2000 (12.2%) | Speed: 4.0 products/min | ETA: 439 min | Failed: 1 | Blocked: 1
🔄 Proxy rotations: 14 | Healthy proxies: 20000/20000
[32mINFO[39m [33m PlaywrightCrawler:[39m Parsing: https://www.chipdip.ru/product/tps54231dr-dc-dc-preobrazovatel-texas-instruments-9000145828
[32mINFO[39m [33m PlaywrightCrawler:[39m Using proxy: p.webshare.io:80
[32mINFO[39m [33m PlaywrightCrawler:[39m ✅ Parsed: TPS54231DR, DC-DC преобразователь, понижающий, +0.8…25В, 2A [SOIC-8]
📊 Progress: 245/2000 (12.3%) | Speed: 4.0 products/min | ETA: 439 min | Failed: 1 | Blocked: 1
🔄 Proxy rotations: 14 | Healthy proxies: 20000/20000
[32mINFO[39m [33m PlaywrightCrawler:[39m Parsing: https://www.chipdip.ru/product/tps54240dgqr-dc-dc-preobrazovatel-texas-instruments-9001599976
[32mINFO[39m [33m PlaywrightCrawler:[39m Using proxy: p.webshare.io:80
[32mINFO[39m [33m PlaywrightCrawler:Statistics:[39m PlaywrightCrawler request statistics:[90m {"requestAvgFailedDurationMillis":null,"requestAvgFinishedDurationMillis":13027,"requestsFinishedPerMinute":5,"requestsFailedPerMinute":0,"requestTotalDurationMillis":65135,"requestsTotal":5,"crawlerRuntimeMillis":60137,"retryHistogram":[5]}[39m
[32mINFO[39m [33m PlaywrightCrawler:AutoscaledPool:[39m state[90m {"currentConcurrency":1,"desiredConcurrency":1,"systemStatus":{"isSystemIdle":false,"memInfo":{"isOverloaded":true,"limitRatio":0.2,"actualRatio":1},"eventLoopInfo":{"isOverloaded":false,"limitRatio":0.6,"actualRatio":0},"cpuInfo":{"isOverloaded":false,"limitRatio":0.4,"actualRatio":0},"clientInfo":{"isOverloaded":false,"limitRatio":0.3,"actualRatio":0}}}[39m
[32mINFO[39m [33m PlaywrightCrawler:[39m ✅ Parsed: TPS54240DGQR, DC-DC преобразователь понижающий ADJ 100кГц-2.5МГц Eco-Mode [HVSSOP-10]
📊 Progress: 246/2000 (12.3%) | Speed: 4.0 products/min | ETA: 438 min | Failed: 1 | Blocked: 1
🔄 Proxy rotations: 14 | Healthy proxies: 20000/20000
[32mINFO[39m [33m PlaywrightCrawler:[39m Parsing: https://www.chipdip.ru/product/tps54260dgqr-dc-dc-preobrazovatel-texas-instruments-9000112225
[32mINFO[39m [33m PlaywrightCrawler:[39m Using proxy: p.webshare.io:80
[32mINFO[39m [33m PlaywrightCrawler:[39m ✅ Parsed: TPS54260DGQR, DC-DC преобразователь, понижающий, +0.8…58В, 2.5A [HVSSOP-10 EP]
📊 Progress: 247/2000 (12.3%) | Speed: 4.0 products/min | ETA: 438 min | Failed: 1 | Blocked: 1
🔄 Proxy rotations: 14 | Healthy proxies: 20000/20000
[32mINFO[39m [33m PlaywrightCrawler:[39m Parsing: https://www.chipdip.ru/product/tps54302ddcr-dc-dc-preobrazovatel-texas-instruments-9001599977
[32mINFO[39m [33m PlaywrightCrawler:[39m Using proxy: p.webshare.io:80
[32mINFO[39m [33m PlaywrightCrawler:[39m ✅ Parsed: TPS54302DDCR, DC-DC преобразователь понижающий ADJ 3А 400кГц [TSOT-23-6.] (=TPS54302DDCT)
📊 Progress: 248/2000 (12.4%) | Speed: 4.0 products/min | ETA: 437 min | Failed: 1 | Blocked: 1
🔄 Proxy rotations: 14 | Healthy proxies: 20000/20000
[32mINFO[39m [33m PlaywrightCrawler:[39m Parsing: https://www.chipdip.ru/product/tps54308ddcr-dc-dc-preobrazovatel-texas-instruments-9001599978
[32mINFO[39m [33m PlaywrightCrawler:[39m Using proxy: p.webshare.io:80
[32mINFO[39m [33m PlaywrightCrawler:[39m ✅ Parsed: TPS54308DDCR, DC-DC преобразователь понижающий ADJ 3А 350кГц [TSOT-23-6.] (=TPS54308DDCT)
📊 Progress: 249/2000 (12.4%) | Speed: 4.0 products/min | ETA: 436 min | Failed: 1 | Blocked: 1
🔄 Proxy rotations: 14 | Healthy proxies: 20000/20000
[32mINFO[39m [33m PlaywrightCrawler:[39m Parsing: https://www.chipdip.ru/product/tps5430ddar-dc-dc-preobrazovatel-texas-instruments-9000100996
[32mINFO[39m [33m PlaywrightCrawler:[39m Using proxy: p.webshare.io:80
[32mINFO[39m [33m PlaywrightCrawler:[39m ✅ Parsed: TPS5430DDAR, DC-DC преобразователь, Step-Down, Uвх=5.5…36В, Uвых=1.221...32.04В, 3А, 500кГц [SOIC-8.]
📊 Progress: 250/2000 (12.5%) | Speed: 4.0 products/min | ETA: 435 min | Failed: 1 | Blocked: 1
🔄 Proxy rotations: 14 | Healthy proxies: 20000/20000
[32mINFO[39m [33m PlaywrightCrawler:[39m Parsing: https://www.chipdip.ru/product/tps54328ddar-dc-dc-preobrazovatel-texas-instruments-9000348678
[32mINFO[39m [33m PlaywrightCrawler:[39m Using proxy: p.webshare.io:80
[32mINFO[39m [33m PlaywrightCrawler:Statistics:[39m PlaywrightCrawler request statistics:[90m {"requestAvgFailedDurationMillis":null,"requestAvgFinishedDurationMillis":12259,"requestsFinishedPerMinute":5,"requestsFailedPerMinute":0,"requestTotalDurationMillis":122589,"requestsTotal":10,"crawlerRuntimeMillis":120139,"retryHistogram":[10]}[39m
[32mINFO[39m [33m PlaywrightCrawler:AutoscaledPool:[39m state[90m {"currentConcurrency":1,"desiredConcurrency":1,"systemStatus":{"isSystemIdle":false,"memInfo":{"isOverloaded":true,"limitRatio":0.2,"actualRatio":0.857},"eventLoopInfo":{"isOverloaded":false,"limitRatio":0.6,"actualRatio":0},"cpuInfo":{"isOverloaded":false,"limitRatio":0.4,"actualRatio":0},"clientInfo":{"isOverloaded":false,"limitRatio":0.3,"actualRatio":0}}}[39m
[32mINFO[39m [33m PlaywrightCrawler:[39m ✅ Parsed: TPS54328DDAR, DC-DC преобразователь Step-Down с Eco-Mode, Uвых=0.76…7В, Iвых= 3А, 700кГц [SO-8 PowerPad.]
📊 Progress: 251/2000 (12.6%) | Speed: 4.0 products/min | ETA: 435 min | Failed: 1 | Blocked: 1
🔄 Proxy rotations: 14 | Healthy proxies: 20000/20000
[32mINFO[39m [33m PlaywrightCrawler:[39m Parsing: https://www.chipdip.ru/product/tps54331ddar-dc-dc-preobrazovatel-texas-instruments-9001599979
[32mINFO[39m [33m PlaywrightCrawler:[39m Using proxy: p.webshare.io:80
[32mINFO[39m [33m PlaywrightCrawler:[39m ✅ Parsed: TPS54331DDAR, DC-DC преобразователь понижающий ADJ 3А 570кГц [SO-8 PowerPad]
📊 Progress: 252/2000 (12.6%) | Speed: 4.0 products/min | ETA: 435 min | Failed: 1 | Blocked: 1
🔄 Proxy rotations: 14 | Healthy proxies: 20000/20000
[32mINFO[39m [33m PlaywrightCrawler:[39m Parsing: https://www.chipdip.ru/product/tps54331dr-dc-dc-preobrazovatel-buck-adj-texas-instruments-9000058895
[32mINFO[39m [33m PlaywrightCrawler:[39m Using proxy: p.webshare.io:80
[32mINFO[39m [33m PlaywrightCrawler:[39m ✅ Parsed: TPS54331DR, DC/DC преобразователь, Buck, ADJ, 3А [SOIC-8]
📊 Progress: 253/2000 (12.7%) | Speed: 4.0 products/min | ETA: 434 min | Failed: 1 | Blocked: 1
🔄 Proxy rotations: 14 | Healthy proxies: 20000/20000
[32mINFO[39m [33m PlaywrightCrawler:[39m Parsing: https://www.chipdip.ru/product/tps54332ddar-dc-dc-preobrazovatel-adj-texas-instruments-9000149960
[32mINFO[39m [33m PlaywrightCrawler:[39m Using proxy: p.webshare.io:80
[32mINFO[39m [33m PlaywrightCrawler:[39m ✅ Parsed: TPS54332DDAR, DC-DC преобразователь ADJ 3.5А STP-DN [SO-8 EP]
📊 Progress: 254/2000 (12.7%) | Speed: 4.0 products/min | ETA: 434 min | Failed: 1 | Blocked: 1
🔄 Proxy rotations: 14 | Healthy proxies: 20000/20000
[32mINFO[39m [33m PlaywrightCrawler:[39m Parsing: https://www.chipdip.ru/product/tps54334ddar-dc-dc-preobrazovatel-texas-instruments-9000369575
[32mINFO[39m [33m PlaywrightCrawler:[39m Using proxy: p.webshare.io:80
[32mINFO[39m [33m PlaywrightCrawler:[39m ✅ Parsed: TPS54334DDAR, DC-DC преобразователь, понижающий, +0.8…24В, 3A [SO PowerPAD-8]
📊 Progress: 255/2000 (12.8%) | Speed: 4.0 products/min | ETA: 433 min | Failed: 1 | Blocked: 1
🔄 Proxy rotations: 14 | Healthy proxies: 20000/20000
[32mINFO[39m [33m PlaywrightCrawler:[39m Parsing: https://www.chipdip.ru/product/tps54335addar-dc-dc-preobrazovatel-buck-texas-instruments-9000362250
[32mINFO[39m [33m PlaywrightCrawler:[39m Using proxy: p.webshare.io:80
[32mINFO[39m [33m PlaywrightCrawler:Statistics:[39m PlaywrightCrawler request statistics:[90m {"requestAvgFailedDurationMillis":null,"requestAvgFinishedDurationMillis":12462,"requestsFinishedPerMinute":5,"requestsFailedPerMinute":0,"requestTotalDurationMillis":186937,"requestsTotal":15,"crawlerRuntimeMillis":180140,"retryHistogram":[15]}[39m
[32mINFO[39m [33m PlaywrightCrawler:AutoscaledPool:[39m state[90m {"currentConcurrency":1,"desiredConcurrency":1,"systemStatus":{"isSystemIdle":false,"memInfo":{"isOverloaded":true,"limitRatio":0.2,"actualRatio":0.572},"eventLoopInfo":{"isOverloaded":false,"limitRatio":0.6,"actualRatio":0},"cpuInfo":{"isOverloaded":false,"limitRatio":0.4,"actualRatio":0},"clientInfo":{"isOverloaded":false,"limitRatio":0.3,"actualRatio":0}}}[39m
[32mINFO[39m [33m PlaywrightCrawler:[39m ✅ Parsed: TPS54335ADDAR, DC/DC преобразователь, Buck, ADJ, 3А [SO-8 PowerPad.]
📊 Progress: 256/2000 (12.8%) | Speed: 4.0 products/min | ETA: 432 min | Failed: 1 | Blocked: 1
🔄 Proxy rotations: 14 | Healthy proxies: 20000/20000
[32mINFO[39m [33m PlaywrightCrawler:[39m Parsing: https://www.chipdip.ru/product/tps54336addar-dc-dc-preobrazovatel-texas-instruments-9001599980
[32mINFO[39m [33m PlaywrightCrawler:[39m Using proxy: p.webshare.io:80
[32mINFO[39m [33m PlaywrightCrawler:[39m ✅ Parsed: TPS54336ADDAR, DC-DC преобразователь понижающий ADJ 3А 340кГц [SO-8 PowerPad.]
📊 Progress: 257/2000 (12.8%) | Speed: 4.0 products/min | ETA: 432 min | Failed: 1 | Blocked: 1
🔄 Proxy rotations: 14 | Healthy proxies: 20000/20000
[32mINFO[39m [33m PlaywrightCrawler:[39m Parsing: https://www.chipdip.ru/product/tps54339ddar-dc-dc-preobrazovatel-buck-texas-instruments-9000319454
[32mINFO[39m [33m PlaywrightCrawler:[39m Using proxy: p.webshare.io:80
[32mINFO[39m [33m PlaywrightCrawler:[39m Parsing: https://www.chipdip.ru/product/tps54360bddar-dc-dc-preobrazovatel-texas-instruments-9001599981
[32mINFO[39m [33m PlaywrightCrawler:[39m Using proxy: p.webshare.io:80
[32mINFO[39m [33m PlaywrightCrawler:[39m ✅ Parsed: TPS54339DDAR, DC/DC преобразователь, Buck, ADJ, 3А [SO-8 PowerPad]
📊 Progress: 258/2000 (12.9%) | Speed: 4.0 products/min | ETA: 431 min | Failed: 1 | Blocked: 1
🔄 Proxy rotations: 14 | Healthy proxies: 20000/20000
[32mINFO[39m [33m PlaywrightCrawler:[39m ✅ Parsed: TPS54360BDDAR, DC-DC преобразователь понижающий ADJ 3.5А 100кГц-2.5МГц Eco-Mode [SO-8 PowerPad.]
📊 Progress: 259/2000 (13.0%) | Speed: 4.1 products/min | ETA: 430 min | Failed: 1 | Blocked: 1
🔄 Proxy rotations: 14 | Healthy proxies: 20000/20000
[32mINFO[39m [33m PlaywrightCrawler:[39m Parsing: https://www.chipdip.ru/product/tps54360ddar-dc-dc-preobrazovatel-adj-texas-instruments-9000178619
[32mINFO[39m [33m PlaywrightCrawler:[39m Using proxy: p.webshare.io:80
[32mINFO[39m [33m PlaywrightCrawler:[39m ✅ Parsed: TPS54360DDAR, DC-DC преобразователь ADJ 3.5А STP-DN with Eco-mode, [SO-8 EP]
📊 Progress: 260/2000 (13.0%) | Speed: 4.1 products/min | ETA: 428 min | Failed: 1 | Blocked: 1
🔄 Proxy rotations: 14 | Healthy proxies: 20000/20000
[32mINFO[39m [33m PlaywrightCrawler:[39m All requests from the queue have been processed, the crawler will shut down.
[32mINFO[39m [33m PlaywrightCrawler:[39m Final request statistics:[90m {"requestsFinished":20,"requestsFailed":0,"retryHistogram":[20],"requestAvgFailedDurationMillis":null,"requestAvgFinishedDurationMillis":12199,"requestsFinishedPerMinute":6,"requestsFailedPerMinute":0,"requestTotalDurationMillis":243979,"requestsTotal":20,"crawlerRuntimeMillis":217710}[39m
[32mINFO[39m [33m PlaywrightCrawler:[39m Finished! Total 20 requests: 20 succeeded, 0 failed.[90m {"terminal":true}[39m
✅ Batch completed. Processed: 260/2000
🔍 Testing proxy 1/50: yyinovqc-30...
✅ Proxy yyinovqc-30 is working!

🔄 Batch 14: Processing 20 products with proxy p.webshare.io:80
[32mINFO[39m [33m PlaywrightCrawler:[39m Starting the crawler.
[32mINFO[39m [33m PlaywrightCrawler:[39m Parsing: https://www.chipdip.ru/product/tps54531ddar-dc-dc-preobrazovatel-texas-instruments-9001599982
[32mINFO[39m [33m PlaywrightCrawler:[39m Using proxy: p.webshare.io:80
[32mINFO[39m [33m PlaywrightCrawler:[39m Parsing: https://www.chipdip.ru/product/tps5450ddar-impulsnyy-ponizhayuschiy-texas-instruments-9000379577
[32mINFO[39m [33m PlaywrightCrawler:[39m Using proxy: p.webshare.io:80
[32mINFO[39m [33m PlaywrightCrawler:[39m ✅ Parsed: TPS54531DDAR, DC-DC преобразователь понижающий ADJ 5А 570кГц [SO-8 PowerPad.]
📊 Progress: 261/2000 (13.1%) | Speed: 4.1 products/min | ETA: 429 min | Failed: 1 | Blocked: 1
🔄 Proxy rotations: 15 | Healthy proxies: 20000/20000
[32mINFO[39m [33m PlaywrightCrawler:[39m ✅ Parsed: TPS5450DDAR, Импульсный понижающий DC-DC стабилизатор, 5.5В-36В (Vin), 1.22В-31В/5А [SO-PowerPAD-8]
📊 Progress: 262/2000 (13.1%) | Speed: 4.1 products/min | ETA: 427 min | Failed: 1 | Blocked: 1
🔄 Proxy rotations: 15 | Healthy proxies: 20000/20000
[32mINFO[39m [33m PlaywrightCrawler:[39m Parsing: https://www.chipdip.ru/product/tps54560ddar-dc-dc-preobrazovatel-texas-instruments-9000424998
[32mINFO[39m [33m PlaywrightCrawler:[39m Using proxy: p.webshare.io:80
[32mINFO[39m [33m PlaywrightCrawler:[39m ✅ Parsed: TPS54560DDAR, DC-DC преобразователь, Uвх=4.5…60В, Uвых=0.8…58.8В, 5А [PPAD-8.]
📊 Progress: 263/2000 (13.2%) | Speed: 4.1 products/min | ETA: 426 min | Failed: 1 | Blocked: 1
🔄 Proxy rotations: 15 | Healthy proxies: 20000/20000
[32mINFO[39m [33m PlaywrightCrawler:[39m Parsing: https://www.chipdip.ru/product/tps54561dprr-dc-dc-preobrazovatel-buck-texas-instruments-9000874205
[32mINFO[39m [33m PlaywrightCrawler:[39m Using proxy: p.webshare.io:80
[32mINFO[39m [33m PlaywrightCrawler:[39m ✅ Parsed: TPS54561DPRR, DC-DC преобразователь, Buck, Uвх=4.5…60В, Uвых=0.8…59В, 5А, 0.1…2.5МГц [WSON-10_4x4.]
📊 Progress: 264/2000 (13.2%) | Speed: 4.1 products/min | ETA: 425 min | Failed: 1 | Blocked: 1
🔄 Proxy rotations: 15 | Healthy proxies: 20000/20000
[32mINFO[39m [33m PlaywrightCrawler:[39m Parsing: https://www.chipdip.ru/product/tps54620rhlr-dc-dc-preobrazovatel-buck-texas-instruments-9000775806
[32mINFO[39m [33m PlaywrightCrawler:[39m Using proxy: p.webshare.io:80
[32mINFO[39m [33m PlaywrightCrawler:[39m ✅ Parsed: TPS54620RHLR, DC-DC преобразователь, Buck, Uвх=4.5…17В, Uвых=0.8…15В, 6А, 0.2…1.6МГц [VQFN-14_3.5x3.5.]
📊 Progress: 265/2000 (13.3%) | Speed: 4.1 products/min | ETA: 425 min | Failed: 1 | Blocked: 1
🔄 Proxy rotations: 15 | Healthy proxies: 20000/20000
[32mINFO[39m [33m PlaywrightCrawler:[39m Parsing: https://www.chipdip.ru/product/tps55340pwpr-dc-dc-preobrazovatel-boost-texas-instruments-9000441854
[32mINFO[39m [33m PlaywrightCrawler:[39m Using proxy: p.webshare.io:80
[32mINFO[39m [33m PlaywrightCrawler:[39m ✅ Parsed: TPS55340PWPR, DC-DC преобразователь, Boost, Uвх=2.9…32В, Uвых=2.9…38В, 5.25А, 0.091…1.14МГц [HTSSOP-14.]
📊 Progress: 266/2000 (13.3%) | Speed: 4.1 products/min | ETA: 424 min | Failed: 1 | Blocked: 1
🔄 Proxy rotations: 15 | Healthy proxies: 20000/20000
[32mINFO[39m [33m PlaywrightCrawler:Statistics:[39m PlaywrightCrawler request statistics:[90m {"requestAvgFailedDurationMillis":null,"requestAvgFinishedDurationMillis":12598,"requestsFinishedPerMinute":6,"requestsFailedPerMinute":0,"requestTotalDurationMillis":75590,"requestsTotal":6,"crawlerRuntimeMillis":60139,"retryHistogram":[6]}[39m
[32mINFO[39m [33m PlaywrightCrawler:AutoscaledPool:[39m state[90m {"currentConcurrency":1,"desiredConcurrency":1,"systemStatus":{"isSystemIdle":false,"memInfo":{"isOverloaded":true,"limitRatio":0.2,"actualRatio":0.655},"eventLoopInfo":{"isOverloaded":false,"limitRatio":0.6,"actualRatio":0},"cpuInfo":{"isOverloaded":false,"limitRatio":0.4,"actualRatio":0},"clientInfo":{"isOverloaded":false,"limitRatio":0.3,"actualRatio":0}}}[39m
[32mINFO[39m [33m PlaywrightCrawler:[39m Parsing: https://www.chipdip.ru/product/tps560200dbvr-sinhronnyy-ponizhayuschiy-texas-instruments-9000200421
[32mINFO[39m [33m PlaywrightCrawler:[39m Using proxy: p.webshare.io:80
[32mINFO[39m [33m PlaywrightCrawler:[39m ✅ Parsed: TPS560200DBVR, Синхронный понижающий DC-DC преобразователь 0.8...6.5В 0.5А 0.6МГц Eco-Mode [SOT-23-5.]
📊 Progress: 267/2000 (13.4%) | Speed: 4.1 products/min | ETA: 423 min | Failed: 1 | Blocked: 1
🔄 Proxy rotations: 15 | Healthy proxies: 20000/20000
[32mINFO[39m [33m PlaywrightCrawler:[39m Parsing: https://www.chipdip.ru/product/tps560430xdbvr-dc-dc-preobrazovatel-buck-texas-instruments-9000695895
[32mINFO[39m [33m PlaywrightCrawler:[39m Using proxy: p.webshare.io:80
[31mERROR[39m[33m PlaywrightCrawler:[39m Error parsing product: Error: page.content: Target page, context or browser has been closed
[33mWARN[39m [33m PlaywrightCrawler:[39m Reclaiming failed request back to the list or queue. browserController.newPage() failed: TB3SORXFouQuGrnY88P3y
Cause:browserContext.newPage: Target page, context or browser has been closed.
[90m {"id":"oZn8mtkjkIOQNoC","url":"https://www.chipdip.ru/product/tps562200ddcr-dc-dc-preobrazovatel-adj-2a-texas-instruments-9000272374","retryCount":1}[39m
