🚀 Starting Fast Stealth Parser with Proxy Support...
📦 Categories: dc-dc-preobrazovateli-2010
⚙️  Settings: 10 browsers, 120 req/min, 3-4 sec delays, batch 200 → pause 5 min

📦 Loading proxies from .env.proxies...
✅ Loaded 20000 proxies
⏭️  Skipping first 100 proxies (slow/problematic)...
✅ Proxy manager initialized with 19900 proxies (skipped first 100)

📂 Found 1 categories to parse


[1/1] Processing: DC-DC Преобразователи
🔄 Using proxy: p.webshare.io:80 (yyinovqc-101)
[32mINFO[39m [33m PlaywrightCrawler:[39m Starting the crawler.
[32mINFO[39m [33m PlaywrightCrawler:[39m Fetching catalog: https://www.chipdip.ru/catalog/dc-dc-preobrazovateli-2010
[32mINFO[39m [33m PlaywrightCrawler:[39m Found 20 products on this page
[32mINFO[39m [33m PlaywrightCrawler:[39m Pager element exists
[32mINFO[39m [33m PlaywrightCrawler:[39m Found next page: https://www.chipdip.ru/catalog/dc-dc-preobrazovateli-2010?page=2
[32mINFO[39m [33m PlaywrightCrawler:[39m Fetching catalog: https://www.chipdip.ru/catalog/dc-dc-preobrazovateli-2010?page=2
[32mINFO[39m [33m PlaywrightCrawler:[39m Found 20 products on this page
[32mINFO[39m [33m PlaywrightCrawler:[39m Pager element exists
[32mINFO[39m [33m PlaywrightCrawler:[39m Found next page: https://www.chipdip.ru/catalog/dc-dc-preobrazovateli-2010?page=3
[32mINFO[39m [33m PlaywrightCrawler:[39m Fetching catalog: https://www.chipdip.ru/catalog/dc-dc-preobrazovateli-2010?page=3
[32mINFO[39m [33m PlaywrightCrawler:[39m Found 20 products on this page
[32mINFO[39m [33m PlaywrightCrawler:[39m Pager element exists
[32mINFO[39m [33m PlaywrightCrawler:[39m Found next page: https://www.chipdip.ru/catalog/dc-dc-preobrazovateli-2010?page=4
[32mINFO[39m [33m PlaywrightCrawler:[39m Fetching catalog: https://www.chipdip.ru/catalog/dc-dc-preobrazovateli-2010?page=4
[32mINFO[39m [33m PlaywrightCrawler:[39m Found 20 products on this page
[32mINFO[39m [33m PlaywrightCrawler:[39m Pager element exists
[32mINFO[39m [33m PlaywrightCrawler:[39m Found next page: https://www.chipdip.ru/catalog/dc-dc-preobrazovateli-2010?page=5
[32mINFO[39m [33m PlaywrightCrawler:[39m Fetching catalog: https://www.chipdip.ru/catalog/dc-dc-preobrazovateli-2010?page=5
[32mINFO[39m [33m PlaywrightCrawler:Statistics:[39m PlaywrightCrawler request statistics:[90m {"requestAvgFailedDurationMillis":null,"requestAvgFinishedDurationMillis":13225,"requestsFinishedPerMinute":4,"requestsFailedPerMinute":0,"requestTotalDurationMillis":52899,"requestsTotal":4,"crawlerRuntimeMillis":60084,"retryHistogram":[4]}[39m
[32mINFO[39m [33m PlaywrightCrawler:AutoscaledPool:[39m state[90m {"currentConcurrency":1,"desiredConcurrency":1,"systemStatus":{"isSystemIdle":true,"memInfo":{"isOverloaded":false,"limitRatio":0.2,"actualRatio":0},"eventLoopInfo":{"isOverloaded":false,"limitRatio":0.6,"actualRatio":0},"cpuInfo":{"isOverloaded":false,"limitRatio":0.4,"actualRatio":0},"clientInfo":{"isOverloaded":false,"limitRatio":0.3,"actualRatio":0}}}[39m
[32mINFO[39m [33m PlaywrightCrawler:[39m Found 20 products on this page
[32mINFO[39m [33m PlaywrightCrawler:[39m Pager element exists
[32mINFO[39m [33m PlaywrightCrawler:[39m Found next page: https://www.chipdip.ru/catalog/dc-dc-preobrazovateli-2010?page=6
[32mINFO[39m [33m PlaywrightCrawler:[39m Fetching catalog: https://www.chipdip.ru/catalog/dc-dc-preobrazovateli-2010?page=6
[32mINFO[39m [33m PlaywrightCrawler:[39m Found 20 products on this page
[32mINFO[39m [33m PlaywrightCrawler:[39m Pager element exists
[32mINFO[39m [33m PlaywrightCrawler:[39m Found next page: https://www.chipdip.ru/catalog/dc-dc-preobrazovateli-2010?page=7
[32mINFO[39m [33m PlaywrightCrawler:[39m Fetching catalog: https://www.chipdip.ru/catalog/dc-dc-preobrazovateli-2010?page=7
[32mINFO[39m [33m PlaywrightCrawler:[39m Found 20 products on this page
[32mINFO[39m [33m PlaywrightCrawler:[39m Pager element exists
[32mINFO[39m [33m PlaywrightCrawler:[39m Found next page: https://www.chipdip.ru/catalog/dc-dc-preobrazovateli-2010?page=8
[32mINFO[39m [33m PlaywrightCrawler:[39m Fetching catalog: https://www.chipdip.ru/catalog/dc-dc-preobrazovateli-2010?page=8
[32mINFO[39m [33m PlaywrightCrawler:[39m Found 20 products on this page
[32mINFO[39m [33m PlaywrightCrawler:[39m Pager element exists
[32mINFO[39m [33m PlaywrightCrawler:[39m Found next page: https://www.chipdip.ru/catalog/dc-dc-preobrazovateli-2010?page=9
[32mINFO[39m [33m PlaywrightCrawler:[39m Fetching catalog: https://www.chipdip.ru/catalog/dc-dc-preobrazovateli-2010?page=9
[32mINFO[39m [33m PlaywrightCrawler:[39m Found 20 products on this page
[32mINFO[39m [33m PlaywrightCrawler:[39m Pager element exists
[32mINFO[39m [33m PlaywrightCrawler:[39m Found next page: https://www.chipdip.ru/catalog/dc-dc-preobrazovateli-2010?page=10
[32mINFO[39m [33m PlaywrightCrawler:[39m Fetching catalog: https://www.chipdip.ru/catalog/dc-dc-preobrazovateli-2010?page=10
[32mINFO[39m [33m PlaywrightCrawler:Statistics:[39m PlaywrightCrawler request statistics:[90m {"requestAvgFailedDurationMillis":null,"requestAvgFinishedDurationMillis":12048,"requestsFinishedPerMinute":4,"requestsFailedPerMinute":0,"requestTotalDurationMillis":108433,"requestsTotal":9,"crawlerRuntimeMillis":120089,"retryHistogram":[9]}[39m
[32mINFO[39m [33m PlaywrightCrawler:AutoscaledPool:[39m state[90m {"currentConcurrency":1,"desiredConcurrency":1,"systemStatus":{"isSystemIdle":true,"memInfo":{"isOverloaded":false,"limitRatio":0.2,"actualRatio":0},"eventLoopInfo":{"isOverloaded":false,"limitRatio":0.6,"actualRatio":0},"cpuInfo":{"isOverloaded":false,"limitRatio":0.4,"actualRatio":0},"clientInfo":{"isOverloaded":false,"limitRatio":0.3,"actualRatio":0}}}[39m
[32mINFO[39m [33m PlaywrightCrawler:[39m Found 20 products on this page
[32mINFO[39m [33m PlaywrightCrawler:[39m Pager element exists
[32mINFO[39m [33m PlaywrightCrawler:[39m Found next page: https://www.chipdip.ru/catalog/dc-dc-preobrazovateli-2010?page=11
[32mINFO[39m [33m PlaywrightCrawler:[39m Fetching catalog: https://www.chipdip.ru/catalog/dc-dc-preobrazovateli-2010?page=11
[32mINFO[39m [33m PlaywrightCrawler:[39m Found 20 products on this page
[32mINFO[39m [33m PlaywrightCrawler:[39m Pager element exists
[32mINFO[39m [33m PlaywrightCrawler:[39m Found next page: https://www.chipdip.ru/catalog/dc-dc-preobrazovateli-2010?page=12
[32mINFO[39m [33m PlaywrightCrawler:[39m Fetching catalog: https://www.chipdip.ru/catalog/dc-dc-preobrazovateli-2010?page=12
[32mINFO[39m [33m PlaywrightCrawler:[39m Found 20 products on this page
[32mINFO[39m [33m PlaywrightCrawler:[39m Pager element exists
[32mINFO[39m [33m PlaywrightCrawler:[39m Found next page: https://www.chipdip.ru/catalog/dc-dc-preobrazovateli-2010?page=13
[32mINFO[39m [33m PlaywrightCrawler:[39m Fetching catalog: https://www.chipdip.ru/catalog/dc-dc-preobrazovateli-2010?page=13
[32mINFO[39m [33m PlaywrightCrawler:[39m Found 20 products on this page
[32mINFO[39m [33m PlaywrightCrawler:[39m Pager element exists
[32mINFO[39m [33m PlaywrightCrawler:[39m Found next page: https://www.chipdip.ru/catalog/dc-dc-preobrazovateli-2010?page=14
[32mINFO[39m [33m PlaywrightCrawler:[39m Fetching catalog: https://www.chipdip.ru/catalog/dc-dc-preobrazovateli-2010?page=14
[32mINFO[39m [33m PlaywrightCrawler:[39m Found 20 products on this page
[32mINFO[39m [33m PlaywrightCrawler:[39m Pager element exists
[32mINFO[39m [33m PlaywrightCrawler:[39m Found next page: https://www.chipdip.ru/catalog/dc-dc-preobrazovateli-2010?page=15
[32mINFO[39m [33m PlaywrightCrawler:[39m Fetching catalog: https://www.chipdip.ru/catalog/dc-dc-preobrazovateli-2010?page=15
[32mINFO[39m [33m PlaywrightCrawler:[39m Found 20 products on this page
[32mINFO[39m [33m PlaywrightCrawler:[39m Pager element exists
[32mINFO[39m [33m PlaywrightCrawler:[39m Found next page: https://www.chipdip.ru/catalog/dc-dc-preobrazovateli-2010?page=16
[32mINFO[39m [33m PlaywrightCrawler:[39m Fetching catalog: https://www.chipdip.ru/catalog/dc-dc-preobrazovateli-2010?page=16
[32mINFO[39m [33m PlaywrightCrawler:Statistics:[39m PlaywrightCrawler request statistics:[90m {"requestAvgFailedDurationMillis":null,"requestAvgFinishedDurationMillis":11675,"requestsFinishedPerMinute":5,"requestsFailedPerMinute":0,"requestTotalDurationMillis":175119,"requestsTotal":15,"crawlerRuntimeMillis":180092,"retryHistogram":[15]}[39m
[32mINFO[39m [33m PlaywrightCrawler:AutoscaledPool:[39m state[90m {"currentConcurrency":1,"desiredConcurrency":1,"systemStatus":{"isSystemIdle":true,"memInfo":{"isOverloaded":false,"limitRatio":0.2,"actualRatio":0},"eventLoopInfo":{"isOverloaded":false,"limitRatio":0.6,"actualRatio":0},"cpuInfo":{"isOverloaded":false,"limitRatio":0.4,"actualRatio":0},"clientInfo":{"isOverloaded":false,"limitRatio":0.3,"actualRatio":0}}}[39m
[32mINFO[39m [33m PlaywrightCrawler:[39m Found 20 products on this page
[32mINFO[39m [33m PlaywrightCrawler:[39m Pager element exists
[32mINFO[39m [33m PlaywrightCrawler:[39m Found next page: https://www.chipdip.ru/catalog/dc-dc-preobrazovateli-2010?page=17
[32mINFO[39m [33m PlaywrightCrawler:[39m Fetching catalog: https://www.chipdip.ru/catalog/dc-dc-preobrazovateli-2010?page=17
[32mINFO[39m [33m PlaywrightCrawler:[39m Found 20 products on this page
[32mINFO[39m [33m PlaywrightCrawler:[39m Pager element exists
[32mINFO[39m [33m PlaywrightCrawler:[39m Found next page: https://www.chipdip.ru/catalog/dc-dc-preobrazovateli-2010?page=18
[32mINFO[39m [33m PlaywrightCrawler:[39m Fetching catalog: https://www.chipdip.ru/catalog/dc-dc-preobrazovateli-2010?page=18
[32mINFO[39m [33m PlaywrightCrawler:[39m Found 20 products on this page
[32mINFO[39m [33m PlaywrightCrawler:[39m Pager element exists
[32mINFO[39m [33m PlaywrightCrawler:[39m Found next page: https://www.chipdip.ru/catalog/dc-dc-preobrazovateli-2010?page=19
[32mINFO[39m [33m PlaywrightCrawler:[39m Fetching catalog: https://www.chipdip.ru/catalog/dc-dc-preobrazovateli-2010?page=19
[32mINFO[39m [33m PlaywrightCrawler:[39m Found 20 products on this page
[32mINFO[39m [33m PlaywrightCrawler:[39m Pager element exists
[32mINFO[39m [33m PlaywrightCrawler:[39m Found next page: https://www.chipdip.ru/catalog/dc-dc-preobrazovateli-2010?page=20
[32mINFO[39m [33m PlaywrightCrawler:[39m Fetching catalog: https://www.chipdip.ru/catalog/dc-dc-preobrazovateli-2010?page=20
[32mINFO[39m [33m PlaywrightCrawler:[39m Found 20 products on this page
[32mINFO[39m [33m PlaywrightCrawler:[39m Pager element exists
[32mINFO[39m [33m PlaywrightCrawler:[39m Found next page: https://www.chipdip.ru/catalog/dc-dc-preobrazovateli-2010?page=21
[32mINFO[39m [33m PlaywrightCrawler:[39m Fetching catalog: https://www.chipdip.ru/catalog/dc-dc-preobrazovateli-2010?page=21
[32mINFO[39m [33m PlaywrightCrawler:[39m Found 20 products on this page
[32mINFO[39m [33m PlaywrightCrawler:[39m Pager element exists
[32mINFO[39m [33m PlaywrightCrawler:[39m Found next page: https://www.chipdip.ru/catalog/dc-dc-preobrazovateli-2010?page=22
[32mINFO[39m [33m PlaywrightCrawler:[39m Fetching catalog: https://www.chipdip.ru/catalog/dc-dc-preobrazovateli-2010?page=22
[32mINFO[39m [33m PlaywrightCrawler:Statistics:[39m PlaywrightCrawler request statistics:[90m {"requestAvgFailedDurationMillis":null,"requestAvgFinishedDurationMillis":11235,"requestsFinishedPerMinute":5,"requestsFailedPerMinute":0,"requestTotalDurationMillis":235930,"requestsTotal":21,"crawlerRuntimeMillis":240097,"retryHistogram":[21]}[39m
[32mINFO[39m [33m PlaywrightCrawler:AutoscaledPool:[39m state[90m {"currentConcurrency":1,"desiredConcurrency":1,"systemStatus":{"isSystemIdle":true,"memInfo":{"isOverloaded":false,"limitRatio":0.2,"actualRatio":0},"eventLoopInfo":{"isOverloaded":false,"limitRatio":0.6,"actualRatio":0},"cpuInfo":{"isOverloaded":false,"limitRatio":0.4,"actualRatio":0},"clientInfo":{"isOverloaded":false,"limitRatio":0.3,"actualRatio":0}}}[39m
[32mINFO[39m [33m PlaywrightCrawler:[39m Found 20 products on this page
[32mINFO[39m [33m PlaywrightCrawler:[39m Pager element exists
[32mINFO[39m [33m PlaywrightCrawler:[39m Found next page: https://www.chipdip.ru/catalog/dc-dc-preobrazovateli-2010?page=23
[32mINFO[39m [33m PlaywrightCrawler:[39m Fetching catalog: https://www.chipdip.ru/catalog/dc-dc-preobrazovateli-2010?page=23
[32mINFO[39m [33m PlaywrightCrawler:[39m Found 20 products on this page
[32mINFO[39m [33m PlaywrightCrawler:[39m Pager element exists
[32mINFO[39m [33m PlaywrightCrawler:[39m Found next page: https://www.chipdip.ru/catalog/dc-dc-preobrazovateli-2010?page=24
[32mINFO[39m [33m PlaywrightCrawler:[39m Fetching catalog: https://www.chipdip.ru/catalog/dc-dc-preobrazovateli-2010?page=24
[32mINFO[39m [33m PlaywrightCrawler:[39m Found 20 products on this page
[32mINFO[39m [33m PlaywrightCrawler:[39m Pager element exists
[32mINFO[39m [33m PlaywrightCrawler:[39m Found next page: https://www.chipdip.ru/catalog/dc-dc-preobrazovateli-2010?page=25
[32mINFO[39m [33m PlaywrightCrawler:[39m Fetching catalog: https://www.chipdip.ru/catalog/dc-dc-preobrazovateli-2010?page=25
[32mINFO[39m [33m PlaywrightCrawler:[39m Found 20 products on this page
[32mINFO[39m [33m PlaywrightCrawler:[39m Pager element exists
[32mINFO[39m [33m PlaywrightCrawler:[39m Found next page: https://www.chipdip.ru/catalog/dc-dc-preobrazovateli-2010?page=26
[32mINFO[39m [33m PlaywrightCrawler:[39m Fetching catalog: https://www.chipdip.ru/catalog/dc-dc-preobrazovateli-2010?page=26
[32mINFO[39m [33m PlaywrightCrawler:[39m Found 20 products on this page
[32mINFO[39m [33m PlaywrightCrawler:[39m Pager element exists
[32mINFO[39m [33m PlaywrightCrawler:[39m Found next page: https://www.chipdip.ru/catalog/dc-dc-preobrazovateli-2010?page=27
[32mINFO[39m [33m PlaywrightCrawler:[39m Fetching catalog: https://www.chipdip.ru/catalog/dc-dc-preobrazovateli-2010?page=27
[32mINFO[39m [33m PlaywrightCrawler:[39m Found 20 products on this page
[32mINFO[39m [33m PlaywrightCrawler:[39m Pager element exists
[32mINFO[39m [33m PlaywrightCrawler:[39m Found next page: https://www.chipdip.ru/catalog/dc-dc-preobrazovateli-2010?page=28
[32mINFO[39m [33m PlaywrightCrawler:[39m Fetching catalog: https://www.chipdip.ru/catalog/dc-dc-preobrazovateli-2010?page=28
[32mINFO[39m [33m PlaywrightCrawler:Statistics:[39m PlaywrightCrawler request statistics:[90m {"requestAvgFailedDurationMillis":null,"requestAvgFinishedDurationMillis":10907,"requestsFinishedPerMinute":5,"requestsFailedPerMinute":0,"requestTotalDurationMillis":294496,"requestsTotal":27,"crawlerRuntimeMillis":300103,"retryHistogram":[27]}[39m
[32mINFO[39m [33m PlaywrightCrawler:AutoscaledPool:[39m state[90m {"currentConcurrency":1,"desiredConcurrency":1,"systemStatus":{"isSystemIdle":true,"memInfo":{"isOverloaded":false,"limitRatio":0.2,"actualRatio":0},"eventLoopInfo":{"isOverloaded":false,"limitRatio":0.6,"actualRatio":0},"cpuInfo":{"isOverloaded":false,"limitRatio":0.4,"actualRatio":0},"clientInfo":{"isOverloaded":false,"limitRatio":0.3,"actualRatio":0}}}[39m
[32mINFO[39m [33m PlaywrightCrawler:[39m Found 20 products on this page
[32mINFO[39m [33m PlaywrightCrawler:[39m Pager element exists
[32mINFO[39m [33m PlaywrightCrawler:[39m Found next page: https://www.chipdip.ru/catalog/dc-dc-preobrazovateli-2010?page=29
[32mINFO[39m [33m PlaywrightCrawler:[39m Fetching catalog: https://www.chipdip.ru/catalog/dc-dc-preobrazovateli-2010?page=29
[32mINFO[39m [33m PlaywrightCrawler:[39m Found 20 products on this page
[32mINFO[39m [33m PlaywrightCrawler:[39m Pager element exists
[32mINFO[39m [33m PlaywrightCrawler:[39m Found next page: https://www.chipdip.ru/catalog/dc-dc-preobrazovateli-2010?page=30
[32mINFO[39m [33m PlaywrightCrawler:[39m Fetching catalog: https://www.chipdip.ru/catalog/dc-dc-preobrazovateli-2010?page=30
[32mINFO[39m [33m PlaywrightCrawler:[39m Found 20 products on this page
[32mINFO[39m [33m PlaywrightCrawler:[39m Pager element exists
[32mINFO[39m [33m PlaywrightCrawler:[39m Found next page: https://www.chipdip.ru/catalog/dc-dc-preobrazovateli-2010?page=31
[32mINFO[39m [33m PlaywrightCrawler:[39m Fetching catalog: https://www.chipdip.ru/catalog/dc-dc-preobrazovateli-2010?page=31
[32mINFO[39m [33m PlaywrightCrawler:[39m Found 20 products on this page
[32mINFO[39m [33m PlaywrightCrawler:[39m Pager element exists
[32mINFO[39m [33m PlaywrightCrawler:[39m Found next page: https://www.chipdip.ru/catalog/dc-dc-preobrazovateli-2010?page=32
[32mINFO[39m [33m PlaywrightCrawler:[39m Fetching catalog: https://www.chipdip.ru/catalog/dc-dc-preobrazovateli-2010?page=32
[32mINFO[39m [33m PlaywrightCrawler:[39m Found 20 products on this page
[32mINFO[39m [33m PlaywrightCrawler:[39m Pager element exists
[32mINFO[39m [33m PlaywrightCrawler:[39m Found next page: https://www.chipdip.ru/catalog/dc-dc-preobrazovateli-2010?page=33
[32mINFO[39m [33m PlaywrightCrawler:[39m Fetching catalog: https://www.chipdip.ru/catalog/dc-dc-preobrazovateli-2010?page=33
[32mINFO[39m [33m PlaywrightCrawler:[39m Found 20 products on this page
[32mINFO[39m [33m PlaywrightCrawler:[39m Pager element exists
[32mINFO[39m [33m PlaywrightCrawler:[39m Found next page: https://www.chipdip.ru/catalog/dc-dc-preobrazovateli-2010?page=34
[32mINFO[39m [33m PlaywrightCrawler:[39m Fetching catalog: https://www.chipdip.ru/catalog/dc-dc-preobrazovateli-2010?page=34
[32mINFO[39m [33m PlaywrightCrawler:[39m Found 20 products on this page
[32mINFO[39m [33m PlaywrightCrawler:[39m Pager element exists
[32mINFO[39m [33m PlaywrightCrawler:[39m Found next page: https://www.chipdip.ru/catalog/dc-dc-preobrazovateli-2010?page=35
[32mINFO[39m [33m PlaywrightCrawler:[39m Fetching catalog: https://www.chipdip.ru/catalog/dc-dc-preobrazovateli-2010?page=35
[32mINFO[39m [33m PlaywrightCrawler:Statistics:[39m PlaywrightCrawler request statistics:[90m {"requestAvgFailedDurationMillis":null,"requestAvgFinishedDurationMillis":10441,"requestsFinishedPerMinute":6,"requestsFailedPerMinute":0,"requestTotalDurationMillis":354986,"requestsTotal":34,"crawlerRuntimeMillis":360109,"retryHistogram":[34]}[39m
[32mINFO[39m [33m PlaywrightCrawler:AutoscaledPool:[39m state[90m {"currentConcurrency":1,"desiredConcurrency":1,"systemStatus":{"isSystemIdle":true,"memInfo":{"isOverloaded":false,"limitRatio":0.2,"actualRatio":0},"eventLoopInfo":{"isOverloaded":false,"limitRatio":0.6,"actualRatio":0},"cpuInfo":{"isOverloaded":false,"limitRatio":0.4,"actualRatio":0},"clientInfo":{"isOverloaded":false,"limitRatio":0.3,"actualRatio":0}}}[39m
[32mINFO[39m [33m PlaywrightCrawler:[39m Found 20 products on this page
[32mINFO[39m [33m PlaywrightCrawler:[39m Pager element exists
[32mINFO[39m [33m PlaywrightCrawler:[39m Found next page: https://www.chipdip.ru/catalog/dc-dc-preobrazovateli-2010?page=36
[32mINFO[39m [33m PlaywrightCrawler:[39m Fetching catalog: https://www.chipdip.ru/catalog/dc-dc-preobrazovateli-2010?page=36
[32mINFO[39m [33m PlaywrightCrawler:[39m Found 20 products on this page
[32mINFO[39m [33m PlaywrightCrawler:[39m Pager element exists
[32mINFO[39m [33m PlaywrightCrawler:[39m Found next page: https://www.chipdip.ru/catalog/dc-dc-preobrazovateli-2010?page=37
[32mINFO[39m [33m PlaywrightCrawler:[39m Fetching catalog: https://www.chipdip.ru/catalog/dc-dc-preobrazovateli-2010?page=37
[32mINFO[39m [33m PlaywrightCrawler:[39m Found 20 products on this page
[32mINFO[39m [33m PlaywrightCrawler:[39m Pager element exists
[32mINFO[39m [33m PlaywrightCrawler:[39m Found next page: https://www.chipdip.ru/catalog/dc-dc-preobrazovateli-2010?page=38
[32mINFO[39m [33m PlaywrightCrawler:[39m Fetching catalog: https://www.chipdip.ru/catalog/dc-dc-preobrazovateli-2010?page=38
[32mINFO[39m [33m PlaywrightCrawler:[39m Found 20 products on this page
[32mINFO[39m [33m PlaywrightCrawler:[39m Pager element exists
[32mINFO[39m [33m PlaywrightCrawler:[39m Found next page: https://www.chipdip.ru/catalog/dc-dc-preobrazovateli-2010?page=39
[32mINFO[39m [33m PlaywrightCrawler:[39m Fetching catalog: https://www.chipdip.ru/catalog/dc-dc-preobrazovateli-2010?page=39
[32mINFO[39m [33m PlaywrightCrawler:[39m Found 20 products on this page
[32mINFO[39m [33m PlaywrightCrawler:[39m Pager element exists
[32mINFO[39m [33m PlaywrightCrawler:[39m Found next page: https://www.chipdip.ru/catalog/dc-dc-preobrazovateli-2010?page=40
[32mINFO[39m [33m PlaywrightCrawler:[39m Fetching catalog: https://www.chipdip.ru/catalog/dc-dc-preobrazovateli-2010?page=40
[32mINFO[39m [33m PlaywrightCrawler:[39m Found 20 products on this page
[32mINFO[39m [33m PlaywrightCrawler:[39m Pager element exists
[32mINFO[39m [33m PlaywrightCrawler:[39m Found next page: https://www.chipdip.ru/catalog/dc-dc-preobrazovateli-2010?page=41
[32mINFO[39m [33m PlaywrightCrawler:[39m Fetching catalog: https://www.chipdip.ru/catalog/dc-dc-preobrazovateli-2010?page=41
[32mINFO[39m [33m PlaywrightCrawler:[39m Found 20 products on this page
[32mINFO[39m [33m PlaywrightCrawler:[39m Pager element exists
[32mINFO[39m [33m PlaywrightCrawler:[39m Found next page: https://www.chipdip.ru/catalog/dc-dc-preobrazovateli-2010?page=42
[32mINFO[39m [33m PlaywrightCrawler:[39m Fetching catalog: https://www.chipdip.ru/catalog/dc-dc-preobrazovateli-2010?page=42
[32mINFO[39m [33m PlaywrightCrawler:Statistics:[39m PlaywrightCrawler request statistics:[90m {"requestAvgFailedDurationMillis":null,"requestAvgFinishedDurationMillis":10131,"requestsFinishedPerMinute":6,"requestsFailedPerMinute":0,"requestTotalDurationMillis":415372,"requestsTotal":41,"crawlerRuntimeMillis":420114,"retryHistogram":[41]}[39m
[32mINFO[39m [33m PlaywrightCrawler:AutoscaledPool:[39m state[90m {"currentConcurrency":1,"desiredConcurrency":1,"systemStatus":{"isSystemIdle":true,"memInfo":{"isOverloaded":false,"limitRatio":0.2,"actualRatio":0},"eventLoopInfo":{"isOverloaded":false,"limitRatio":0.6,"actualRatio":0},"cpuInfo":{"isOverloaded":false,"limitRatio":0.4,"actualRatio":0},"clientInfo":{"isOverloaded":false,"limitRatio":0.3,"actualRatio":0}}}[39m
[32mINFO[39m [33m PlaywrightCrawler:[39m Found 20 products on this page
[32mINFO[39m [33m PlaywrightCrawler:[39m Pager element exists
[32mINFO[39m [33m PlaywrightCrawler:[39m Found next page: https://www.chipdip.ru/catalog/dc-dc-preobrazovateli-2010?page=43
[32mINFO[39m [33m PlaywrightCrawler:[39m Fetching catalog: https://www.chipdip.ru/catalog/dc-dc-preobrazovateli-2010?page=43
[32mINFO[39m [33m PlaywrightCrawler:[39m Found 20 products on this page
[32mINFO[39m [33m PlaywrightCrawler:[39m Pager element exists
[32mINFO[39m [33m PlaywrightCrawler:[39m Found next page: https://www.chipdip.ru/catalog/dc-dc-preobrazovateli-2010?page=44
[32mINFO[39m [33m PlaywrightCrawler:[39m Fetching catalog: https://www.chipdip.ru/catalog/dc-dc-preobrazovateli-2010?page=44
[32mINFO[39m [33m PlaywrightCrawler:[39m Found 20 products on this page
[32mINFO[39m [33m PlaywrightCrawler:[39m Pager element exists
[32mINFO[39m [33m PlaywrightCrawler:[39m Found next page: https://www.chipdip.ru/catalog/dc-dc-preobrazovateli-2010?page=45
[32mINFO[39m [33m PlaywrightCrawler:[39m Fetching catalog: https://www.chipdip.ru/catalog/dc-dc-preobrazovateli-2010?page=45
[32mINFO[39m [33m PlaywrightCrawler:[39m Found 20 products on this page
[32mINFO[39m [33m PlaywrightCrawler:[39m Pager element exists
[32mINFO[39m [33m PlaywrightCrawler:[39m Found next page: https://www.chipdip.ru/catalog/dc-dc-preobrazovateli-2010?page=46
[32mINFO[39m [33m PlaywrightCrawler:[39m Fetching catalog: https://www.chipdip.ru/catalog/dc-dc-preobrazovateli-2010?page=46
[32mINFO[39m [33m PlaywrightCrawler:[39m Found 20 products on this page
[32mINFO[39m [33m PlaywrightCrawler:[39m Pager element exists
[32mINFO[39m [33m PlaywrightCrawler:[39m Found next page: https://www.chipdip.ru/catalog/dc-dc-preobrazovateli-2010?page=47
[32mINFO[39m [33m PlaywrightCrawler:[39m Fetching catalog: https://www.chipdip.ru/catalog/dc-dc-preobrazovateli-2010?page=47
[32mINFO[39m [33m PlaywrightCrawler:[39m Found 20 products on this page
[32mINFO[39m [33m PlaywrightCrawler:[39m Pager element exists
[32mINFO[39m [33m PlaywrightCrawler:[39m Found next page: https://www.chipdip.ru/catalog/dc-dc-preobrazovateli-2010?page=48
[32mINFO[39m [33m PlaywrightCrawler:[39m Fetching catalog: https://www.chipdip.ru/catalog/dc-dc-preobrazovateli-2010?page=48
[32mINFO[39m [33m PlaywrightCrawler:[39m Found 20 products on this page
[32mINFO[39m [33m PlaywrightCrawler:[39m Pager element exists
[32mINFO[39m [33m PlaywrightCrawler:[39m Found next page: https://www.chipdip.ru/catalog/dc-dc-preobrazovateli-2010?page=49
[32mINFO[39m [33m PlaywrightCrawler:[39m Fetching catalog: https://www.chipdip.ru/catalog/dc-dc-preobrazovateli-2010?page=49
[32mINFO[39m [33m PlaywrightCrawler:Statistics:[39m PlaywrightCrawler request statistics:[90m {"requestAvgFailedDurationMillis":null,"requestAvgFinishedDurationMillis":9874,"requestsFinishedPerMinute":6,"requestsFailedPerMinute":0,"requestTotalDurationMillis":473938,"requestsTotal":48,"crawlerRuntimeMillis":480119,"retryHistogram":[48]}[39m
[32mINFO[39m [33m PlaywrightCrawler:AutoscaledPool:[39m state[90m {"currentConcurrency":1,"desiredConcurrency":1,"systemStatus":{"isSystemIdle":true,"memInfo":{"isOverloaded":false,"limitRatio":0.2,"actualRatio":0},"eventLoopInfo":{"isOverloaded":false,"limitRatio":0.6,"actualRatio":0},"cpuInfo":{"isOverloaded":false,"limitRatio":0.4,"actualRatio":0},"clientInfo":{"isOverloaded":false,"limitRatio":0.3,"actualRatio":0}}}[39m
[32mINFO[39m [33m PlaywrightCrawler:[39m Found 20 products on this page
[32mINFO[39m [33m PlaywrightCrawler:[39m Pager element exists
[32mINFO[39m [33m PlaywrightCrawler:[39m Found next page: https://www.chipdip.ru/catalog/dc-dc-preobrazovateli-2010?page=50
[32mINFO[39m [33m PlaywrightCrawler:[39m Fetching catalog: https://www.chipdip.ru/catalog/dc-dc-preobrazovateli-2010?page=50
[32mINFO[39m [33m PlaywrightCrawler:[39m Found 20 products on this page
[32mINFO[39m [33m PlaywrightCrawler:[39m Pager element exists
[32mINFO[39m [33m PlaywrightCrawler:[39m Found next page: https://www.chipdip.ru/catalog/dc-dc-preobrazovateli-2010?page=51
[32mINFO[39m [33m PlaywrightCrawler:[39m Fetching catalog: https://www.chipdip.ru/catalog/dc-dc-preobrazovateli-2010?page=51
[32mINFO[39m [33m PlaywrightCrawler:[39m Found 20 products on this page
[32mINFO[39m [33m PlaywrightCrawler:[39m Pager element exists
[32mINFO[39m [33m PlaywrightCrawler:[39m Found next page: https://www.chipdip.ru/catalog/dc-dc-preobrazovateli-2010?page=52
[32mINFO[39m [33m PlaywrightCrawler:[39m Fetching catalog: https://www.chipdip.ru/catalog/dc-dc-preobrazovateli-2010?page=52
[32mINFO[39m [33m PlaywrightCrawler:[39m Found 20 products on this page
[32mINFO[39m [33m PlaywrightCrawler:[39m Pager element exists
[32mINFO[39m [33m PlaywrightCrawler:[39m Found next page: https://www.chipdip.ru/catalog/dc-dc-preobrazovateli-2010?page=53
[32mINFO[39m [33m PlaywrightCrawler:[39m Fetching catalog: https://www.chipdip.ru/catalog/dc-dc-preobrazovateli-2010?page=53
[32mINFO[39m [33m PlaywrightCrawler:[39m Found 20 products on this page
[32mINFO[39m [33m PlaywrightCrawler:[39m Pager element exists
[32mINFO[39m [33m PlaywrightCrawler:[39m Found next page: https://www.chipdip.ru/catalog/dc-dc-preobrazovateli-2010?page=54
[32mINFO[39m [33m PlaywrightCrawler:[39m Fetching catalog: https://www.chipdip.ru/catalog/dc-dc-preobrazovateli-2010?page=54
[32mINFO[39m [33m PlaywrightCrawler:[39m Found 20 products on this page
[32mINFO[39m [33m PlaywrightCrawler:[39m Pager element exists
[32mINFO[39m [33m PlaywrightCrawler:[39m Found next page: https://www.chipdip.ru/catalog/dc-dc-preobrazovateli-2010?page=55
[32mINFO[39m [33m PlaywrightCrawler:[39m Fetching catalog: https://www.chipdip.ru/catalog/dc-dc-preobrazovateli-2010?page=55
[32mINFO[39m [33m PlaywrightCrawler:[39m Found 20 products on this page
[32mINFO[39m [33m PlaywrightCrawler:[39m Pager element exists
[32mINFO[39m [33m PlaywrightCrawler:[39m Found next page: https://www.chipdip.ru/catalog/dc-dc-preobrazovateli-2010?page=56
[32mINFO[39m [33m PlaywrightCrawler:[39m Fetching catalog: https://www.chipdip.ru/catalog/dc-dc-preobrazovateli-2010?page=56
[32mINFO[39m [33m PlaywrightCrawler:Statistics:[39m PlaywrightCrawler request statistics:[90m {"requestAvgFailedDurationMillis":null,"requestAvgFinishedDurationMillis":9767,"requestsFinishedPerMinute":6,"requestsFailedPerMinute":0,"requestTotalDurationMillis":537165,"requestsTotal":55,"crawlerRuntimeMillis":540125,"retryHistogram":[55]}[39m
[32mINFO[39m [33m PlaywrightCrawler:AutoscaledPool:[39m state[90m {"currentConcurrency":1,"desiredConcurrency":1,"systemStatus":{"isSystemIdle":true,"memInfo":{"isOverloaded":false,"limitRatio":0.2,"actualRatio":0},"eventLoopInfo":{"isOverloaded":false,"limitRatio":0.6,"actualRatio":0},"cpuInfo":{"isOverloaded":false,"limitRatio":0.4,"actualRatio":0},"clientInfo":{"isOverloaded":false,"limitRatio":0.3,"actualRatio":0}}}[39m
[32mINFO[39m [33m PlaywrightCrawler:[39m Found 20 products on this page
[32mINFO[39m [33m PlaywrightCrawler:[39m Pager element exists
[32mINFO[39m [33m PlaywrightCrawler:[39m Found next page: https://www.chipdip.ru/catalog/dc-dc-preobrazovateli-2010?page=57
[32mINFO[39m [33m PlaywrightCrawler:[39m Fetching catalog: https://www.chipdip.ru/catalog/dc-dc-preobrazovateli-2010?page=57
[32mINFO[39m [33m PlaywrightCrawler:[39m Found 20 products on this page
[32mINFO[39m [33m PlaywrightCrawler:[39m Pager element exists
[32mINFO[39m [33m PlaywrightCrawler:[39m Found next page: https://www.chipdip.ru/catalog/dc-dc-preobrazovateli-2010?page=58
[32mINFO[39m [33m PlaywrightCrawler:[39m Fetching catalog: https://www.chipdip.ru/catalog/dc-dc-preobrazovateli-2010?page=58
[32mINFO[39m [33m PlaywrightCrawler:[39m Found 20 products on this page
[32mINFO[39m [33m PlaywrightCrawler:[39m Pager element exists
[32mINFO[39m [33m PlaywrightCrawler:[39m Found next page: https://www.chipdip.ru/catalog/dc-dc-preobrazovateli-2010?page=59
[32mINFO[39m [33m PlaywrightCrawler:[39m Fetching catalog: https://www.chipdip.ru/catalog/dc-dc-preobrazovateli-2010?page=59
[32mINFO[39m [33m PlaywrightCrawler:[39m Found 20 products on this page
[32mINFO[39m [33m PlaywrightCrawler:[39m Pager element exists
[32mINFO[39m [33m PlaywrightCrawler:[39m Found next page: https://www.chipdip.ru/catalog/dc-dc-preobrazovateli-2010?page=60
[32mINFO[39m [33m PlaywrightCrawler:[39m Fetching catalog: https://www.chipdip.ru/catalog/dc-dc-preobrazovateli-2010?page=60
[32mINFO[39m [33m PlaywrightCrawler:[39m Found 20 products on this page
[32mINFO[39m [33m PlaywrightCrawler:[39m Pager element exists
[32mINFO[39m [33m PlaywrightCrawler:[39m Found next page: https://www.chipdip.ru/catalog/dc-dc-preobrazovateli-2010?page=61
[32mINFO[39m [33m PlaywrightCrawler:[39m Fetching catalog: https://www.chipdip.ru/catalog/dc-dc-preobrazovateli-2010?page=61
[32mINFO[39m [33m PlaywrightCrawler:[39m Found 20 products on this page
[32mINFO[39m [33m PlaywrightCrawler:[39m Pager element exists
[32mINFO[39m [33m PlaywrightCrawler:[39m Found next page: https://www.chipdip.ru/catalog/dc-dc-preobrazovateli-2010?page=62
[32mINFO[39m [33m PlaywrightCrawler:[39m Fetching catalog: https://www.chipdip.ru/catalog/dc-dc-preobrazovateli-2010?page=62
[32mINFO[39m [33m PlaywrightCrawler:[39m Found 20 products on this page
[32mINFO[39m [33m PlaywrightCrawler:[39m Pager element exists
[32mINFO[39m [33m PlaywrightCrawler:[39m Found next page: https://www.chipdip.ru/catalog/dc-dc-preobrazovateli-2010?page=63
[32mINFO[39m [33m PlaywrightCrawler:[39m Fetching catalog: https://www.chipdip.ru/catalog/dc-dc-preobrazovateli-2010?page=63
[32mINFO[39m [33m PlaywrightCrawler:Statistics:[39m PlaywrightCrawler request statistics:[90m {"requestAvgFailedDurationMillis":null,"requestAvgFinishedDurationMillis":9576,"requestsFinishedPerMinute":6,"requestsFailedPerMinute":0,"requestTotalDurationMillis":593706,"requestsTotal":62,"crawlerRuntimeMillis":600131,"retryHistogram":[62]}[39m
[32mINFO[39m [33m PlaywrightCrawler:AutoscaledPool:[39m state[90m {"currentConcurrency":1,"desiredConcurrency":1,"systemStatus":{"isSystemIdle":true,"memInfo":{"isOverloaded":false,"limitRatio":0.2,"actualRatio":0},"eventLoopInfo":{"isOverloaded":false,"limitRatio":0.6,"actualRatio":0},"cpuInfo":{"isOverloaded":false,"limitRatio":0.4,"actualRatio":0},"clientInfo":{"isOverloaded":false,"limitRatio":0.3,"actualRatio":0}}}[39m
[32mINFO[39m [33m PlaywrightCrawler:[39m Found 20 products on this page
[32mINFO[39m [33m PlaywrightCrawler:[39m Pager element exists
[32mINFO[39m [33m PlaywrightCrawler:[39m Found next page: https://www.chipdip.ru/catalog/dc-dc-preobrazovateli-2010?page=64
[32mINFO[39m [33m PlaywrightCrawler:[39m Fetching catalog: https://www.chipdip.ru/catalog/dc-dc-preobrazovateli-2010?page=64
[32mINFO[39m [33m PlaywrightCrawler:[39m Found 20 products on this page
[32mINFO[39m [33m PlaywrightCrawler:[39m Pager element exists
[32mINFO[39m [33m PlaywrightCrawler:[39m Found next page: https://www.chipdip.ru/catalog/dc-dc-preobrazovateli-2010?page=65
[32mINFO[39m [33m PlaywrightCrawler:[39m Fetching catalog: https://www.chipdip.ru/catalog/dc-dc-preobrazovateli-2010?page=65
[32mINFO[39m [33m PlaywrightCrawler:[39m Found 20 products on this page
[32mINFO[39m [33m PlaywrightCrawler:[39m Pager element exists
[32mINFO[39m [33m PlaywrightCrawler:[39m Found next page: https://www.chipdip.ru/catalog/dc-dc-preobrazovateli-2010?page=66
[32mINFO[39m [33m PlaywrightCrawler:[39m Fetching catalog: https://www.chipdip.ru/catalog/dc-dc-preobrazovateli-2010?page=66
[32mINFO[39m [33m PlaywrightCrawler:[39m Found 20 products on this page
[32mINFO[39m [33m PlaywrightCrawler:[39m Pager element exists
[32mINFO[39m [33m PlaywrightCrawler:[39m Found next page: https://www.chipdip.ru/catalog/dc-dc-preobrazovateli-2010?page=67
[32mINFO[39m [33m PlaywrightCrawler:[39m Fetching catalog: https://www.chipdip.ru/catalog/dc-dc-preobrazovateli-2010?page=67
[32mINFO[39m [33m PlaywrightCrawler:[39m Found 20 products on this page
[32mINFO[39m [33m PlaywrightCrawler:[39m Pager element exists
[32mINFO[39m [33m PlaywrightCrawler:[39m Found next page: https://www.chipdip.ru/catalog/dc-dc-preobrazovateli-2010?page=68
[32mINFO[39m [33m PlaywrightCrawler:[39m Fetching catalog: https://www.chipdip.ru/catalog/dc-dc-preobrazovateli-2010?page=68
[32mINFO[39m [33m PlaywrightCrawler:[39m Found 20 products on this page
[32mINFO[39m [33m PlaywrightCrawler:[39m Pager element exists
[32mINFO[39m [33m PlaywrightCrawler:[39m Found next page: https://www.chipdip.ru/catalog/dc-dc-preobrazovateli-2010?page=69
[32mINFO[39m [33m PlaywrightCrawler:[39m Fetching catalog: https://www.chipdip.ru/catalog/dc-dc-preobrazovateli-2010?page=69
[32mINFO[39m [33m PlaywrightCrawler:[39m Found 20 products on this page
[32mINFO[39m [33m PlaywrightCrawler:[39m Pager element exists
[32mINFO[39m [33m PlaywrightCrawler:[39m Found next page: https://www.chipdip.ru/catalog/dc-dc-preobrazovateli-2010?page=70
[32mINFO[39m [33m PlaywrightCrawler:[39m Fetching catalog: https://www.chipdip.ru/catalog/dc-dc-preobrazovateli-2010?page=70
[32mINFO[39m [33m PlaywrightCrawler:Statistics:[39m PlaywrightCrawler request statistics:[90m {"requestAvgFailedDurationMillis":null,"requestAvgFinishedDurationMillis":9494,"requestsFinishedPerMinute":6,"requestsFailedPerMinute":0,"requestTotalDurationMillis":655055,"requestsTotal":69,"crawlerRuntimeMillis":660137,"retryHistogram":[69]}[39m
[32mINFO[39m [33m PlaywrightCrawler:AutoscaledPool:[39m state[90m {"currentConcurrency":1,"desiredConcurrency":1,"systemStatus":{"isSystemIdle":true,"memInfo":{"isOverloaded":false,"limitRatio":0.2,"actualRatio":0},"eventLoopInfo":{"isOverloaded":false,"limitRatio":0.6,"actualRatio":0},"cpuInfo":{"isOverloaded":false,"limitRatio":0.4,"actualRatio":0},"clientInfo":{"isOverloaded":false,"limitRatio":0.3,"actualRatio":0}}}[39m
[32mINFO[39m [33m PlaywrightCrawler:[39m Found 20 products on this page
[32mINFO[39m [33m PlaywrightCrawler:[39m Pager element exists
[32mINFO[39m [33m PlaywrightCrawler:[39m Found next page: https://www.chipdip.ru/catalog/dc-dc-preobrazovateli-2010?page=71
[32mINFO[39m [33m PlaywrightCrawler:[39m Fetching catalog: https://www.chipdip.ru/catalog/dc-dc-preobrazovateli-2010?page=71
[32mINFO[39m [33m PlaywrightCrawler:[39m Found 20 products on this page
[32mINFO[39m [33m PlaywrightCrawler:[39m Pager element exists
[32mINFO[39m [33m PlaywrightCrawler:[39m Found next page: https://www.chipdip.ru/catalog/dc-dc-preobrazovateli-2010?page=72
[32mINFO[39m [33m PlaywrightCrawler:[39m Fetching catalog: https://www.chipdip.ru/catalog/dc-dc-preobrazovateli-2010?page=72
[32mINFO[39m [33m PlaywrightCrawler:[39m Found 20 products on this page
[32mINFO[39m [33m PlaywrightCrawler:[39m Pager element exists
[32mINFO[39m [33m PlaywrightCrawler:[39m Found next page: https://www.chipdip.ru/catalog/dc-dc-preobrazovateli-2010?page=73
[32mINFO[39m [33m PlaywrightCrawler:[39m Fetching catalog: https://www.chipdip.ru/catalog/dc-dc-preobrazovateli-2010?page=73
[32mINFO[39m [33m PlaywrightCrawler:[39m Found 20 products on this page
[32mINFO[39m [33m PlaywrightCrawler:[39m Pager element exists
[32mINFO[39m [33m PlaywrightCrawler:[39m Found next page: https://www.chipdip.ru/catalog/dc-dc-preobrazovateli-2010?page=74
[32mINFO[39m [33m PlaywrightCrawler:[39m Fetching catalog: https://www.chipdip.ru/catalog/dc-dc-preobrazovateli-2010?page=74
[32mINFO[39m [33m PlaywrightCrawler:[39m Found 20 products on this page
[32mINFO[39m [33m PlaywrightCrawler:[39m Pager element exists
[32mINFO[39m [33m PlaywrightCrawler:[39m Found next page: https://www.chipdip.ru/catalog/dc-dc-preobrazovateli-2010?page=75
[32mINFO[39m [33m PlaywrightCrawler:[39m Fetching catalog: https://www.chipdip.ru/catalog/dc-dc-preobrazovateli-2010?page=75
[32mINFO[39m [33m PlaywrightCrawler:[39m Found 20 products on this page
[32mINFO[39m [33m PlaywrightCrawler:[39m Pager element exists
[32mINFO[39m [33m PlaywrightCrawler:[39m Found next page: https://www.chipdip.ru/catalog/dc-dc-preobrazovateli-2010?page=76
[32mINFO[39m [33m PlaywrightCrawler:[39m Fetching catalog: https://www.chipdip.ru/catalog/dc-dc-preobrazovateli-2010?page=76
[32mINFO[39m [33m PlaywrightCrawler:[39m Found 20 products on this page
[32mINFO[39m [33m PlaywrightCrawler:[39m Pager element exists
[32mINFO[39m [33m PlaywrightCrawler:[39m Found next page: https://www.chipdip.ru/catalog/dc-dc-preobrazovateli-2010?page=77
[32mINFO[39m [33m PlaywrightCrawler:[39m Fetching catalog: https://www.chipdip.ru/catalog/dc-dc-preobrazovateli-2010?page=77
[32mINFO[39m [33m PlaywrightCrawler:Statistics:[39m PlaywrightCrawler request statistics:[90m {"requestAvgFailedDurationMillis":null,"requestAvgFinishedDurationMillis":9402,"requestsFinishedPerMinute":6,"requestsFailedPerMinute":0,"requestTotalDurationMillis":714561,"requestsTotal":76,"crawlerRuntimeMillis":720144,"retryHistogram":[76]}[39m
[32mINFO[39m [33m PlaywrightCrawler:AutoscaledPool:[39m state[90m {"currentConcurrency":1,"desiredConcurrency":1,"systemStatus":{"isSystemIdle":true,"memInfo":{"isOverloaded":false,"limitRatio":0.2,"actualRatio":0},"eventLoopInfo":{"isOverloaded":false,"limitRatio":0.6,"actualRatio":0},"cpuInfo":{"isOverloaded":false,"limitRatio":0.4,"actualRatio":0},"clientInfo":{"isOverloaded":false,"limitRatio":0.3,"actualRatio":0}}}[39m
[32mINFO[39m [33m PlaywrightCrawler:[39m Found 20 products on this page
[32mINFO[39m [33m PlaywrightCrawler:[39m Pager element exists
[32mINFO[39m [33m PlaywrightCrawler:[39m Found next page: https://www.chipdip.ru/catalog/dc-dc-preobrazovateli-2010?page=78
[32mINFO[39m [33m PlaywrightCrawler:[39m Fetching catalog: https://www.chipdip.ru/catalog/dc-dc-preobrazovateli-2010?page=78
[32mINFO[39m [33m PlaywrightCrawler:[39m Found 20 products on this page
[32mINFO[39m [33m PlaywrightCrawler:[39m Pager element exists
[32mINFO[39m [33m PlaywrightCrawler:[39m Found next page: https://www.chipdip.ru/catalog/dc-dc-preobrazovateli-2010?page=79
[32mINFO[39m [33m PlaywrightCrawler:[39m Fetching catalog: https://www.chipdip.ru/catalog/dc-dc-preobrazovateli-2010?page=79
[32mINFO[39m [33m PlaywrightCrawler:[39m Found 20 products on this page
[32mINFO[39m [33m PlaywrightCrawler:[39m Pager element exists
[32mINFO[39m [33m PlaywrightCrawler:[39m Found next page: https://www.chipdip.ru/catalog/dc-dc-preobrazovateli-2010?page=80
[32mINFO[39m [33m PlaywrightCrawler:[39m Fetching catalog: https://www.chipdip.ru/catalog/dc-dc-preobrazovateli-2010?page=80
[32mINFO[39m [33m PlaywrightCrawler:[39m Found 20 products on this page
[32mINFO[39m [33m PlaywrightCrawler:[39m Pager element exists
[32mINFO[39m [33m PlaywrightCrawler:[39m Found next page: https://www.chipdip.ru/catalog/dc-dc-preobrazovateli-2010?page=81
[32mINFO[39m [33m PlaywrightCrawler:[39m Fetching catalog: https://www.chipdip.ru/catalog/dc-dc-preobrazovateli-2010?page=81
[32mINFO[39m [33m PlaywrightCrawler:[39m Found 20 products on this page
[32mINFO[39m [33m PlaywrightCrawler:[39m Pager element exists
[32mINFO[39m [33m PlaywrightCrawler:[39m Found next page: https://www.chipdip.ru/catalog/dc-dc-preobrazovateli-2010?page=82
[32mINFO[39m [33m PlaywrightCrawler:[39m Fetching catalog: https://www.chipdip.ru/catalog/dc-dc-preobrazovateli-2010?page=82
[32mINFO[39m [33m PlaywrightCrawler:Statistics:[39m PlaywrightCrawler request statistics:[90m {"requestAvgFailedDurationMillis":null,"requestAvgFinishedDurationMillis":9371,"requestsFinishedPerMinute":3,"requestsFailedPerMinute":0,"requestTotalDurationMillis":759059,"requestsTotal":81,"crawlerRuntimeMillis":1665510,"retryHistogram":[81]}[39m
[33mWARN[39m [33m PlaywrightCrawler:[39m Reclaiming failed request back to the list or queue. requestHandler timed out after 60 seconds.[90m {"id":"ll4m3OlSY1UnyTh","url":"https://www.chipdip.ru/catalog/dc-dc-preobrazovateli-2010?page=82","retryCount":1}[39m
[32mINFO[39m [33m PlaywrightCrawler:AutoscaledPool:[39m state[90m {"currentConcurrency":1,"desiredConcurrency":1,"systemStatus":{"isSystemIdle":true,"memInfo":{"isOverloaded":false,"limitRatio":0.2,"actualRatio":0},"eventLoopInfo":{"isOverloaded":false,"limitRatio":0.6,"actualRatio":0},"cpuInfo":{"isOverloaded":false,"limitRatio":0.4,"actualRatio":0},"clientInfo":{"isOverloaded":false,"limitRatio":0.3,"actualRatio":0}}}[39m
[31mERROR[39m[33m PlaywrightCrawler:[39m Failed to fetch catalog: Error: page.evaluate: Target page, context or browser has been closed
[32mINFO[39m [33m PlaywrightCrawler:[39m Fetching catalog: https://www.chipdip.ru/catalog/dc-dc-preobrazovateli-2010?page=82
[32mINFO[39m [33m PlaywrightCrawler:[39m Found 20 products on this page
[32mINFO[39m [33m PlaywrightCrawler:[39m Pager element exists
[32mINFO[39m [33m PlaywrightCrawler:[39m Found next page: https://www.chipdip.ru/catalog/dc-dc-preobrazovateli-2010?page=83
[32mINFO[39m [33m PlaywrightCrawler:[39m Fetching catalog: https://www.chipdip.ru/catalog/dc-dc-preobrazovateli-2010?page=83
[32mINFO[39m [33m PlaywrightCrawler:[39m Found 20 products on this page
[32mINFO[39m [33m PlaywrightCrawler:[39m Pager element exists
[32mINFO[39m [33m PlaywrightCrawler:[39m Found next page: https://www.chipdip.ru/catalog/dc-dc-preobrazovateli-2010?page=84
[32mINFO[39m [33m PlaywrightCrawler:[39m Fetching catalog: https://www.chipdip.ru/catalog/dc-dc-preobrazovateli-2010?page=84
[32mINFO[39m [33m PlaywrightCrawler:[39m Found 20 products on this page
[32mINFO[39m [33m PlaywrightCrawler:[39m Pager element exists
[32mINFO[39m [33m PlaywrightCrawler:[39m Found next page: https://www.chipdip.ru/catalog/dc-dc-preobrazovateli-2010?page=85
[32mINFO[39m [33m PlaywrightCrawler:[39m Fetching catalog: https://www.chipdip.ru/catalog/dc-dc-preobrazovateli-2010?page=85
[32mINFO[39m [33m PlaywrightCrawler:[39m Found 20 products on this page
[32mINFO[39m [33m PlaywrightCrawler:[39m Pager element exists
[32mINFO[39m [33m PlaywrightCrawler:[39m Found next page: https://www.chipdip.ru/catalog/dc-dc-preobrazovateli-2010?page=86
[32mINFO[39m [33m PlaywrightCrawler:[39m Fetching catalog: https://www.chipdip.ru/catalog/dc-dc-preobrazovateli-2010?page=86
[32mINFO[39m [33m PlaywrightCrawler:[39m Found 20 products on this page
[32mINFO[39m [33m PlaywrightCrawler:[39m Pager element exists
[32mINFO[39m [33m PlaywrightCrawler:[39m Found next page: https://www.chipdip.ru/catalog/dc-dc-preobrazovateli-2010?page=87
[32mINFO[39m [33m PlaywrightCrawler:[39m Fetching catalog: https://www.chipdip.ru/catalog/dc-dc-preobrazovateli-2010?page=87
[32mINFO[39m [33m PlaywrightCrawler:[39m Found 20 products on this page
[32mINFO[39m [33m PlaywrightCrawler:[39m Pager element exists
[32mINFO[39m [33m PlaywrightCrawler:[39m Found next page: https://www.chipdip.ru/catalog/dc-dc-preobrazovateli-2010?page=88
[32mINFO[39m [33m PlaywrightCrawler:[39m Fetching catalog: https://www.chipdip.ru/catalog/dc-dc-preobrazovateli-2010?page=88
[32mINFO[39m [33m PlaywrightCrawler:[39m Found 20 products on this page
[32mINFO[39m [33m PlaywrightCrawler:[39m Pager element exists
[32mINFO[39m [33m PlaywrightCrawler:[39m Found next page: https://www.chipdip.ru/catalog/dc-dc-preobrazovateli-2010?page=89
[32mINFO[39m [33m PlaywrightCrawler:Statistics:[39m PlaywrightCrawler request statistics:[90m {"requestAvgFailedDurationMillis":null,"requestAvgFinishedDurationMillis":9284,"requestsFinishedPerMinute":3,"requestsFailedPerMinute":0,"requestTotalDurationMillis":816970,"requestsTotal":88,"crawlerRuntimeMillis":1725513,"retryHistogram":[87,1]}[39m
[32mINFO[39m [33m PlaywrightCrawler:AutoscaledPool:[39m state[90m {"currentConcurrency":1,"desiredConcurrency":1,"systemStatus":{"isSystemIdle":true,"memInfo":{"isOverloaded":false,"limitRatio":0.2,"actualRatio":0},"eventLoopInfo":{"isOverloaded":false,"limitRatio":0.6,"actualRatio":0.069},"cpuInfo":{"isOverloaded":false,"limitRatio":0.4,"actualRatio":0},"clientInfo":{"isOverloaded":false,"limitRatio":0.3,"actualRatio":0}}}[39m
[32mINFO[39m [33m PlaywrightCrawler:[39m Fetching catalog: https://www.chipdip.ru/catalog/dc-dc-preobrazovateli-2010?page=89
[32mINFO[39m [33m PlaywrightCrawler:[39m Found 20 products on this page
[32mINFO[39m [33m PlaywrightCrawler:[39m Pager element exists
[32mINFO[39m [33m PlaywrightCrawler:[39m Found next page: https://www.chipdip.ru/catalog/dc-dc-preobrazovateli-2010?page=90
[32mINFO[39m [33m PlaywrightCrawler:[39m Fetching catalog: https://www.chipdip.ru/catalog/dc-dc-preobrazovateli-2010?page=90
[32mINFO[39m [33m PlaywrightCrawler:[39m Found 20 products on this page
[32mINFO[39m [33m PlaywrightCrawler:[39m Pager element exists
[32mINFO[39m [33m PlaywrightCrawler:[39m Found next page: https://www.chipdip.ru/catalog/dc-dc-preobrazovateli-2010?page=91
[32mINFO[39m [33m PlaywrightCrawler:[39m Fetching catalog: https://www.chipdip.ru/catalog/dc-dc-preobrazovateli-2010?page=91
[32mINFO[39m [33m PlaywrightCrawler:[39m Found 20 products on this page
[32mINFO[39m [33m PlaywrightCrawler:[39m Pager element exists
[32mINFO[39m [33m PlaywrightCrawler:[39m Found next page: https://www.chipdip.ru/catalog/dc-dc-preobrazovateli-2010?page=92
[32mINFO[39m [33m PlaywrightCrawler:[39m Fetching catalog: https://www.chipdip.ru/catalog/dc-dc-preobrazovateli-2010?page=92
[32mINFO[39m [33m PlaywrightCrawler:[39m Found 20 products on this page
[32mINFO[39m [33m PlaywrightCrawler:[39m Pager element exists
[32mINFO[39m [33m PlaywrightCrawler:[39m Found next page: https://www.chipdip.ru/catalog/dc-dc-preobrazovateli-2010?page=93
[32mINFO[39m [33m PlaywrightCrawler:[39m Fetching catalog: https://www.chipdip.ru/catalog/dc-dc-preobrazovateli-2010?page=93
[32mINFO[39m [33m PlaywrightCrawler:AutoscaledPool:[39m state[90m {"currentConcurrency":1,"desiredConcurrency":1,"systemStatus":{"isSystemIdle":true,"memInfo":{"isOverloaded":false,"limitRatio":0.2,"actualRatio":0},"eventLoopInfo":{"isOverloaded":false,"limitRatio":0.6,"actualRatio":0},"cpuInfo":{"isOverloaded":false,"limitRatio":0.4,"actualRatio":0},"clientInfo":{"isOverloaded":false,"limitRatio":0.3,"actualRatio":0}}}[39m
[32mINFO[39m [33m PlaywrightCrawler:Statistics:[39m PlaywrightCrawler request statistics:[90m {"requestAvgFailedDurationMillis":null,"requestAvgFinishedDurationMillis":9216,"requestsFinishedPerMinute":3,"requestsFailedPerMinute":0,"requestTotalDurationMillis":847857,"requestsTotal":92,"crawlerRuntimeMillis":1896577,"retryHistogram":[91,1]}[39m
[33mWARN[39m [33m PlaywrightCrawler:[39m Reclaiming failed request back to the list or queue. requestHandler timed out after 60 seconds.[90m {"id":"BbHgBAiVVFBuk5B","url":"https://www.chipdip.ru/catalog/dc-dc-preobrazovateli-2010?page=93","retryCount":1}[39m
[31mERROR[39m[33m PlaywrightCrawler:[39m Failed to fetch catalog: Error: page.evaluate: Target page, context or browser has been closed
[32mINFO[39m [33m PlaywrightCrawler:[39m Fetching catalog: https://www.chipdip.ru/catalog/dc-dc-preobrazovateli-2010?page=93
[32mINFO[39m [33m PlaywrightCrawler:[39m Found 20 products on this page
[32mINFO[39m [33m PlaywrightCrawler:[39m Pager element exists
[32mINFO[39m [33m PlaywrightCrawler:[39m Found next page: https://www.chipdip.ru/catalog/dc-dc-preobrazovateli-2010?page=94
[32mINFO[39m [33m PlaywrightCrawler:[39m Fetching catalog: https://www.chipdip.ru/catalog/dc-dc-preobrazovateli-2010?page=94
[32mINFO[39m [33m PlaywrightCrawler:[39m Found 20 products on this page
[32mINFO[39m [33m PlaywrightCrawler:[39m Pager element exists
[32mINFO[39m [33m PlaywrightCrawler:[39m Found next page: https://www.chipdip.ru/catalog/dc-dc-preobrazovateli-2010?page=95
[32mINFO[39m [33m PlaywrightCrawler:[39m Fetching catalog: https://www.chipdip.ru/catalog/dc-dc-preobrazovateli-2010?page=95
[32mINFO[39m [33m PlaywrightCrawler:Statistics:[39m PlaywrightCrawler request statistics:[90m {"requestAvgFailedDurationMillis":null,"requestAvgFinishedDurationMillis":9602,"requestsFinishedPerMinute":3,"requestsFailedPerMinute":0,"requestTotalDurationMillis":902626,"requestsTotal":94,"crawlerRuntimeMillis":1956581,"retryHistogram":[92,2]}[39m
[32mINFO[39m [33m PlaywrightCrawler:AutoscaledPool:[39m state[90m {"currentConcurrency":1,"desiredConcurrency":1,"systemStatus":{"isSystemIdle":true,"memInfo":{"isOverloaded":false,"limitRatio":0.2,"actualRatio":0},"eventLoopInfo":{"isOverloaded":false,"limitRatio":0.6,"actualRatio":0},"cpuInfo":{"isOverloaded":false,"limitRatio":0.4,"actualRatio":0},"clientInfo":{"isOverloaded":false,"limitRatio":0.3,"actualRatio":0}}}[39m
[32mINFO[39m [33m PlaywrightCrawler:[39m Found 20 products on this page
[32mINFO[39m [33m PlaywrightCrawler:[39m Pager element exists
[32mINFO[39m [33m PlaywrightCrawler:[39m Found next page: https://www.chipdip.ru/catalog/dc-dc-preobrazovateli-2010?page=96
[32mINFO[39m [33m PlaywrightCrawler:[39m Fetching catalog: https://www.chipdip.ru/catalog/dc-dc-preobrazovateli-2010?page=96
[32mINFO[39m [33m PlaywrightCrawler:[39m Found 20 products on this page
[32mINFO[39m [33m PlaywrightCrawler:[39m Pager element exists
[32mINFO[39m [33m PlaywrightCrawler:[39m Found next page: https://www.chipdip.ru/catalog/dc-dc-preobrazovateli-2010?page=97
[32mINFO[39m [33m PlaywrightCrawler:[39m Fetching catalog: https://www.chipdip.ru/catalog/dc-dc-preobrazovateli-2010?page=97
[32mINFO[39m [33m PlaywrightCrawler:[39m Found 20 products on this page
[32mINFO[39m [33m PlaywrightCrawler:[39m Pager element exists
[32mINFO[39m [33m PlaywrightCrawler:[39m Found next page: https://www.chipdip.ru/catalog/dc-dc-preobrazovateli-2010?page=98
[32mINFO[39m [33m PlaywrightCrawler:[39m Fetching catalog: https://www.chipdip.ru/catalog/dc-dc-preobrazovateli-2010?page=98
[32mINFO[39m [33m PlaywrightCrawler:[39m Found 20 products on this page
[32mINFO[39m [33m PlaywrightCrawler:[39m Pager element exists
[32mINFO[39m [33m PlaywrightCrawler:[39m Found next page: https://www.chipdip.ru/catalog/dc-dc-preobrazovateli-2010?page=99
[32mINFO[39m [33m PlaywrightCrawler:[39m Fetching catalog: https://www.chipdip.ru/catalog/dc-dc-preobrazovateli-2010?page=99
[32mINFO[39m [33m PlaywrightCrawler:[39m Found 20 products on this page
[32mINFO[39m [33m PlaywrightCrawler:[39m Pager element exists
[32mINFO[39m [33m PlaywrightCrawler:[39m Found next page: https://www.chipdip.ru/catalog/dc-dc-preobrazovateli-2010?page=100
[32mINFO[39m [33m PlaywrightCrawler:[39m Fetching catalog: https://www.chipdip.ru/catalog/dc-dc-preobrazovateli-2010?page=100
[32mINFO[39m [33m PlaywrightCrawler:[39m Found 20 products on this page
[32mINFO[39m [33m PlaywrightCrawler:[39m Pager element exists
[32mINFO[39m [33m PlaywrightCrawler:[39m All requests from the queue have been processed, the crawler will shut down.
[32mINFO[39m [33m PlaywrightCrawler:[39m Final request statistics:[90m {"requestsFinished":100,"requestsFailed":0,"retryHistogram":[98,2],"requestAvgFailedDurationMillis":null,"requestAvgFinishedDurationMillis":9601,"requestsFinishedPerMinute":3,"requestsFailedPerMinute":0,"requestTotalDurationMillis":960084,"requestsTotal":100,"crawlerRuntimeMillis":2008938}[39m
[32mINFO[39m [33m PlaywrightCrawler:[39m Finished! Total 100 requests: 100 succeeded, 0 failed.[90m {"terminal":true}[39m
✅ Collected 2000 product URLs so far

✅ Total product URLs collected: 2000
🚀 Starting product parsing with proxy rotation...


🔄 Batch 1: Processing 30 products with proxy p.webshare.io:80
[32mINFO[39m [33m PlaywrightCrawler:[39m Starting the crawler.
[32mINFO[39m [33m PlaywrightCrawler:[39m Parsing: https://www.chipdip.ru/product/adm660arz-reel7-dc-dc-konverter-charge-pump-analog-devices-9000985953
[32mINFO[39m [33m PlaywrightCrawler:[39m Using proxy: p.webshare.io:80
[32mINFO[39m [33m PlaywrightCrawler:[39m Parsing: https://www.chipdip.ru/product/act4060ash-dc-dc-preobrazovatel-buck-uvh-4.5-24v-9020004925
[32mINFO[39m [33m PlaywrightCrawler:[39m Using proxy: p.webshare.io:80
[32mINFO[39m [33m PlaywrightCrawler:[39m ✅ Parsed: ACT4060ASH, DC-DC преобразователь, Buck, Uвх=4.5…24В, Uвых=1.5…5В, 2А, 400кГц [SOIC-8.]
📊 Progress: 1/2000 (0.1%) | Speed: 0.0 products/min | ETA: 67454 min | Failed: 0 | Blocked: 0
🔄 Proxy rotations: 2 | Healthy proxies: 19900/19900
[32mINFO[39m [33m PlaywrightCrawler:[39m ✅ Parsed: ADM660ARZ-REEL7, DC-DC конвертер Charge Pump 1.5-7В 100мА [SOIC-8.]
📊 Progress: 2/2000 (0.1%) | Speed: 0.1 products/min | ETA: 33723 min | Failed: 0 | Blocked: 0
🔄 Proxy rotations: 2 | Healthy proxies: 19900/19900
[32mINFO[39m [33m PlaywrightCrawler:[39m Parsing: https://www.chipdip.ru/product/adp1111arz-imp-stabilizator-napryazheniya-ind-analog-devices-183836983
[32mINFO[39m [33m PlaywrightCrawler:[39m Using proxy: p.webshare.io:80
[32mINFO[39m [33m PlaywrightCrawler:[39m Parsing: https://www.chipdip.ru/product/adp1111arz-5-impulsnyy-stabilizator-napryazheniya-analog-devices-10360
[32mINFO[39m [33m PlaywrightCrawler:[39m Using proxy: p.webshare.io:80
[32mINFO[39m [33m PlaywrightCrawler:[39m Parsing: https://www.chipdip.ru/product/adp2301aujz-r7-dc-dc-preobrazovatel-analog-devices-9001582266
[32mINFO[39m [33m PlaywrightCrawler:[39m Using proxy: p.webshare.io:80
[32mINFO[39m [33m PlaywrightCrawler:[39m Parsing: https://www.chipdip.ru/product/aoz1073ail-dc-dc-preobrazovatel-step-down-adj-alpha-omega-9000255045
[32mINFO[39m [33m PlaywrightCrawler:[39m Using proxy: p.webshare.io:80
[32mINFO[39m [33m PlaywrightCrawler:[39m ✅ Parsed: ADP1111ARZ, Имп. стабилизатор напряжения Ind [SO-8]
📊 Progress: 3/2000 (0.1%) | Speed: 0.1 products/min | ETA: 22611 min | Failed: 0 | Blocked: 0
🔄 Proxy rotations: 2 | Healthy proxies: 19900/19900
[32mINFO[39m [33m PlaywrightCrawler:[39m ✅ Parsed: ADP1111ARZ-5, Импульсный стабилизатор напряжения Ind [SO-8]
📊 Progress: 4/2000 (0.2%) | Speed: 0.1 products/min | ETA: 16955 min | Failed: 0 | Blocked: 0
🔄 Proxy rotations: 2 | Healthy proxies: 19900/19900
[32mINFO[39m [33m PlaywrightCrawler:[39m ✅ Parsed: ADP2301AUJZ-R7, DC-DC преобразователь понижающий ADJ 1.2А [TSOT-23-6.]
📊 Progress: 5/2000 (0.3%) | Speed: 0.1 products/min | ETA: 13558 min | Failed: 0 | Blocked: 0
🔄 Proxy rotations: 2 | Healthy proxies: 19900/19900
[32mINFO[39m [33m PlaywrightCrawler:[39m ✅ Parsed: AOZ1073AIL, DC-DC преобразователь Step-Down ADJ 3А [SOIC-8-0.154.]
📊 Progress: 6/2000 (0.3%) | Speed: 0.2 products/min | ETA: 11306 min | Failed: 0 | Blocked: 0
🔄 Proxy rotations: 2 | Healthy proxies: 19900/19900
[32mINFO[39m [33m PlaywrightCrawler:[39m Parsing: https://www.chipdip.ru/product/aoz1212ai-dc-dc-preobrazovatel-buck-uvh-4.5-27v-alpha-omega-9000401469
[32mINFO[39m [33m PlaywrightCrawler:[39m Using proxy: p.webshare.io:80
[32mINFO[39m [33m PlaywrightCrawler:[39m Parsing: https://www.chipdip.ru/product/aoz1280ci-dc-dc-preobrazovatel-step-down-alpha-omega-9000361378
[32mINFO[39m [33m PlaywrightCrawler:[39m Using proxy: p.webshare.io:80
[32mINFO[39m [33m PlaywrightCrawler:[39m Parsing: https://www.chipdip.ru/product/aoz1282ci-dc-dc-preobrazovatel-buck-uvh-4.5-36v-alpha-omega-9000391568
[32mINFO[39m [33m PlaywrightCrawler:[39m Using proxy: p.webshare.io:80
[32mINFO[39m [33m PlaywrightCrawler:[39m ✅ Parsed: AOZ1212AI, DC-DC преобразователь, Buck, Uвх=4.5…27В, Uвых=0.8…22.95В, 3А, 370кГц [SOIC-8.]
📊 Progress: 7/2000 (0.4%) | Speed: 0.2 products/min | ETA: 9716 min | Failed: 0 | Blocked: 0
🔄 Proxy rotations: 2 | Healthy proxies: 19900/19900
[32mINFO[39m [33m PlaywrightCrawler:[39m ✅ Parsed: AOZ1280CI, DC-DC преобразователь, Step-Down, Uвх=3...26В, Uвых=0.8...26В, 1.2А, 1.5МГц [SOT-23-6.]
📊 Progress: 8/2000 (0.4%) | Speed: 0.2 products/min | ETA: 8501 min | Failed: 0 | Blocked: 0
🔄 Proxy rotations: 2 | Healthy proxies: 19900/19900
[32mINFO[39m [33m PlaywrightCrawler:[39m ✅ Parsed: AOZ1282CI, DC-DC преобразователь, Buck, Uвх=4.5…36В, Uвых=0.8…36В, 1.2А, 450кГц [SOT-23-6.]
📊 Progress: 9/2000 (0.4%) | Speed: 0.3 products/min | ETA: 7554 min | Failed: 0 | Blocked: 0
🔄 Proxy rotations: 2 | Healthy proxies: 19900/19900
[32mINFO[39m [33m PlaywrightCrawler:Statistics:[39m PlaywrightCrawler request statistics:[90m {"requestAvgFailedDurationMillis":null,"requestAvgFinishedDurationMillis":12636,"requestsFinishedPerMinute":9,"requestsFailedPerMinute":0,"requestTotalDurationMillis":113724,"requestsTotal":9,"crawlerRuntimeMillis":60101,"retryHistogram":[9]}[39m
[32mINFO[39m [33m PlaywrightCrawler:AutoscaledPool:[39m state[90m {"currentConcurrency":6,"desiredConcurrency":8,"systemStatus":{"isSystemIdle":true,"memInfo":{"isOverloaded":false,"limitRatio":0.2,"actualRatio":0},"eventLoopInfo":{"isOverloaded":false,"limitRatio":0.6,"actualRatio":0},"cpuInfo":{"isOverloaded":false,"limitRatio":0.4,"actualRatio":0},"clientInfo":{"isOverloaded":false,"limitRatio":0.3,"actualRatio":0}}}[39m
[32mINFO[39m [33m PlaywrightCrawler:[39m Parsing: https://www.chipdip.ru/product/ap1501-5.0-ponizhayuschiy-dc-dc-preobrazovatel-5.0v-3a-umw-9001633739
[32mINFO[39m [33m PlaywrightCrawler:[39m Using proxy: p.webshare.io:80
[32mINFO[39m [33m PlaywrightCrawler:[39m Parsing: https://www.chipdip.ru/product/ap1501-adj-ponizhayuschiy-dc-dc-preobrazovatel-adj-3a-umw-9001633738
[32mINFO[39m [33m PlaywrightCrawler:[39m Using proxy: p.webshare.io:80
[32mINFO[39m [33m PlaywrightCrawler:[39m Parsing: https://www.chipdip.ru/product/ap1501-12-ponizhayuschiy-dc-dc-preobrazovatel-12v-3a-umw-9001633736
[32mINFO[39m [33m PlaywrightCrawler:[39m Using proxy: p.webshare.io:80
[32mINFO[39m [33m PlaywrightCrawler:[39m Parsing: https://www.chipdip.ru/product/ap1501-3.3-ponizhayuschiy-dc-dc-preobrazovatel-3.3v-3a-umw-9001633737
[32mINFO[39m [33m PlaywrightCrawler:[39m Using proxy: p.webshare.io:80
[32mINFO[39m [33m PlaywrightCrawler:[39m Parsing: https://www.chipdip.ru/product/aoz1284pi-dc-dc-preobrazovatel-buck-uvh-3-36v-alpha-omega-9000383786
[32mINFO[39m [33m PlaywrightCrawler:[39m Using proxy: p.webshare.io:80
[32mINFO[39m [33m PlaywrightCrawler:[39m Parsing: https://www.chipdip.ru/product/ap2971tc-a1-dc-dc-preobrazovatel-buck-uvh-4.5-18v-chipown-9001304167
[32mINFO[39m [33m PlaywrightCrawler:[39m Using proxy: p.webshare.io:80
[32mINFO[39m [33m PlaywrightCrawler:[39m ✅ Parsed: AP1501-5.0, Понижающий DC-DC преобразователь 5.0В 3А [TO-263-5L]
📊 Progress: 10/2000 (0.5%) | Speed: 0.3 products/min | ETA: 6937 min | Failed: 0 | Blocked: 0
🔄 Proxy rotations: 2 | Healthy proxies: 19900/19900
[32mINFO[39m [33m PlaywrightCrawler:[39m ✅ Parsed: AP1501-ADJ, Понижающий DC-DC преобразователь ADJ 3А [TO-263-5L]
📊 Progress: 11/2000 (0.5%) | Speed: 0.3 products/min | ETA: 6303 min | Failed: 0 | Blocked: 0
🔄 Proxy rotations: 2 | Healthy proxies: 19900/19900
[32mINFO[39m [33m PlaywrightCrawler:[39m ✅ Parsed: AP1501-12, Понижающий DC-DC преобразователь 12В 3А [TO-263-5L]
📊 Progress: 12/2000 (0.6%) | Speed: 0.3 products/min | ETA: 5776 min | Failed: 0 | Blocked: 0
🔄 Proxy rotations: 2 | Healthy proxies: 19900/19900
[32mINFO[39m [33m PlaywrightCrawler:[39m ✅ Parsed: AP1501-3.3, Понижающий DC-DC преобразователь 3.3В 3А [TO-263-5L]
📊 Progress: 13/2000 (0.7%) | Speed: 0.4 products/min | ETA: 5331 min | Failed: 0 | Blocked: 0
🔄 Proxy rotations: 2 | Healthy proxies: 19900/19900
[32mINFO[39m [33m PlaywrightCrawler:[39m ✅ Parsed: AOZ1284PI, DC-DC преобразователь, Buck, Uвх=3…36В, Uвых=0.8…30.6В, 4А, 0.2…1МГц [SO-8_PowerPad.]
📊 Progress: 14/2000 (0.7%) | Speed: 0.4 products/min | ETA: 4948 min | Failed: 0 | Blocked: 0
🔄 Proxy rotations: 2 | Healthy proxies: 19900/19900
[32mINFO[39m [33m PlaywrightCrawler:[39m ✅ Parsed: AP2971TC-A1, DC-DC преобразователь, Buck, Uвх=4.5…18В, Uвых=1…5В, 3А, 500кГц [SOT-23-6.]
📊 Progress: 15/2000 (0.8%) | Speed: 0.4 products/min | ETA: 4616 min | Failed: 0 | Blocked: 0
🔄 Proxy rotations: 2 | Healthy proxies: 19900/19900
[32mINFO[39m [33m PlaywrightCrawler:[39m Parsing: https://www.chipdip.ru/product/ap3211ktr-g1-dc-dc-preobrazovatel-buck-uvh-4.5-18v-diodes-9000849854
[32mINFO[39m [33m PlaywrightCrawler:[39m Using proxy: p.webshare.io:80
[32mINFO[39m [33m PlaywrightCrawler:[39m Parsing: https://www.chipdip.ru/product/az34063umtr-g1-dc-dc-preobrazovatel-boost-buck-diodes-9000565705
[32mINFO[39m [33m PlaywrightCrawler:[39m Using proxy: p.webshare.io:80
[32mINFO[39m [33m PlaywrightCrawler:[39m Parsing: https://www.chipdip.ru/product/icl7660scpaz-invertiruyuschiy-preobrazovatel-intersil-4719
[32mINFO[39m [33m PlaywrightCrawler:[39m Using proxy: p.webshare.io:80
[32mINFO[39m [33m PlaywrightCrawler:[39m Parsing: https://www.chipdip.ru/product/icl7660cbaz-t-invertiruyuschiy-preobrazovatel-intersil-17001
[32mINFO[39m [33m PlaywrightCrawler:[39m Using proxy: p.webshare.io:80
[32mINFO[39m [33m PlaywrightCrawler:[39m Parsing: https://www.chipdip.ru/product/cn3303-sop-8-dc-dc-controllers-kontroller-consonance-9001610889
[32mINFO[39m [33m PlaywrightCrawler:[39m Using proxy: p.webshare.io:80
[32mINFO[39m [33m PlaywrightCrawler:[39m Parsing: https://www.chipdip.ru/product/icl7660scbaz-t-invertiruyuschiy-preobrazovatel-intersil-215939753
[32mINFO[39m [33m PlaywrightCrawler:[39m Using proxy: p.webshare.io:80
[32mINFO[39m [33m PlaywrightCrawler:[39m Parsing: https://www.chipdip.ru/product/icl7660cpaz-invertiruyuschiy-preobrazovatel-intersil-823161912
[32mINFO[39m [33m PlaywrightCrawler:[39m Using proxy: p.webshare.io:80
[32mINFO[39m [33m PlaywrightCrawler:[39m Parsing: https://www.chipdip.ru/product/apw7142ki-trg-dc-dc-preobrazovatel-napryazheniya-anpec-9000375229
[32mINFO[39m [33m PlaywrightCrawler:[39m Using proxy: p.webshare.io:80
[32mINFO[39m [33m PlaywrightCrawler:[39m ✅ Parsed: AZ34063UMTR-G1, DC-DC преобразователь, Boost, Buck, Uвх=3…36В, Uвых=1.25…36В, 1.5А, до 180кГц [SOIC-8.]
📊 Progress: 16/2000 (0.8%) | Speed: 0.5 products/min | ETA: 4349 min | Failed: 0 | Blocked: 0
🔄 Proxy rotations: 2 | Healthy proxies: 19900/19900
[32mINFO[39m [33m PlaywrightCrawler:[39m ✅ Parsed: AP3211KTR-G1, DC-DC преобразователь, Buck, Uвх=4.5…18В, Uвых=0.81…15В, 1.5А, 1.4МГц [SOT-23-6.]
📊 Progress: 17/2000 (0.9%) | Speed: 0.5 products/min | ETA: 4092 min | Failed: 0 | Blocked: 0
🔄 Proxy rotations: 2 | Healthy proxies: 19900/19900
[32mINFO[39m [33m PlaywrightCrawler:[39m ✅ Parsed: CN3303, SOP-8 DC-DC Controllers, DC-DC контроллер
📊 Progress: 18/2000 (0.9%) | Speed: 0.5 products/min | ETA: 3863 min | Failed: 0 | Blocked: 0
🔄 Proxy rotations: 2 | Healthy proxies: 19900/19900
[32mINFO[39m [33m PlaywrightCrawler:[39m Parsing: https://www.chipdip.ru/product/icl7662cba-t-kmop-preobrazovateli-napryazheniya-soic-8-maxim-162541581
[32mINFO[39m [33m PlaywrightCrawler:[39m Using proxy: p.webshare.io:80
[32mINFO[39m [33m PlaywrightCrawler:[39m ✅ Parsed: ICL7660SCPAZ, Инвертирующий преобразователь напряжения [DIP-8]
📊 Progress: 19/2000 (0.9%) | Speed: 0.5 products/min | ETA: 3659 min | Failed: 0 | Blocked: 0
🔄 Proxy rotations: 2 | Healthy proxies: 19900/19900
[32mINFO[39m [33m PlaywrightCrawler:[39m ✅ Parsed: ICL7660CBAZ-T, Инвертирующий преобразователь напряжения [SO-8]
📊 Progress: 20/2000 (1.0%) | Speed: 0.6 products/min | ETA: 3475 min | Failed: 0 | Blocked: 0
🔄 Proxy rotations: 2 | Healthy proxies: 19900/19900
[32mINFO[39m [33m PlaywrightCrawler:[39m ✅ Parsed: APW7142KI-TRG, DC/DC преобразователь напряжения 0.8-12В/3А, 500 кГц, [SOP-8]
📊 Progress: 21/2000 (1.1%) | Speed: 0.6 products/min | ETA: 3308 min | Failed: 0 | Blocked: 0
🔄 Proxy rotations: 2 | Healthy proxies: 19900/19900
[32mINFO[39m [33m PlaywrightCrawler:[39m ✅ Parsed: ICL7660CPAZ, Инвертирующий преобразователь напряжения [DIP-8]
📊 Progress: 22/2000 (1.1%) | Speed: 0.6 products/min | ETA: 3157 min | Failed: 0 | Blocked: 0
🔄 Proxy rotations: 2 | Healthy proxies: 19900/19900
[32mINFO[39m [33m PlaywrightCrawler:[39m ✅ Parsed: ICL7660SCBAZ-T, Инвертирующий преобразователь напряжения [SO-8]
📊 Progress: 23/2000 (1.1%) | Speed: 0.7 products/min | ETA: 3018 min | Failed: 0 | Blocked: 0
🔄 Proxy rotations: 2 | Healthy proxies: 19900/19900
[32mINFO[39m [33m PlaywrightCrawler:[39m ✅ Parsed: ICL7662CBA+T, КМОП преобразователи напряжения [SOIC-8]
📊 Progress: 24/2000 (1.2%) | Speed: 0.7 products/min | ETA: 2897 min | Failed: 0 | Blocked: 0
🔄 Proxy rotations: 2 | Healthy proxies: 19900/19900
[32mINFO[39m [33m PlaywrightCrawler:[39m Parsing: https://www.chipdip.ru/product/l296-silnotochnyy-impulsnyy-regulyator-st-microelectronics-3182
[32mINFO[39m [33m PlaywrightCrawler:[39m Using proxy: p.webshare.io:80
[32mINFO[39m [33m PlaywrightCrawler:[39m Parsing: https://www.chipdip.ru/product/l4970a-stabilizator-napryazheniya-st-microelectronics-754417554
[32mINFO[39m [33m PlaywrightCrawler:[39m Using proxy: p.webshare.io:80
[32mINFO[39m [33m PlaywrightCrawler:[39m Parsing: https://www.chipdip.ru/product/l4971-impulsnyy-ponizhayuschiy-regulyator-st-microelectronics-84109012
[32mINFO[39m [33m PlaywrightCrawler:[39m Using proxy: p.webshare.io:80
[32mINFO[39m [33m PlaywrightCrawler:[39m Parsing: https://www.chipdip.ru/product/l4971d-dc-dc-preobrazovatel-st-microelectronics-1141640346
[32mINFO[39m [33m PlaywrightCrawler:[39m Using proxy: p.webshare.io:80
[32mINFO[39m [33m PlaywrightCrawler:[39m Parsing: https://www.chipdip.ru/product/l4978-dc-dc-preobrazovatel-2a-step-down-st-microelectronics-2992547619
[32mINFO[39m [33m PlaywrightCrawler:[39m Using proxy: p.webshare.io:80
[32mINFO[39m [33m PlaywrightCrawler:[39m Parsing: https://www.chipdip.ru/product/l4973d5.1-impulsnyy-regulyator-st-microelectronics-9000019952
[32mINFO[39m [33m PlaywrightCrawler:[39m Using proxy: p.webshare.io:80
[32mINFO[39m [33m PlaywrightCrawler:[39m ✅ Parsed: L296, Сильноточный импульсный регулятор напряжения ADJ 4A Step-Down [Multiwatt-15]
📊 Progress: 25/2000 (1.3%) | Speed: 0.7 products/min | ETA: 2788 min | Failed: 0 | Blocked: 0
🔄 Proxy rotations: 2 | Healthy proxies: 19900/19900
[32mINFO[39m [33m PlaywrightCrawler:[39m ✅ Parsed: L4971D, DC/DC преобразователь, понижающий, Uвых= 3.3...50В, 1.5А, 300кГц [SO-16W]
📊 Progress: 26/2000 (1.3%) | Speed: 0.7 products/min | ETA: 2679 min | Failed: 0 | Blocked: 0
🔄 Proxy rotations: 2 | Healthy proxies: 19900/19900
[32mINFO[39m [33m PlaywrightCrawler:[39m ✅ Parsed: L4970A, Стабилизатор напряжения импульсный 5.1...40В, 2%, 10A, (-40...+120C), [Multiwatt-15V]
📊 Progress: 27/2000 (1.4%) | Speed: 0.8 products/min | ETA: 2579 min | Failed: 0 | Blocked: 0
🔄 Proxy rotations: 2 | Healthy proxies: 19900/19900
[32mINFO[39m [33m PlaywrightCrawler:[39m ✅ Parsed: L4971, Импульсный понижающий регулятор напряжения, 1.5А, 3.3В…50В, [DIP-8]
📊 Progress: 28/2000 (1.4%) | Speed: 0.8 products/min | ETA: 2486 min | Failed: 0 | Blocked: 0
🔄 Proxy rotations: 2 | Healthy proxies: 19900/19900
[32mINFO[39m [33m PlaywrightCrawler:[39m ✅ Parsed: L4978, DC-DC преобразователь 2А STEP DOWN [DIP-8]
📊 Progress: 29/2000 (1.5%) | Speed: 0.8 products/min | ETA: 2400 min | Failed: 0 | Blocked: 0
🔄 Proxy rotations: 2 | Healthy proxies: 19900/19900
[32mINFO[39m [33m PlaywrightCrawler:[39m ✅ Parsed: L4973D5.1, Импульсный регулятор напряжения 5.1V 3.5A Step-Down, [SOIC-20W]
📊 Progress: 30/2000 (1.5%) | Speed: 0.8 products/min | ETA: 2319 min | Failed: 0 | Blocked: 0
🔄 Proxy rotations: 2 | Healthy proxies: 19900/19900
[32mINFO[39m [33m PlaywrightCrawler:[39m All requests from the queue have been processed, the crawler will shut down.
[32mINFO[39m [33m PlaywrightCrawler:[39m Final request statistics:[90m {"requestsFinished":30,"requestsFailed":0,"retryHistogram":[30],"requestAvgFailedDurationMillis":null,"requestAvgFinishedDurationMillis":19583,"requestsFinishedPerMinute":16,"requestsFailedPerMinute":0,"requestTotalDurationMillis":587492,"requestsTotal":30,"crawlerRuntimeMillis":110259}[39m
[32mINFO[39m [33m PlaywrightCrawler:[39m Finished! Total 30 requests: 30 succeeded, 0 failed.[90m {"terminal":true}[39m
✅ Batch completed. Processed: 30/2000

🔄 Batch 2: Processing 30 products with proxy p.webshare.io:80
[32mINFO[39m [33m PlaywrightCrawler:[39m Starting the crawler.
[32mINFO[39m [33m PlaywrightCrawler:[39m Parsing: https://www.chipdip.ru/product/l5970d013tr-impulsnyy-st-microelectronics-2362903864
[32mINFO[39m [33m PlaywrightCrawler:[39m Using proxy: p.webshare.io:80
[32mINFO[39m [33m PlaywrightCrawler:[39m Parsing: https://www.chipdip.ru/product/l5972d013tr-impulsnyy-regulyator-st-microelectronics-2260054958
[32mINFO[39m [33m PlaywrightCrawler:[39m Using proxy: p.webshare.io:80
[32mINFO[39m [33m PlaywrightCrawler:[39m ✅ Parsed: L5972D013TR, Импульсный регулятор напряжения ADJ 2A Step-Down [SOIC-8]
📊 Progress: 31/2000 (1.6%) | Speed: 0.9 products/min | ETA: 2260 min | Failed: 0 | Blocked: 0
🔄 Proxy rotations: 3 | Healthy proxies: 19900/19900
[32mINFO[39m [33m PlaywrightCrawler:[39m ✅ Parsed: L5970D013TR, Импульсный понижающий/повышающий регулятор напряжения, 1А, [SO-8]
📊 Progress: 32/2000 (1.6%) | Speed: 0.9 products/min | ETA: 2188 min | Failed: 0 | Blocked: 0
🔄 Proxy rotations: 3 | Healthy proxies: 19900/19900
[32mINFO[39m [33m PlaywrightCrawler:[39m Parsing: https://www.chipdip.ru/product/l5973adtr-dc-dc-preobrazovatel-2a-step-st-microelectronics-9000033061
[32mINFO[39m [33m PlaywrightCrawler:[39m Using proxy: p.webshare.io:80
[32mINFO[39m [33m PlaywrightCrawler:[39m Parsing: https://www.chipdip.ru/product/l5973d013tr-impulsnyy-ponizhayuschiy-st-microelectronics-9000052232
[32mINFO[39m [33m PlaywrightCrawler:[39m Using proxy: p.webshare.io:80
[32mINFO[39m [33m PlaywrightCrawler:[39m Parsing: https://www.chipdip.ru/product/l6920dctr-preobrazovatel-postoyannogo-st-microelectronics-9000997329
[32mINFO[39m [33m PlaywrightCrawler:[39m Using proxy: p.webshare.io:80
[32mINFO[39m [33m PlaywrightCrawler:[39m Parsing: https://www.chipdip.ru/product/lm1501agr-adj-ponizhayuschiy-dc-dc-preobrazovatel-htc-9000543846
[32mINFO[39m [33m PlaywrightCrawler:[39m Using proxy: p.webshare.io:80
[32mINFO[39m [33m PlaywrightCrawler:[39m ✅ Parsed: L5973D013TR, Импульсный понижающий регулятор напряжения [HSOP-8]
📊 Progress: 33/2000 (1.7%) | Speed: 0.9 products/min | ETA: 2135 min | Failed: 0 | Blocked: 0
🔄 Proxy rotations: 3 | Healthy proxies: 19900/19900
[32mINFO[39m [33m PlaywrightCrawler:[39m ✅ Parsed: L5973ADTR, DC-DC преобразователь 2А STEP DOWN [HSOP-8]
📊 Progress: 34/2000 (1.7%) | Speed: 0.9 products/min | ETA: 2072 min | Failed: 0 | Blocked: 0
🔄 Proxy rotations: 3 | Healthy proxies: 19900/19900
[32mINFO[39m [33m PlaywrightCrawler:[39m ✅ Parsed: L6920DCTR, Преобразователь постоянного тока повышающий синхронный 3.3/5В/подстраиваемый [MSOP-8]
📊 Progress: 35/2000 (1.8%) | Speed: 1.0 products/min | ETA: 2011 min | Failed: 0 | Blocked: 0
🔄 Proxy rotations: 3 | Healthy proxies: 19900/19900
[32mINFO[39m [33m PlaywrightCrawler:[39m ✅ Parsed: LM1501AGR-ADJ, Понижающий DC-DC преобразователь, Uвх=до 40В, Uвых=1.23…37, 5А, 150кГц [TO-263-5L.]
📊 Progress: 36/2000 (1.8%) | Speed: 1.0 products/min | ETA: 1957 min | Failed: 0 | Blocked: 0
🔄 Proxy rotations: 3 | Healthy proxies: 19900/19900
[32mINFO[39m [33m PlaywrightCrawler:[39m Parsing: https://www.chipdip.ru/product/lm22670mrx-adj-nopb-dc-dc-preobrazovatel-texas-instruments-9001599781
[32mINFO[39m [33m PlaywrightCrawler:[39m Using proxy: p.webshare.io:80
[32mINFO[39m [33m PlaywrightCrawler:[39m Parsing: https://www.chipdip.ru/product/lm1501bgr-adj-ponizhayuschiy-dc-dc-preobrazovatel-htc-9001087014
[32mINFO[39m [33m PlaywrightCrawler:[39m Using proxy: p.webshare.io:80
[32mINFO[39m [33m PlaywrightCrawler:[39m Parsing: https://www.chipdip.ru/product/lm22673mrx-adj-nopb-dc-dc-preobrazovatel-texas-instruments-9001599782
[32mINFO[39m [33m PlaywrightCrawler:[39m Using proxy: p.webshare.io:80
[32mINFO[39m [33m PlaywrightCrawler:[39m Parsing: https://www.chipdip.ru/product/lm22675mrx-5.0-nopb-preobrazovatel-s-texas-instruments-9000123438
[32mINFO[39m [33m PlaywrightCrawler:[39m Using proxy: p.webshare.io:80
[32mINFO[39m [33m PlaywrightCrawler:[39m Parsing: https://www.chipdip.ru/product/lm22675mrx-adj-nopb-dc-dc-preobrazovatel-texas-instruments-9000229763
[32mINFO[39m [33m PlaywrightCrawler:[39m Using proxy: p.webshare.io:80
[32mINFO[39m [33m PlaywrightCrawler:[39m ✅ Parsed: LM22670MRX-ADJ/NOPB, DC-DC преобразователь понижающий ADJ 3А 500кГц [SO-8 PowerPad.] (=LM22670MR-ADJ/NOPB)
📊 Progress: 37/2000 (1.8%) | Speed: 1.0 products/min | ETA: 1911 min | Failed: 0 | Blocked: 0
🔄 Proxy rotations: 3 | Healthy proxies: 19900/19900
[32mINFO[39m [33m PlaywrightCrawler:[39m ✅ Parsed: LM1501BGR-ADJ, Понижающий DC-DC преобразователь, Uвх=до 40В, Uвых=1.23…37, 5А, 300кГц [TO-263-5L.]
📊 Progress: 38/2000 (1.9%) | Speed: 1.1 products/min | ETA: 1862 min | Failed: 0 | Blocked: 0
🔄 Proxy rotations: 3 | Healthy proxies: 19900/19900
[32mINFO[39m [33m PlaywrightCrawler:[39m ✅ Parsed: LM22673MRX-ADJ/NOPB, DC-DC преобразователь понижающий ADJ 3А 500кГц [SO-8 PowerPad.] (=LM22673MRE-ADJ/NOPB)
📊 Progress: 39/2000 (1.9%) | Speed: 1.1 products/min | ETA: 1814 min | Failed: 0 | Blocked: 0
🔄 Proxy rotations: 3 | Healthy proxies: 19900/19900
[32mINFO[39m [33m PlaywrightCrawler:[39m ✅ Parsed: LM22675MRX-5.0/NOPB, Преобразователь с фиксированным выходным напряжением 5В [SO PowerPAD-8]
📊 Progress: 40/2000 (2.0%) | Speed: 1.1 products/min | ETA: 1768 min | Failed: 0 | Blocked: 0
🔄 Proxy rotations: 3 | Healthy proxies: 19900/19900
[32mINFO[39m [33m PlaywrightCrawler:[39m ✅ Parsed: LM22675MRX-ADJ/NOPB, DC-DC преобразователь Step-Down 1А , Uвх=4.5-42В, Uвых=1.285-30В [PSOP-8]
📊 Progress: 41/2000 (2.1%) | Speed: 1.1 products/min | ETA: 1725 min | Failed: 0 | Blocked: 0
🔄 Proxy rotations: 3 | Healthy proxies: 19900/19900
[32mINFO[39m [33m PlaywrightCrawler:[39m Parsing: https://www.chipdip.ru/product/lm22676mrx-adj-nopb-dc-dc-preobrazovatel-texas-instruments-9001599783
[32mINFO[39m [33m PlaywrightCrawler:[39m Using proxy: p.webshare.io:80
[32mINFO[39m [33m PlaywrightCrawler:[39m ✅ Parsed: LM22676MRX-ADJ/NOPB, DC-DC преобразователь понижающий ADJ 3А 500кГц [SO-8 PowerPad.] (=LM22676MRE-ADJ/NOPB)
📊 Progress: 42/2000 (2.1%) | Speed: 1.2 products/min | ETA: 1693 min | Failed: 0 | Blocked: 0
🔄 Proxy rotations: 3 | Healthy proxies: 19900/19900
[32mINFO[39m [33m PlaywrightCrawler:[39m Parsing: https://www.chipdip.ru/product/lm22680mrx-adj-nopb-dc-dc-preobrazovatel-texas-instruments-9000100708
[32mINFO[39m [33m PlaywrightCrawler:[39m Using proxy: p.webshare.io:80
[32mINFO[39m [33m PlaywrightCrawler:Statistics:[39m PlaywrightCrawler request statistics:[90m {"requestAvgFailedDurationMillis":null,"requestAvgFinishedDurationMillis":14838,"requestsFinishedPerMinute":12,"requestsFailedPerMinute":0,"requestTotalDurationMillis":178059,"requestsTotal":12,"crawlerRuntimeMillis":60087,"retryHistogram":[12]}[39m
[32mINFO[39m [33m PlaywrightCrawler:AutoscaledPool:[39m state[90m {"currentConcurrency":7,"desiredConcurrency":8,"systemStatus":{"isSystemIdle":true,"memInfo":{"isOverloaded":false,"limitRatio":0.2,"actualRatio":0},"eventLoopInfo":{"isOverloaded":false,"limitRatio":0.6,"actualRatio":0},"cpuInfo":{"isOverloaded":false,"limitRatio":0.4,"actualRatio":0},"clientInfo":{"isOverloaded":false,"limitRatio":0.3,"actualRatio":0}}}[39m
[32mINFO[39m [33m PlaywrightCrawler:[39m Parsing: https://www.chipdip.ru/product/lm25575mhx-nopb-ponizhayuschiy-dc-dc-texas-instruments-9000063587
[32mINFO[39m [33m PlaywrightCrawler:[39m Using proxy: p.webshare.io:80
[32mINFO[39m [33m PlaywrightCrawler:[39m Parsing: https://www.chipdip.ru/product/lm2575gr-adj-ponizhayuschiy-dc-dc-preobrazovatel-uvh-do-htc-9000543836
[32mINFO[39m [33m PlaywrightCrawler:[39m Using proxy: p.webshare.io:80
[32mINFO[39m [33m PlaywrightCrawler:[39m Parsing: https://www.chipdip.ru/product/lm2575gt-adj-ponizhayuschiy-dc-dc-preobrazovatel-uvh-do-htc-9000543837
[32mINFO[39m [33m PlaywrightCrawler:[39m Using proxy: p.webshare.io:80
[32mINFO[39m [33m PlaywrightCrawler:[39m Parsing: https://www.chipdip.ru/product/lm2574n-5.0-nopb-impulsnyy-ponizhayuschiy-texas-instruments-7568590
[32mINFO[39m [33m PlaywrightCrawler:[39m Using proxy: p.webshare.io:80
[32mINFO[39m [33m PlaywrightCrawler:[39m ✅ Parsed: LM22680MRX-ADJ/NOPB, DC-DC преобразователь, Buck, Uвх=4.5…42В, Uвых=1.285…37В, 2А, 500кГц [SO PowerPAD-8.]
📊 Progress: 43/2000 (2.1%) | Speed: 1.2 products/min | ETA: 1657 min | Failed: 0 | Blocked: 0
🔄 Proxy rotations: 3 | Healthy proxies: 19900/19900
[32mINFO[39m [33m PlaywrightCrawler:[39m ✅ Parsed: LM25575MHX/NOPB, Понижающий DC-DC конвертер, ADJ, 1.5А, [HTSSOP-16 EP](=LM25575MH/NOPB)
📊 Progress: 44/2000 (2.2%) | Speed: 1.2 products/min | ETA: 1620 min | Failed: 0 | Blocked: 0
🔄 Proxy rotations: 3 | Healthy proxies: 19900/19900
[32mINFO[39m [33m PlaywrightCrawler:[39m ✅ Parsed: LM2575GT-ADJ, Понижающий DC-DC преобразователь, Uвх=до 40В, Uвых=1.23…37, 1А, 52кГц [TO-220-5L] (=LM2575T-ADJ)
📊 Progress: 45/2000 (2.3%) | Speed: 1.2 products/min | ETA: 1584 min | Failed: 0 | Blocked: 0
🔄 Proxy rotations: 3 | Healthy proxies: 19900/19900
[32mINFO[39m [33m PlaywrightCrawler:[39m Parsing: https://www.chipdip.ru/product/lm2575hvr-5.0-ponizhayuschiy-dc-dc-preobrazovatel-htc-9001087019
[32mINFO[39m [33m PlaywrightCrawler:[39m Using proxy: p.webshare.io:80
[32mINFO[39m [33m PlaywrightCrawler:[39m ✅ Parsed: LM2574N-5.0/NOPB, Импульсный понижающий регулятор напряжения, 5В, 0.5А, [DIP-8]
📊 Progress: 46/2000 (2.3%) | Speed: 1.3 products/min | ETA: 1549 min | Failed: 0 | Blocked: 0
🔄 Proxy rotations: 3 | Healthy proxies: 19900/19900
[32mINFO[39m [33m PlaywrightCrawler:[39m ✅ Parsed: LM2575GR-ADJ, Понижающий DC-DC преобразователь, Uвх=до 40В, Uвых=1.23…37, 1А, 52кГц [TO-263-5L](=LM2575S-ADJ)
📊 Progress: 47/2000 (2.4%) | Speed: 1.3 products/min | ETA: 1516 min | Failed: 0 | Blocked: 0
🔄 Proxy rotations: 3 | Healthy proxies: 19900/19900
[32mINFO[39m [33m PlaywrightCrawler:[39m Parsing: https://www.chipdip.ru/product/lm2575hvr-12-ponizhayuschiy-dc-dc-preobrazovatel-uvh-do-htc-9001087020
[32mINFO[39m [33m PlaywrightCrawler:[39m Using proxy: p.webshare.io:80
[32mINFO[39m [33m PlaywrightCrawler:[39m Parsing: https://www.chipdip.ru/product/lm2575hvr-adj-ponizhayuschiy-dc-dc-preobrazovatel-htc-9001087017
[32mINFO[39m [33m PlaywrightCrawler:[39m Using proxy: p.webshare.io:80
[32mINFO[39m [33m PlaywrightCrawler:[39m Parsing: https://www.chipdip.ru/product/lm2575hvs-12-ponizhayuschiy-dc-dc-preobrazovatel-uvh-do-umw-9001231213
[32mINFO[39m [33m PlaywrightCrawler:[39m Using proxy: p.webshare.io:80
[32mINFO[39m [33m PlaywrightCrawler:[39m ✅ Parsed: LM2575HVR-12, Понижающий DC-DC преобразователь, Uвх=до 60В, Uвых=+12В, 1А, 52кГц [TO-263-5L] (=LM2575HVS-12)
📊 Progress: 48/2000 (2.4%) | Speed: 1.3 products/min | ETA: 1486 min | Failed: 0 | Blocked: 0
🔄 Proxy rotations: 3 | Healthy proxies: 19900/19900
[32mINFO[39m [33m PlaywrightCrawler:[39m ✅ Parsed: LM2575HVR-5.0, Понижающий DC-DC преобразователь, Uвх=до 60В, Uвых=+5В, 1А, 52кГц [TO-263-5L] (=LM2575HVS-5.0)
📊 Progress: 49/2000 (2.5%) | Speed: 1.3 products/min | ETA: 1455 min | Failed: 0 | Blocked: 0
🔄 Proxy rotations: 3 | Healthy proxies: 19900/19900
[32mINFO[39m [33m PlaywrightCrawler:[39m ✅ Parsed: LM2575HVR-ADJ, Понижающий DC-DC преобразователь, Uвх=до 60В, Uвых=1.23…52, 1А, 52кГц [TO-263-5L] (=LM2575HVS-ADJ)
📊 Progress: 50/2000 (2.5%) | Speed: 1.4 products/min | ETA: 1426 min | Failed: 0 | Blocked: 0
🔄 Proxy rotations: 3 | Healthy proxies: 19900/19900
[32mINFO[39m [33m PlaywrightCrawler:[39m ✅ Parsed: LM2575HVS-12, Понижающий DC-DC преобразователь, Uвх=до 60В, Uвых=12В, 1А, 52кГц [TO-263-5L]
📊 Progress: 51/2000 (2.5%) | Speed: 1.4 products/min | ETA: 1399 min | Failed: 0 | Blocked: 0
🔄 Proxy rotations: 3 | Healthy proxies: 19900/19900
[32mINFO[39m [33m PlaywrightCrawler:[39m Parsing: https://www.chipdip.ru/product/lm2575hvs-3.3-ponizhayuschiy-dc-dc-preobrazovatel-umw-9001231209
[32mINFO[39m [33m PlaywrightCrawler:[39m Using proxy: p.webshare.io:80
[32mINFO[39m [33m PlaywrightCrawler:[39m Parsing: https://www.chipdip.ru/product/lm2575hvs-5.0-ponizhayuschiy-dc-dc-preobrazovatel-umw-9001231210
[32mINFO[39m [33m PlaywrightCrawler:[39m Using proxy: p.webshare.io:80
[32mINFO[39m [33m PlaywrightCrawler:[39m Parsing: https://www.chipdip.ru/product/lm2575hvt-5.0-ponizhayuschiy-dc-dc-preobrazovatel-htc-9001087015
[32mINFO[39m [33m PlaywrightCrawler:[39m Using proxy: p.webshare.io:80
[32mINFO[39m [33m PlaywrightCrawler:[39m Parsing: https://www.chipdip.ru/product/lm2575hvs-adj-ponizhayuschiy-dc-dc-preobrazovatel-umw-9001231214
[32mINFO[39m [33m PlaywrightCrawler:[39m Using proxy: p.webshare.io:80
[32mINFO[39m [33m PlaywrightCrawler:[39m ✅ Parsed: LM2575HVS-3.3, Понижающий DC-DC преобразователь, Uвх=до 60В, Uвых=3.3В, 1А, 52кГц [TO-263-5L]
📊 Progress: 52/2000 (2.6%) | Speed: 1.4 products/min | ETA: 1375 min | Failed: 0 | Blocked: 0
🔄 Proxy rotations: 3 | Healthy proxies: 19900/19900
[32mINFO[39m [33m PlaywrightCrawler:[39m Parsing: https://www.chipdip.ru/product/lm2575s-12-ponizhayuschiy-dc-dc-preobrazovatel-uvh-do-umw-9001169290
[32mINFO[39m [33m PlaywrightCrawler:[39m Using proxy: p.webshare.io:80
[32mINFO[39m [33m PlaywrightCrawler:[39m Parsing: https://www.chipdip.ru/product/lm2575hvt-adj-ponizhayuschiy-dc-dc-preobrazovatel-htc-9001087016
[32mINFO[39m [33m PlaywrightCrawler:[39m Using proxy: p.webshare.io:80
[32mINFO[39m [33m PlaywrightCrawler:[39m ✅ Parsed: LM2575HVS-5.0, Понижающий DC-DC преобразователь, Uвх=до 60В, Uвых=5В, 1А, 52кГц [TO-263-5L]
📊 Progress: 53/2000 (2.6%) | Speed: 1.4 products/min | ETA: 1349 min | Failed: 0 | Blocked: 0
🔄 Proxy rotations: 3 | Healthy proxies: 19900/19900
[32mINFO[39m [33m PlaywrightCrawler:[39m Parsing: https://www.chipdip.ru/product/lm2575s-adj-ponizhayuschiy-dc-dc-preobrazovatel-uvh-do-umw-9001169287
[32mINFO[39m [33m PlaywrightCrawler:[39m Using proxy: p.webshare.io:80
[32mINFO[39m [33m PlaywrightCrawler:[39m Parsing: https://www.chipdip.ru/product/lm2575s-5.0-ponizhayuschiy-dc-dc-preobrazovatel-uvh-do-umw-9001169288
[32mINFO[39m [33m PlaywrightCrawler:[39m Using proxy: p.webshare.io:80
[32mINFO[39m [33m PlaywrightCrawler:[39m Parsing: https://www.chipdip.ru/product/lm2575s-3.3-ponizhayuschiy-dc-dc-preobrazovatel-uvh-do-umw-9001169289
[32mINFO[39m [33m PlaywrightCrawler:[39m Using proxy: p.webshare.io:80
[32mINFO[39m [33m PlaywrightCrawler:[39m ✅ Parsed: LM2575HVT-5.0, Понижающий DC-DC преобразователь, Uвх=до 60В, Uвых=+5В, 1А, 52кГц [TO-220-5L] (=LM2575T-5.0)
📊 Progress: 54/2000 (2.7%) | Speed: 1.5 products/min | ETA: 1324 min | Failed: 0 | Blocked: 0
🔄 Proxy rotations: 3 | Healthy proxies: 19900/19900
[32mINFO[39m [33m PlaywrightCrawler:[39m ✅ Parsed: LM2575HVS-ADJ, Понижающий DC-DC преобразователь, Uвх=до 60В, Uвых=1.23…57В, 1А, 52кГц [TO-263-5L]
📊 Progress: 55/2000 (2.8%) | Speed: 1.5 products/min | ETA: 1300 min | Failed: 0 | Blocked: 0
🔄 Proxy rotations: 3 | Healthy proxies: 19900/19900
[32mINFO[39m [33m PlaywrightCrawler:[39m ✅ Parsed: LM2575S-12, Понижающий DC-DC преобразователь, Uвх=до 40В, Uвых=12В, 1А, 52кГц [TO-263-5]
📊 Progress: 56/2000 (2.8%) | Speed: 1.5 products/min | ETA: 1277 min | Failed: 0 | Blocked: 0
🔄 Proxy rotations: 3 | Healthy proxies: 19900/19900
[32mINFO[39m [33m PlaywrightCrawler:[39m ✅ Parsed: LM2575HVT-ADJ, Понижающий DC-DC преобразователь, Uвх=до 60В, Uвых=1.23…52, 1А, 52кГц [TO-220-5L] (=LM2575T-ADJ)
📊 Progress: 57/2000 (2.9%) | Speed: 1.5 products/min | ETA: 1255 min | Failed: 0 | Blocked: 0
🔄 Proxy rotations: 3 | Healthy proxies: 19900/19900
[32mINFO[39m [33m PlaywrightCrawler:[39m ✅ Parsed: LM2575S-ADJ, Понижающий DC-DC преобразователь, Uвх=до 40В, Uвых=1.23…37, 1А, 52кГц [TO-263-5]
📊 Progress: 58/2000 (2.9%) | Speed: 1.6 products/min | ETA: 1233 min | Failed: 0 | Blocked: 0
🔄 Proxy rotations: 3 | Healthy proxies: 19900/19900
[32mINFO[39m [33m PlaywrightCrawler:[39m ✅ Parsed: LM2575S-3.3, Понижающий DC-DC преобразователь, Uвх=до 40В, Uвых=3.3В, 1А, 52кГц [TO-263-5]
📊 Progress: 59/2000 (2.9%) | Speed: 1.6 products/min | ETA: 1211 min | Failed: 0 | Blocked: 0
🔄 Proxy rotations: 3 | Healthy proxies: 19900/19900
[32mINFO[39m [33m PlaywrightCrawler:[39m ✅ Parsed: LM2575S-5.0, Понижающий DC-DC преобразователь, Uвх=до 40В, Uвых=5В, 1А, 52кГц [TO-263-5]
📊 Progress: 60/2000 (3.0%) | Speed: 1.6 products/min | ETA: 1191 min | Failed: 0 | Blocked: 0
🔄 Proxy rotations: 3 | Healthy proxies: 19900/19900
[32mINFO[39m [33m PlaywrightCrawler:[39m All requests from the queue have been processed, the crawler will shut down.
[32mINFO[39m [33m PlaywrightCrawler:[39m Final request statistics:[90m {"requestsFinished":30,"requestsFailed":0,"retryHistogram":[30],"requestAvgFailedDurationMillis":null,"requestAvgFinishedDurationMillis":16264,"requestsFinishedPerMinute":20,"requestsFailedPerMinute":0,"requestTotalDurationMillis":487926,"requestsTotal":30,"crawlerRuntimeMillis":90804}[39m
[32mINFO[39m [33m PlaywrightCrawler:[39m Finished! Total 30 requests: 30 succeeded, 0 failed.[90m {"terminal":true}[39m
✅ Batch completed. Processed: 60/2000

🔄 Batch 3: Processing 30 products with proxy p.webshare.io:80
[32mINFO[39m [33m PlaywrightCrawler:[39m Starting the crawler.
[32mINFO[39m [33m PlaywrightCrawler:[39m Parsing: https://www.chipdip.ru/product/lm2576hvr-3.3-ponizhayuschiy-dc-dc-preobrazovatel-htc-9001087018
[32mINFO[39m [33m PlaywrightCrawler:[39m Using proxy: p.webshare.io:80
[32mINFO[39m [33m PlaywrightCrawler:[39m Parsing: https://www.chipdip.ru/product/lm2576hvr-adj-ponizhayuschiy-dc-dc-preobrazovatel-htc-9000543840
[32mINFO[39m [33m PlaywrightCrawler:[39m Using proxy: p.webshare.io:80
[32mINFO[39m [33m PlaywrightCrawler:[39m ✅ Parsed: LM2576HVR-3.3, Понижающий DC-DC преобразователь, Uвх=до 60В, Uвых=+3.3В, 3А, 52кГц [TO-263-5L] (=LM2576HVS-ADJ)
📊 Progress: 61/2000 (3.0%) | Speed: 1.6 products/min | ETA: 1184 min | Failed: 0 | Blocked: 0
🔄 Proxy rotations: 4 | Healthy proxies: 19900/19900
[32mINFO[39m [33m PlaywrightCrawler:[39m ✅ Parsed: LM2576HVR-ADJ, Понижающий DC-DC преобразователь, Uвх=до 60В, Uвых=1.23…37, 3А, 52кГц [TO-263-5L] (=LM2576HVS-ADJ)
📊 Progress: 62/2000 (3.1%) | Speed: 1.7 products/min | ETA: 1165 min | Failed: 0 | Blocked: 0
🔄 Proxy rotations: 4 | Healthy proxies: 19900/19900
[32mINFO[39m [33m PlaywrightCrawler:[39m Parsing: https://www.chipdip.ru/product/lm2576hvs-3.3-ponizhayuschiy-dc-dc-preobrazovatel-umw-9001231207
[32mINFO[39m [33m PlaywrightCrawler:[39m Using proxy: p.webshare.io:80
[32mINFO[39m [33m PlaywrightCrawler:[39m Parsing: https://www.chipdip.ru/product/lm2576hvs-5.0-ponizhayuschiy-dc-dc-preobrazovatel-umw-9001231206
[32mINFO[39m [33m PlaywrightCrawler:[39m Using proxy: p.webshare.io:80
[32mINFO[39m [33m PlaywrightCrawler:[39m Parsing: https://www.chipdip.ru/product/lm2576hvs-12-ponizhayuschiy-dc-dc-preobrazovatel-uvh-do-umw-9001231217
[32mINFO[39m [33m PlaywrightCrawler:[39m Using proxy: p.webshare.io:80
[32mINFO[39m [33m PlaywrightCrawler:[39m Parsing: https://www.chipdip.ru/product/lm2576hvs-adj-ponizhayuschiy-dc-dc-preobrazovatel-umw-9001231216
[32mINFO[39m [33m PlaywrightCrawler:[39m Using proxy: p.webshare.io:80
[32mINFO[39m [33m PlaywrightCrawler:[39m Parsing: https://www.chipdip.ru/product/lm2576hvt-adj-ponizhayuschiy-dc-dc-preobrazovatel-htc-9000543841
[32mINFO[39m [33m PlaywrightCrawler:[39m Using proxy: p.webshare.io:80
[32mINFO[39m [33m PlaywrightCrawler:[39m ✅ Parsed: LM2576HVS-3.3, Понижающий DC-DC преобразователь, Uвх=до 60В, Uвых=3.3В, 3А, 52кГц [TO-263-5L]
📊 Progress: 63/2000 (3.1%) | Speed: 1.7 products/min | ETA: 1157 min | Failed: 0 | Blocked: 0
🔄 Proxy rotations: 4 | Healthy proxies: 19900/19900
[32mINFO[39m [33m PlaywrightCrawler:[39m ✅ Parsed: LM2576HVS-5.0, Понижающий DC-DC преобразователь, Uвх=до 60В, Uвых=5В, 3А, 52кГц [TO-263-5L]
📊 Progress: 64/2000 (3.2%) | Speed: 1.7 products/min | ETA: 1139 min | Failed: 0 | Blocked: 0
🔄 Proxy rotations: 4 | Healthy proxies: 19900/19900
[32mINFO[39m [33m PlaywrightCrawler:[39m ✅ Parsed: LM2576HVS-12, Понижающий DC-DC преобразователь, Uвх=до 60В, Uвых=12В, 3А, 52кГц [TO-263-5L]
📊 Progress: 65/2000 (3.3%) | Speed: 1.7 products/min | ETA: 1122 min | Failed: 0 | Blocked: 0
🔄 Proxy rotations: 4 | Healthy proxies: 19900/19900
[32mINFO[39m [33m PlaywrightCrawler:[39m ✅ Parsed: LM2576HVS-ADJ, Понижающий DC-DC преобразователь, Uвх=до 60В, Uвых=1.23…57В, 3А, 52кГц [TO-263-5L]
📊 Progress: 66/2000 (3.3%) | Speed: 1.8 products/min | ETA: 1105 min | Failed: 0 | Blocked: 0
🔄 Proxy rotations: 4 | Healthy proxies: 19900/19900
[32mINFO[39m [33m PlaywrightCrawler:[39m ✅ Parsed: LM2576HVT-ADJ, Понижающий DC-DC преобразователь, Uвх=до 60В, Uвых=1.23…37, 3А, 52кГц [TO-220-5L.]
📊 Progress: 67/2000 (3.4%) | Speed: 1.8 products/min | ETA: 1088 min | Failed: 0 | Blocked: 0
🔄 Proxy rotations: 4 | Healthy proxies: 19900/19900
[32mINFO[39m [33m PlaywrightCrawler:Statistics:[39m PlaywrightCrawler request statistics:[90m {"requestAvgFailedDurationMillis":null,"requestAvgFinishedDurationMillis":24975,"requestsFinishedPerMinute":7,"requestsFailedPerMinute":0,"requestTotalDurationMillis":174824,"requestsTotal":7,"crawlerRuntimeMillis":60107,"retryHistogram":[7]}[39m
[32mINFO[39m [33m PlaywrightCrawler:AutoscaledPool:[39m state[90m {"currentConcurrency":7,"desiredConcurrency":8,"systemStatus":{"isSystemIdle":true,"memInfo":{"isOverloaded":false,"limitRatio":0.2,"actualRatio":0},"eventLoopInfo":{"isOverloaded":false,"limitRatio":0.6,"actualRatio":0},"cpuInfo":{"isOverloaded":false,"limitRatio":0.4,"actualRatio":0},"clientInfo":{"isOverloaded":false,"limitRatio":0.3,"actualRatio":0}}}[39m
[32mINFO[39m [33m PlaywrightCrawler:[39m Parsing: https://www.chipdip.ru/product/lm2576s-12-ponizhayuschiy-dc-dc-preobrazovatel-uvh-do-umw-9001169286
[32mINFO[39m [33m PlaywrightCrawler:[39m Using proxy: p.webshare.io:80
[32mINFO[39m [33m PlaywrightCrawler:[39m Parsing: https://www.chipdip.ru/product/lm2576s-3.3-ponizhayuschiy-dc-dc-preobrazovatel-uvh-do-umw-9001169285
[32mINFO[39m [33m PlaywrightCrawler:[39m Using proxy: p.webshare.io:80
[32mINFO[39m [33m PlaywrightCrawler:[39m Parsing: https://www.chipdip.ru/product/lm2576s-5.0-ponizhayuschiy-dc-dc-preobrazovatel-uvh-do-umw-9001169284
[32mINFO[39m [33m PlaywrightCrawler:[39m Using proxy: p.webshare.io:80
[32mINFO[39m [33m PlaywrightCrawler:[39m Parsing: https://www.chipdip.ru/product/lm2576r-adj-ponizhayuschiy-dc-dc-preobrazovatel-uvh-do-htc-9000543838
[32mINFO[39m [33m PlaywrightCrawler:[39m Using proxy: p.webshare.io:80
[32mINFO[39m [33m PlaywrightCrawler:[39m Parsing: https://www.chipdip.ru/product/lm2576t-5.0-nopb-impulsnyy-ponizhayuschiy-texas-instruments-10804
[32mINFO[39m [33m PlaywrightCrawler:[39m Using proxy: p.webshare.io:80
[32mINFO[39m [33m PlaywrightCrawler:[39m Parsing: https://www.chipdip.ru/product/lm2576t-12-nopb-impulsnyy-ponizhayuschiy-texas-instruments-810205389
[32mINFO[39m [33m PlaywrightCrawler:[39m Using proxy: p.webshare.io:80
[32mINFO[39m [33m PlaywrightCrawler:[39m Parsing: https://www.chipdip.ru/product/lm2576s-adj-ponizhayuschiy-dc-dc-preobrazovatel-uvh-do-umw-9001169283
[32mINFO[39m [33m PlaywrightCrawler:[39m Using proxy: p.webshare.io:80
[32mINFO[39m [33m PlaywrightCrawler:[39m ✅ Parsed: LM2576S-12, Понижающий DC-DC преобразователь, Uвх=до 40В, Uвых=12В , 3А, 52кГц [TO-263-5]
📊 Progress: 68/2000 (3.4%) | Speed: 1.8 products/min | ETA: 1083 min | Failed: 0 | Blocked: 0
🔄 Proxy rotations: 4 | Healthy proxies: 19900/19900
[32mINFO[39m [33m PlaywrightCrawler:[39m Parsing: https://www.chipdip.ru/product/lm2576t-adj-ponizhayuschiy-dc-dc-preobrazovatel-uvh-do-htc-9000543839
[32mINFO[39m [33m PlaywrightCrawler:[39m Using proxy: p.webshare.io:80
[32mINFO[39m [33m PlaywrightCrawler:[39m ✅ Parsed: LM2576S-3.3, Понижающий DC-DC преобразователь, Uвх=до 40В, Uвых=3.3В , 3А, 52кГц [TO-263-5]
📊 Progress: 69/2000 (3.5%) | Speed: 1.8 products/min | ETA: 1068 min | Failed: 0 | Blocked: 0
🔄 Proxy rotations: 4 | Healthy proxies: 19900/19900
[32mINFO[39m [33m PlaywrightCrawler:[39m ✅ Parsed: LM2576S-5.0, Понижающий DC-DC преобразователь, Uвх=до 40В, Uвых=5В , 3А, 52кГц [TO-263-5]
📊 Progress: 70/2000 (3.5%) | Speed: 1.8 products/min | ETA: 1052 min | Failed: 0 | Blocked: 0
🔄 Proxy rotations: 4 | Healthy proxies: 19900/19900
[32mINFO[39m [33m PlaywrightCrawler:[39m ✅ Parsed: LM2576R-ADJ, Понижающий DC-DC преобразователь, Uвх=до 40В, Uвых=1.23…37, 3А, 52кГц [TO-263-5L] (=LM2576S-ADJ)
📊 Progress: 71/2000 (3.5%) | Speed: 1.9 products/min | ETA: 1037 min | Failed: 0 | Blocked: 0
🔄 Proxy rotations: 4 | Healthy proxies: 19900/19900
[32mINFO[39m [33m PlaywrightCrawler:[39m ✅ Parsed: LM2576T-5.0/NOPB, Импульсный понижающий регулятор напряжения, 5В, 3А, [TO-220-5-T]
📊 Progress: 72/2000 (3.6%) | Speed: 1.9 products/min | ETA: 1022 min | Failed: 0 | Blocked: 0
🔄 Proxy rotations: 4 | Healthy proxies: 19900/19900
[32mINFO[39m [33m PlaywrightCrawler:[39m ✅ Parsed: LM2576S-ADJ, Понижающий DC-DC преобразователь, Uвх=до 40В, Uвых=1.23…37В, 3А, 52кГц [TO-263-5]
📊 Progress: 73/2000 (3.6%) | Speed: 1.9 products/min | ETA: 1008 min | Failed: 0 | Blocked: 0
🔄 Proxy rotations: 4 | Healthy proxies: 19900/19900
[32mINFO[39m [33m PlaywrightCrawler:[39m ✅ Parsed: LM2576T-12/NOPB, Импульсный понижающий регулятор напряжения, 12В, 3А, [TO-220-5]
📊 Progress: 74/2000 (3.7%) | Speed: 1.9 products/min | ETA: 994 min | Failed: 0 | Blocked: 0
🔄 Proxy rotations: 4 | Healthy proxies: 19900/19900
[32mINFO[39m [33m PlaywrightCrawler:[39m ✅ Parsed: LM2576T-ADJ, Понижающий DC-DC преобразователь, Uвх=до 40В, Uвых=1.23…37, 3А, 52кГц [TO-220-5L] (=LM2576T-ADJ)
📊 Progress: 75/2000 (3.8%) | Speed: 2.0 products/min | ETA: 981 min | Failed: 0 | Blocked: 0
🔄 Proxy rotations: 4 | Healthy proxies: 19900/19900
[32mINFO[39m [33m PlaywrightCrawler:[39m Parsing: https://www.chipdip.ru/product/lm2591hvs-adj-ponizhayuschiy-dc-dc-preobrazovatel-umw-9001633714
[32mINFO[39m [33m PlaywrightCrawler:[39m Using proxy: p.webshare.io:80
[32mINFO[39m [33m PlaywrightCrawler:[39m Parsing: https://www.chipdip.ru/product/lm2577sx-adj-nopb-dc-dc-preobrazovatel-texas-instruments-331533099
[32mINFO[39m [33m PlaywrightCrawler:[39m Using proxy: p.webshare.io:80
[32mINFO[39m [33m PlaywrightCrawler:[39m Parsing: https://www.chipdip.ru/product/lm2591hvs-5.0-ponizhayuschiy-dc-dc-preobrazovatel-umw-9001633713
[32mINFO[39m [33m PlaywrightCrawler:[39m Using proxy: p.webshare.io:80
[32mINFO[39m [33m PlaywrightCrawler:[39m Parsing: https://www.chipdip.ru/product/lm2577t-adj-nopb-impulsnyy-povyshayuschiy-texas-instruments-37828
[32mINFO[39m [33m PlaywrightCrawler:[39m Using proxy: p.webshare.io:80
[32mINFO[39m [33m PlaywrightCrawler:[39m Parsing: https://www.chipdip.ru/product/lm2592hvs-adj-ponizhayuschiy-dc-dc-preobrazovatel-umw-9001633711
[32mINFO[39m [33m PlaywrightCrawler:[39m Using proxy: p.webshare.io:80
[32mINFO[39m [33m PlaywrightCrawler:[39m Parsing: https://www.chipdip.ru/product/lm2594hvm-12-dc-dc-preobrazovatel-step-down-uvh-4.5-60v-umw-9001169282
[32mINFO[39m [33m PlaywrightCrawler:[39m Using proxy: p.webshare.io:80
[32mINFO[39m [33m PlaywrightCrawler:[39m Parsing: https://www.chipdip.ru/product/lm2594hvm-3.3-dc-dc-preobrazovatel-step-down-umw-9001333342
[32mINFO[39m [33m PlaywrightCrawler:[39m Using proxy: p.webshare.io:80
[32mINFO[39m [33m PlaywrightCrawler:[39m Parsing: https://www.chipdip.ru/product/lm2592hvs-5.0-ponizhayuschiy-dc-dc-preobrazovatel-umw-9001633712
[32mINFO[39m [33m PlaywrightCrawler:[39m Using proxy: p.webshare.io:80
[32mINFO[39m [33m PlaywrightCrawler:[39m Parsing: https://www.chipdip.ru/product/lm2585sx-adj-nopb-dc-dc-preobrazovatel-texas-instruments-302253328
[32mINFO[39m [33m PlaywrightCrawler:[39m Using proxy: p.webshare.io:80
[32mINFO[39m [33m PlaywrightCrawler:[39m ✅ Parsed: LM2591HVS-ADJ, Понижающий DC-DC преобразователь Uвых=ADJ, 1А, 150кГц [TO-263-5L.]
📊 Progress: 76/2000 (3.8%) | Speed: 2.0 products/min | ETA: 976 min | Failed: 0 | Blocked: 0
🔄 Proxy rotations: 4 | Healthy proxies: 19900/19900
[32mINFO[39m [33m PlaywrightCrawler:[39m Parsing: https://www.chipdip.ru/product/lm2576t-adjg-impulsnyy-ponizhayuschiy-on-semiconductor-244865210
[32mINFO[39m [33m PlaywrightCrawler:[39m Using proxy: p.webshare.io:80
[32mINFO[39m [33m PlaywrightCrawler:[39m ✅ Parsed: LM2591HVS-5.0, Понижающий DC-DC преобразователь Uвых=5.0В, 1А, 150кГц [TO-263-5L.]
📊 Progress: 77/2000 (3.9%) | Speed: 2.0 products/min | ETA: 963 min | Failed: 0 | Blocked: 0
🔄 Proxy rotations: 4 | Healthy proxies: 19900/19900
[32mINFO[39m [33m PlaywrightCrawler:[39m ✅ Parsed: LM2577SX-ADJ/NOPB, DC-DC преобразователь, Boost, Flyback, Forward Converter, Uвх=до 40В, Uвых=1.23…60В, 3А [D2PAK-5.]
📊 Progress: 78/2000 (3.9%) | Speed: 2.0 products/min | ETA: 950 min | Failed: 0 | Blocked: 0
🔄 Proxy rotations: 4 | Healthy proxies: 19900/19900
[32mINFO[39m [33m PlaywrightCrawler:[39m ✅ Parsed: LM2577T-ADJ/NOPB, Импульсный повышающий регулятор напряжения, 3А, диапазон входа 3.5В…40В, [TO-220-5]
📊 Progress: 79/2000 (4.0%) | Speed: 2.0 products/min | ETA: 938 min | Failed: 0 | Blocked: 0
🔄 Proxy rotations: 4 | Healthy proxies: 19900/19900
[32mINFO[39m [33m PlaywrightCrawler:[39m ✅ Parsed: LM2594HVM-3.3, DC-DC преобразователь, Step-Down, Uвх.=4.5…60В, Uвых=3.3В, Iвых= 1.5А, 150кГц [SOIC-8.]
📊 Progress: 80/2000 (4.0%) | Speed: 2.1 products/min | ETA: 926 min | Failed: 0 | Blocked: 0
🔄 Proxy rotations: 4 | Healthy proxies: 19900/19900
[32mINFO[39m [33m PlaywrightCrawler:[39m ✅ Parsed: LM2594HVM-12, DC-DC преобразователь, Step-Down, Uвх.=4.5…60В, Uвых=12В, Iвых= 1.5А, 150кГц [SOIC-8.]
📊 Progress: 81/2000 (4.0%) | Speed: 2.1 products/min | ETA: 914 min | Failed: 0 | Blocked: 0
🔄 Proxy rotations: 4 | Healthy proxies: 19900/19900
[32mINFO[39m [33m PlaywrightCrawler:[39m ✅ Parsed: LM2592HVS-ADJ, Понижающий DC-DC преобразователь Uвых=ADJ, 2А, 150кГц [TO-263-5L.]
📊 Progress: 82/2000 (4.1%) | Speed: 2.1 products/min | ETA: 903 min | Failed: 0 | Blocked: 0
🔄 Proxy rotations: 4 | Healthy proxies: 19900/19900
[32mINFO[39m [33m PlaywrightCrawler:[39m ✅ Parsed: LM2592HVS-5.0, Понижающий DC-DC преобразователь Uвых=5.0В, 2А, 150кГц [TO-263-5L.]
📊 Progress: 83/2000 (4.2%) | Speed: 2.1 products/min | ETA: 892 min | Failed: 0 | Blocked: 0
🔄 Proxy rotations: 4 | Healthy proxies: 19900/19900
[32mINFO[39m [33m PlaywrightCrawler:[39m ✅ Parsed: LM2585SX-ADJ/NOPB, DC-DC преобразователь, Uвх=4…40В, Uвых=1.23...60В, 3А, Step-Up [TO-263-5 / D2PAK-5.]
📊 Progress: 84/2000 (4.2%) | Speed: 2.2 products/min | ETA: 881 min | Failed: 0 | Blocked: 0
🔄 Proxy rotations: 4 | Healthy proxies: 19900/19900
[32mINFO[39m [33m PlaywrightCrawler:[39m ✅ Parsed: LM2576T-ADJG, Импульсный понижающий регулятор напряжения с регулировкой выхода 1.23В…37В, 3А, [TO-220-5]
📊 Progress: 85/2000 (4.3%) | Speed: 2.2 products/min | ETA: 871 min | Failed: 0 | Blocked: 0
🔄 Proxy rotations: 4 | Healthy proxies: 19900/19900
[32mINFO[39m [33m PlaywrightCrawler:[39m Parsing: https://www.chipdip.ru/product/lm2594hvm-5.0-dc-dc-preobrazovatel-step-down-umw-9001106134
[32mINFO[39m [33m PlaywrightCrawler:[39m Using proxy: p.webshare.io:80
[32mINFO[39m [33m PlaywrightCrawler:[39m Parsing: https://www.chipdip.ru/product/lm2594m-3.3-dc-dc-preobrazovatel-step-down-uvh-4.5-45v-umw-9001333345
[32mINFO[39m [33m PlaywrightCrawler:[39m Using proxy: p.webshare.io:80
[32mINFO[39m [33m PlaywrightCrawler:[39m Parsing: https://www.chipdip.ru/product/lm2594m-5.0-dc-dc-preobrazovatel-step-down-uvh-4.5-45v-umw-9001633722
[32mINFO[39m [33m PlaywrightCrawler:[39m Using proxy: p.webshare.io:80
[32mINFO[39m [33m PlaywrightCrawler:[39m Parsing: https://www.chipdip.ru/product/lm2594hvm-adj-dc-dc-preobrazovatel-step-down-umw-9001106135
[32mINFO[39m [33m PlaywrightCrawler:[39m Using proxy: p.webshare.io:80
[32mINFO[39m [33m PlaywrightCrawler:Statistics:[39m PlaywrightCrawler request statistics:[90m {"requestAvgFailedDurationMillis":null,"requestAvgFinishedDurationMillis":26232,"requestsFinishedPerMinute":12,"requestsFailedPerMinute":0,"requestTotalDurationMillis":655808,"requestsTotal":25,"crawlerRuntimeMillis":120109,"retryHistogram":[25]}[39m
[32mINFO[39m [33m PlaywrightCrawler:AutoscaledPool:[39m state[90m {"currentConcurrency":5,"desiredConcurrency":10,"systemStatus":{"isSystemIdle":true,"memInfo":{"isOverloaded":false,"limitRatio":0.2,"actualRatio":0},"eventLoopInfo":{"isOverloaded":false,"limitRatio":0.6,"actualRatio":0},"cpuInfo":{"isOverloaded":false,"limitRatio":0.4,"actualRatio":0},"clientInfo":{"isOverloaded":false,"limitRatio":0.3,"actualRatio":0}}}[39m
[32mINFO[39m [33m PlaywrightCrawler:[39m Parsing: https://www.chipdip.ru/product/lm2594m-adj-dc-dc-preobrazovatel-step-down-uvh-4.5-45v-umw-9001633723
[32mINFO[39m [33m PlaywrightCrawler:[39m Using proxy: p.webshare.io:80
[32mINFO[39m [33m PlaywrightCrawler:[39m ✅ Parsed: LM2594HVM-5.0, DC-DC преобразователь, Step-Down, Uвх.=4.5…60В, Uвых=5В, Iвых= 1.5А, 150кГц [SOIC-8.]
📊 Progress: 86/2000 (4.3%) | Speed: 2.2 products/min | ETA: 865 min | Failed: 0 | Blocked: 0
🔄 Proxy rotations: 4 | Healthy proxies: 19900/19900
[32mINFO[39m [33m PlaywrightCrawler:[39m ✅ Parsed: LM2594M-3.3, DC-DC преобразователь, Step-Down, Uвх.=4.5…45В, Uвых=3.3В, Iвых= 1.5А, 150кГц [SOIC-8.]
📊 Progress: 87/2000 (4.3%) | Speed: 2.2 products/min | ETA: 855 min | Failed: 0 | Blocked: 0
🔄 Proxy rotations: 4 | Healthy proxies: 19900/19900
[32mINFO[39m [33m PlaywrightCrawler:[39m ✅ Parsed: LM2594HVM-ADJ, DC-DC преобразователь, Step-Down, Uвх.=4.5…60В, Uвых=1.2.…37В, Iвых= 1.5А, 150кГц [SOIC-8.]
📊 Progress: 88/2000 (4.4%) | Speed: 2.3 products/min | ETA: 846 min | Failed: 0 | Blocked: 0
🔄 Proxy rotations: 4 | Healthy proxies: 19900/19900
[32mINFO[39m [33m PlaywrightCrawler:[39m ✅ Parsed: LM2594M-5.0, DC-DC преобразователь, Step-Down, Uвх.=4.5…45В, Uвых=5.0В, Iвых= 1.5А, 150кГц [SOIC-8.]
📊 Progress: 89/2000 (4.5%) | Speed: 2.3 products/min | ETA: 836 min | Failed: 0 | Blocked: 0
🔄 Proxy rotations: 4 | Healthy proxies: 19900/19900
[32mINFO[39m [33m PlaywrightCrawler:[39m ✅ Parsed: LM2594M-ADJ, DC-DC преобразователь, Step-Down, Uвх.=4.5…45В, Uвых=1.27...37В, Iвых= 1.5А, 150кГц [SOIC-8.]
📊 Progress: 90/2000 (4.5%) | Speed: 2.3 products/min | ETA: 826 min | Failed: 0 | Blocked: 0
🔄 Proxy rotations: 4 | Healthy proxies: 19900/19900
[32mINFO[39m [33m PlaywrightCrawler:[39m All requests from the queue have been processed, the crawler will shut down.
[32mINFO[39m [33m PlaywrightCrawler:[39m Final request statistics:[90m {"requestsFinished":30,"requestsFailed":0,"retryHistogram":[30],"requestAvgFailedDurationMillis":null,"requestAvgFinishedDurationMillis":25294,"requestsFinishedPerMinute":14,"requestsFailedPerMinute":0,"requestTotalDurationMillis":758817,"requestsTotal":30,"crawlerRuntimeMillis":125868}[39m
[32mINFO[39m [33m PlaywrightCrawler:[39m Finished! Total 30 requests: 30 succeeded, 0 failed.[90m {"terminal":true}[39m
✅ Batch completed. Processed: 90/2000

🔄 Batch 4: Processing 30 products with proxy p.webshare.io:80
[32mINFO[39m [33m PlaywrightCrawler:[39m Starting the crawler.
[32mINFO[39m [33m PlaywrightCrawler:[39m Parsing: https://www.chipdip.ru/product/lm2595s-5.0-ponizhayuschiy-dc-dc-preobrazovatel-umw-9001633728
[32mINFO[39m [33m PlaywrightCrawler:[39m Using proxy: p.webshare.io:80
[32mINFO[39m [33m PlaywrightCrawler:[39m Parsing: https://www.chipdip.ru/product/lm2595s-adj-ponizhayuschiy-dc-dc-preobrazovatel-umw-9001633729
[32mINFO[39m [33m PlaywrightCrawler:[39m Using proxy: p.webshare.io:80
[32mINFO[39m [33m PlaywrightCrawler:[39m ✅ Parsed: LM2595S-ADJ, Понижающий DC-DC преобразователь Uвых=ADJ, 1А, 150кГц [TO-263-5L]
📊 Progress: 91/2000 (4.5%) | Speed: 2.3 products/min | ETA: 822 min | Failed: 0 | Blocked: 0
🔄 Proxy rotations: 5 | Healthy proxies: 19900/19900
[32mINFO[39m [33m PlaywrightCrawler:[39m ✅ Parsed: LM2595S-5.0, Понижающий DC-DC преобразователь Uвых=5.0В, 1А, 150кГц [TO-263-5L]
📊 Progress: 92/2000 (4.6%) | Speed: 2.3 products/min | ETA: 813 min | Failed: 0 | Blocked: 0
🔄 Proxy rotations: 5 | Healthy proxies: 19900/19900
[32mINFO[39m [33m PlaywrightCrawler:[39m Parsing: https://www.chipdip.ru/product/lm2596hvgr-12-ponizhayuschiy-dc-dc-preobrazovatel-htc-9000660821
[32mINFO[39m [33m PlaywrightCrawler:[39m Using proxy: p.webshare.io:80
[32mINFO[39m [33m PlaywrightCrawler:[39m Parsing: https://www.chipdip.ru/product/lm2596hvgr-3.3-ponizhayuschiy-dc-dc-preobrazovatel-htc-9000660819
[32mINFO[39m [33m PlaywrightCrawler:[39m Using proxy: p.webshare.io:80
[32mINFO[39m [33m PlaywrightCrawler:[39m Parsing: https://www.chipdip.ru/product/lm2596dsadjr4g-ponizhayuschiy-regulyator-on-semiconductor-9000091160
[32mINFO[39m [33m PlaywrightCrawler:[39m Using proxy: p.webshare.io:80
[32mINFO[39m [33m PlaywrightCrawler:[39m Parsing: https://www.chipdip.ru/product/lm2596hvgr-5.0-ponizhayuschiy-dc-dc-preobrazovatel-htc-9000660820
[32mINFO[39m [33m PlaywrightCrawler:[39m Using proxy: p.webshare.io:80
[32mINFO[39m [33m PlaywrightCrawler:[39m ✅ Parsed: LM2596HVGR-12, Понижающий DC-DC преобразователь, Uвх=до 60В, Uвых=+12В, 3А, 150кГц [TO-263-5L]
📊 Progress: 93/2000 (4.7%) | Speed: 2.4 products/min | ETA: 807 min | Failed: 0 | Blocked: 0
🔄 Proxy rotations: 5 | Healthy proxies: 19900/19900
[32mINFO[39m [33m PlaywrightCrawler:[39m ✅ Parsed: LM2596HVGR-3.3, Понижающий DC-DC преобразователь, Uвх=до 60В, Uвых=+3.3В, 3А, 150кГц [TO-263-5L]
📊 Progress: 94/2000 (4.7%) | Speed: 2.4 products/min | ETA: 798 min | Failed: 0 | Blocked: 0
🔄 Proxy rotations: 5 | Healthy proxies: 19900/19900
[32mINFO[39m [33m PlaywrightCrawler:[39m ✅ Parsed: LM2596DSADJR4G, Понижающий регулятор 3A BUCK SWCH 150KHZ, [D2-PAK-5]
📊 Progress: 95/2000 (4.8%) | Speed: 2.4 products/min | ETA: 790 min | Failed: 0 | Blocked: 0
🔄 Proxy rotations: 5 | Healthy proxies: 19900/19900
[32mINFO[39m [33m PlaywrightCrawler:[39m ✅ Parsed: LM2596HVGR-5.0, Понижающий DC-DC преобразователь, Uвх=до 60В, Uвых=+5В, 3А, 150кГц [TO-263-5L]
📊 Progress: 96/2000 (4.8%) | Speed: 2.4 products/min | ETA: 782 min | Failed: 0 | Blocked: 0
🔄 Proxy rotations: 5 | Healthy proxies: 19900/19900
[32mINFO[39m [33m PlaywrightCrawler:[39m Parsing: https://www.chipdip.ru/product/lm2596hvgt-adj-ponizhayuschiy-dc-dc-preobrazovatel-htc-9000543845
[32mINFO[39m [33m PlaywrightCrawler:[39m Using proxy: p.webshare.io:80
[32mINFO[39m [33m PlaywrightCrawler:[39m Parsing: https://www.chipdip.ru/product/lm2596hvgr-adj-ponizhayuschiy-dc-dc-preobrazovatel-htc-9000543844
[32mINFO[39m [33m PlaywrightCrawler:[39m Using proxy: p.webshare.io:80
[32mINFO[39m [33m PlaywrightCrawler:[39m Parsing: https://www.chipdip.ru/product/lm2596hvs-12-ponizhayuschiy-dc-dc-preobrazovatel-uvh-do-umw-9001231212
[32mINFO[39m [33m PlaywrightCrawler:[39m Using proxy: p.webshare.io:80
[32mINFO[39m [33m PlaywrightCrawler:[39m Parsing: https://www.chipdip.ru/product/lm2596hvs-3.3-ponizhayuschiy-dc-dc-preobrazovatel-umw-9001231208
[32mINFO[39m [33m PlaywrightCrawler:[39m Using proxy: p.webshare.io:80
[32mINFO[39m [33m PlaywrightCrawler:[39m Parsing: https://www.chipdip.ru/product/lm2596hvs-5.0-ponizhayuschiy-dc-dc-preobrazovatel-umw-9001231211
[32mINFO[39m [33m PlaywrightCrawler:[39m Using proxy: p.webshare.io:80
[32mINFO[39m [33m PlaywrightCrawler:[39m ✅ Parsed: LM2596HVGR-ADJ, Понижающий DC-DC преобразователь, Uвх=до 60В, Uвых=1.23…37, 3А, 150кГц [TO-263-5L]
📊 Progress: 97/2000 (4.9%) | Speed: 2.5 products/min | ETA: 776 min | Failed: 0 | Blocked: 0
🔄 Proxy rotations: 5 | Healthy proxies: 19900/19900
[32mINFO[39m [33m PlaywrightCrawler:[39m ✅ Parsed: LM2596HVS-12, Понижающий DC-DC преобразователь, Uвх=до 60В, Uвых=12В, 3А, 150кГц [TO-263-5L]
📊 Progress: 98/2000 (4.9%) | Speed: 2.5 products/min | ETA: 768 min | Failed: 0 | Blocked: 0
🔄 Proxy rotations: 5 | Healthy proxies: 19900/19900
[32mINFO[39m [33m PlaywrightCrawler:[39m ✅ Parsed: LM2596HVGT-ADJ, Понижающий DC-DC преобразователь, Uвх=до 60В, Uвых=1.23…37, 3А, 150кГц [TO-220-5L]
📊 Progress: 99/2000 (5.0%) | Speed: 2.5 products/min | ETA: 760 min | Failed: 0 | Blocked: 0
🔄 Proxy rotations: 5 | Healthy proxies: 19900/19900
[32mINFO[39m [33m PlaywrightCrawler:[39m ✅ Parsed: LM2596HVS-5.0, Понижающий DC-DC преобразователь, Uвх=до 60В, Uвых=5В, 3А, 150кГц [TO-263-5L]
📊 Progress: 100/2000 (5.0%) | Speed: 2.5 products/min | ETA: 753 min | Failed: 0 | Blocked: 0
🔄 Proxy rotations: 5 | Healthy proxies: 19900/19900
[32mINFO[39m [33m PlaywrightCrawler:[39m ✅ Parsed: LM2596HVS-3.3, Понижающий DC-DC преобразователь, Uвх=до 60В, Uвых=3.3В, 3А, 150кГц [TO-263-5L]
📊 Progress: 101/2000 (5.1%) | Speed: 2.5 products/min | ETA: 745 min | Failed: 0 | Blocked: 0
🔄 Proxy rotations: 5 | Healthy proxies: 19900/19900
[32mINFO[39m [33m PlaywrightCrawler:[39m Parsing: https://www.chipdip.ru/product/lm2596s-12-impulsnyy-ponizhayuschiy-regulyator-umw-9001169281
[32mINFO[39m [33m PlaywrightCrawler:[39m Using proxy: p.webshare.io:80
[32mINFO[39m [33m PlaywrightCrawler:[39m Parsing: https://www.chipdip.ru/product/lm2596hvs-adj-ponizhayuschiy-dc-dc-preobrazovatel-umw-9001231215
[32mINFO[39m [33m PlaywrightCrawler:[39m Using proxy: p.webshare.io:80
[32mINFO[39m [33m PlaywrightCrawler:[39m Parsing: https://www.chipdip.ru/product/lm2596r-adj-ponizhayuschiy-dc-dc-preobrazovatel-uvh-do-htc-9000543843
[32mINFO[39m [33m PlaywrightCrawler:[39m Using proxy: p.webshare.io:80
[32mINFO[39m [33m PlaywrightCrawler:[39m Parsing: https://www.chipdip.ru/product/lm2596s-3.3-impulsnyy-ponizhayuschiy-regulyator-umw-9001169280
[32mINFO[39m [33m PlaywrightCrawler:[39m Using proxy: p.webshare.io:80
[32mINFO[39m [33m PlaywrightCrawler:[39m Parsing: https://www.chipdip.ru/product/lm2596s-5.0-impulsnyy-ponizhayuschiy-regulyator-umw-9001169279
[32mINFO[39m [33m PlaywrightCrawler:[39m Using proxy: p.webshare.io:80
[32mINFO[39m [33m PlaywrightCrawler:[39m Parsing: https://www.chipdip.ru/product/lm2596s-adj-impulsnyy-ponizhayuschiy-regulyator-umw-9001169278
[32mINFO[39m [33m PlaywrightCrawler:[39m Using proxy: p.webshare.io:80
[32mINFO[39m [33m PlaywrightCrawler:[39m ✅ Parsed: LM2596S-12, Импульсный понижающий регулятор напряжения с регулировкой выхода, 3А, 150кГц, 12В [TO-263-5]
📊 Progress: 102/2000 (5.1%) | Speed: 2.6 products/min | ETA: 740 min | Failed: 0 | Blocked: 0
🔄 Proxy rotations: 5 | Healthy proxies: 19900/19900
[32mINFO[39m [33m PlaywrightCrawler:[39m ✅ Parsed: LM2596HVS-ADJ, Понижающий DC-DC преобразователь, Uвх=до 60В, Uвых=1.23…57В, 3А, 150кГц [TO-263-5L.]
📊 Progress: 103/2000 (5.1%) | Speed: 2.6 products/min | ETA: 732 min | Failed: 0 | Blocked: 0
🔄 Proxy rotations: 5 | Healthy proxies: 19900/19900
[32mINFO[39m [33m PlaywrightCrawler:[39m ✅ Parsed: LM2596R-ADJ, Понижающий DC-DC преобразователь, Uвх=до 40В, Uвых=1.23…37, 3А, 150кГц [TO-263-5L] (=LM2596S-ADJ)
📊 Progress: 104/2000 (5.2%) | Speed: 2.6 products/min | ETA: 725 min | Failed: 0 | Blocked: 0
🔄 Proxy rotations: 5 | Healthy proxies: 19900/19900
[32mINFO[39m [33m PlaywrightCrawler:[39m ✅ Parsed: LM2596S-3.3, Импульсный понижающий регулятор напряжения с регулировкой выхода, 3А, 150кГц, 3.3В [TO-263-5]
📊 Progress: 105/2000 (5.3%) | Speed: 2.6 products/min | ETA: 718 min | Failed: 0 | Blocked: 0
🔄 Proxy rotations: 5 | Healthy proxies: 19900/19900
[32mINFO[39m [33m PlaywrightCrawler:[39m ✅ Parsed: LM2596S-5.0, Импульсный понижающий регулятор напряжения 5В 3А 150кГц [TO-263-5.]
📊 Progress: 106/2000 (5.3%) | Speed: 2.7 products/min | ETA: 711 min | Failed: 0 | Blocked: 0
🔄 Proxy rotations: 5 | Healthy proxies: 19900/19900
[32mINFO[39m [33m PlaywrightCrawler:[39m ✅ Parsed: LM2596S-ADJ, Импульсный понижающий регулятор напряжения с регулировкой выхода, 3А, 150кГц, 1.2В…37В [TO-263-5]
📊 Progress: 107/2000 (5.3%) | Speed: 2.7 products/min | ETA: 705 min | Failed: 0 | Blocked: 0
🔄 Proxy rotations: 5 | Healthy proxies: 19900/19900
[32mINFO[39m [33m PlaywrightCrawler:[39m Parsing: https://www.chipdip.ru/product/lm2596t-adj-ponizhayuschiy-dc-dc-preobrazovatel-uvh-do-htc-9000543842
[32mINFO[39m [33m PlaywrightCrawler:[39m Using proxy: p.webshare.io:80
[32mINFO[39m [33m PlaywrightCrawler:[39m Parsing: https://www.chipdip.ru/product/lm2611amfx-nopb-cuk-preobrazovatel-adj-texas-instruments-9001599785
[32mINFO[39m [33m PlaywrightCrawler:[39m Using proxy: p.webshare.io:80
[32mINFO[39m [33m PlaywrightCrawler:[39m Parsing: https://www.chipdip.ru/product/lm2623ammx-nopb-dc-dc-preobrazovvatel-texas-instruments-9020005023
[32mINFO[39m [33m PlaywrightCrawler:[39m Using proxy: p.webshare.io:80
[32mINFO[39m [33m PlaywrightCrawler:[39m Parsing: https://www.chipdip.ru/product/lm2621mm-nopb-povyshayuschiy-texas-instruments-5577602908
[32mINFO[39m [33m PlaywrightCrawler:[39m Using proxy: p.webshare.io:80
[32mINFO[39m [33m PlaywrightCrawler:[39m Parsing: https://www.chipdip.ru/product/lm2660mx-nopb-invertor-napryazheniya-s-texas-instruments-9001599786
[32mINFO[39m [33m PlaywrightCrawler:[39m Using proxy: p.webshare.io:80
[32mINFO[39m [33m PlaywrightCrawler:[39m Parsing: https://www.chipdip.ru/product/lm2662mx-nopb-dc-dc-preobrazovatel-charge-texas-instruments-2288028499
[32mINFO[39m [33m PlaywrightCrawler:[39m Using proxy: p.webshare.io:80
[32mINFO[39m [33m PlaywrightCrawler:[39m Parsing: https://www.chipdip.ru/product/lm2664m6x-nopb-dc-dc-preobrazovatel-texas-instruments-9000081567
[32mINFO[39m [33m PlaywrightCrawler:[39m Using proxy: p.webshare.io:80
[32mINFO[39m [33m PlaywrightCrawler:Statistics:[39m PlaywrightCrawler request statistics:[90m {"requestAvgFailedDurationMillis":null,"requestAvgFinishedDurationMillis":11831,"requestsFinishedPerMinute":17,"requestsFailedPerMinute":0,"requestTotalDurationMillis":201129,"requestsTotal":17,"crawlerRuntimeMillis":60108,"retryHistogram":[17]}[39m
[32mINFO[39m [33m PlaywrightCrawler:AutoscaledPool:[39m state[90m {"currentConcurrency":7,"desiredConcurrency":8,"systemStatus":{"isSystemIdle":true,"memInfo":{"isOverloaded":false,"limitRatio":0.2,"actualRatio":0},"eventLoopInfo":{"isOverloaded":false,"limitRatio":0.6,"actualRatio":0},"cpuInfo":{"isOverloaded":false,"limitRatio":0.4,"actualRatio":0},"clientInfo":{"isOverloaded":false,"limitRatio":0.3,"actualRatio":0}}}[39m
[32mINFO[39m [33m PlaywrightCrawler:[39m ✅ Parsed: LM2596T-ADJ, Понижающий DC-DC преобразователь, Uвх=до 40В, Uвых=1.23…37, 3А, 150кГц [TO-220-5L] (=LM2596T-ADJ)
📊 Progress: 108/2000 (5.4%) | Speed: 2.7 products/min | ETA: 700 min | Failed: 0 | Blocked: 0
🔄 Proxy rotations: 5 | Healthy proxies: 19900/19900
[32mINFO[39m [33m PlaywrightCrawler:[39m ✅ Parsed: LM2611AMFX/NOPB, Cuk преобразователь ADJ 1.2А 1.4МГц [SOT-23-5.] (=LM2611AMF/NOPB)
📊 Progress: 109/2000 (5.5%) | Speed: 2.7 products/min | ETA: 694 min | Failed: 0 | Blocked: 0
🔄 Proxy rotations: 5 | Healthy proxies: 19900/19900
[32mINFO[39m [33m PlaywrightCrawler:[39m ✅ Parsed: LM2621MM/NOPB, Повышающий преобразователь напряжения с низковольтным входом 1.2В, [VSSOP-8]
📊 Progress: 110/2000 (5.5%) | Speed: 2.8 products/min | ETA: 687 min | Failed: 0 | Blocked: 0
🔄 Proxy rotations: 5 | Healthy proxies: 19900/19900
[32mINFO[39m [33m PlaywrightCrawler:[39m ✅ Parsed: LM2623AMMX/NOPB, DC/DC преобразовватель напряжения, повышающий [VSSOP-8]
📊 Progress: 111/2000 (5.5%) | Speed: 2.8 products/min | ETA: 681 min | Failed: 0 | Blocked: 0
🔄 Proxy rotations: 5 | Healthy proxies: 19900/19900
[32mINFO[39m [33m PlaywrightCrawler:[39m ✅ Parsed: LM2660MX/NOPB, Инвертор напряжения с подкачкой заряда, INV, 100мА [SOIC -8.] (=LM2660M/NOPB)
📊 Progress: 112/2000 (5.6%) | Speed: 2.8 products/min | ETA: 674 min | Failed: 0 | Blocked: 0
🔄 Proxy rotations: 5 | Healthy proxies: 19900/19900
[32mINFO[39m [33m PlaywrightCrawler:[39m ✅ Parsed: LM2664M6X/NOPB, DC-DC преобразователь, SWITCH CAP [SOT-23-6]
📊 Progress: 113/2000 (5.7%) | Speed: 2.8 products/min | ETA: 668 min | Failed: 0 | Blocked: 0
🔄 Proxy rotations: 5 | Healthy proxies: 19900/19900
[32mINFO[39m [33m PlaywrightCrawler:[39m ✅ Parsed: LM2662MX/NOPB, DC/DC преобразователь, Charge pump, инвертирующий [SOIC-8]
📊 Progress: 114/2000 (5.7%) | Speed: 2.8 products/min | ETA: 662 min | Failed: 0 | Blocked: 0
🔄 Proxy rotations: 5 | Healthy proxies: 19900/19900
[32mINFO[39m [33m PlaywrightCrawler:[39m Parsing: https://www.chipdip.ru/product/lm2665m6x-nopb-invertor-napryazheniya-s-texas-instruments-9001599787
[32mINFO[39m [33m PlaywrightCrawler:[39m Using proxy: p.webshare.io:80
[32mINFO[39m [33m PlaywrightCrawler:[39m Parsing: https://www.chipdip.ru/product/lm2673s-adj-nopb-dc-dc-preobrazovatel-texas-instruments-2540532800
[32mINFO[39m [33m PlaywrightCrawler:[39m Using proxy: p.webshare.io:80
[32mINFO[39m [33m PlaywrightCrawler:[39m Parsing: https://www.chipdip.ru/product/lm2674m-5.0-ponizhayuschiy-dc-dc-preobrazovatel-uvh-do-umw-9001231218
[32mINFO[39m [33m PlaywrightCrawler:[39m Using proxy: p.webshare.io:80
[32mINFO[39m [33m PlaywrightCrawler:[39m Parsing: https://www.chipdip.ru/product/lm2674m-adj-ponizhayuschiy-dc-dc-preobrazovatel-uvh-do-umw-9001633710
[32mINFO[39m [33m PlaywrightCrawler:[39m Using proxy: p.webshare.io:80
[32mINFO[39m [33m PlaywrightCrawler:[39m Parsing: https://www.chipdip.ru/product/lm2675m-5.0-dc-dc-preobrazovatel-step-down-uvh-7-40v-umw-9001633709
[32mINFO[39m [33m PlaywrightCrawler:[39m Using proxy: p.webshare.io:80
[32mINFO[39m [33m PlaywrightCrawler:[39m Parsing: https://www.chipdip.ru/product/lm2675m-adj-dc-dc-preobrazovatel-step-down-uvh-7-40v-umw-9001333341
[32mINFO[39m [33m PlaywrightCrawler:[39m Using proxy: p.webshare.io:80
[32mINFO[39m [33m PlaywrightCrawler:[39m ✅ Parsed: LM2665M6X/NOPB, Инвертор напряжения с подкачкой заряда, 2VIN, 40мА [SOT-23-6.] (=LM2665M6/NOPB)
📊 Progress: 115/2000 (5.8%) | Speed: 2.9 products/min | ETA: 658 min | Failed: 0 | Blocked: 0
🔄 Proxy rotations: 5 | Healthy proxies: 19900/19900
[32mINFO[39m [33m PlaywrightCrawler:[39m ✅ Parsed: LM2673S-ADJ/NOPB, DC-DC преобразователь Step-Down, 3А, с регулируемым пределом тока, SIMPLE SWITCHER [TO-263-7]
📊 Progress: 116/2000 (5.8%) | Speed: 2.9 products/min | ETA: 652 min | Failed: 0 | Blocked: 0
🔄 Proxy rotations: 5 | Healthy proxies: 19900/19900
[32mINFO[39m [33m PlaywrightCrawler:[39m ✅ Parsed: LM2675M-5.0, DC-DC преобразователь, Step-Down, Uвх.=7…40В, Uвых=5.0В, Iвых= 1А, 260кГц [SOIC-8.]
📊 Progress: 117/2000 (5.9%) | Speed: 2.9 products/min | ETA: 647 min | Failed: 0 | Blocked: 0
🔄 Proxy rotations: 5 | Healthy proxies: 19900/19900
[32mINFO[39m [33m PlaywrightCrawler:[39m ✅ Parsed: LM2674M-ADJ, Понижающий DC-DC преобразователь, Uвх=до 40В, Uвых=ADJ, 0.5А, 260кГц [SOP-8]
📊 Progress: 118/2000 (5.9%) | Speed: 2.9 products/min | ETA: 641 min | Failed: 0 | Blocked: 0
🔄 Proxy rotations: 5 | Healthy proxies: 19900/19900
[32mINFO[39m [33m PlaywrightCrawler:[39m ✅ Parsed: LM2674M-5.0, Понижающий DC-DC преобразователь, Uвх=до 40В, Uвых=5В, 0.5А, 260кГц [SOP-8]
📊 Progress: 119/2000 (5.9%) | Speed: 3.0 products/min | ETA: 635 min | Failed: 0 | Blocked: 0
🔄 Proxy rotations: 5 | Healthy proxies: 19900/19900
[32mINFO[39m [33m PlaywrightCrawler:[39m ✅ Parsed: LM2675M-ADJ, DC-DC преобразователь, Step-Down, Uвх.=7…40В, Uвых=ADJ, Iвых= 1А, 260кГц [SOIC-8.]
📊 Progress: 120/2000 (6.0%) | Speed: 3.0 products/min | ETA: 630 min | Failed: 0 | Blocked: 0
🔄 Proxy rotations: 5 | Healthy proxies: 19900/19900
[32mINFO[39m [33m PlaywrightCrawler:[39m All requests from the queue have been processed, the crawler will shut down.
[32mINFO[39m [33m PlaywrightCrawler:[39m Final request statistics:[90m {"requestsFinished":30,"requestsFailed":0,"retryHistogram":[30],"requestAvgFailedDurationMillis":null,"requestAvgFinishedDurationMillis":12062,"requestsFinishedPerMinute":23,"requestsFailedPerMinute":0,"requestTotalDurationMillis":361846,"requestsTotal":30,"crawlerRuntimeMillis":76805}[39m
[32mINFO[39m [33m PlaywrightCrawler:[39m Finished! Total 30 requests: 30 succeeded, 0 failed.[90m {"terminal":true}[39m
✅ Batch completed. Processed: 120/2000

🔄 Batch 5: Processing 30 products with proxy p.webshare.io:80
[32mINFO[39m [33m PlaywrightCrawler:[39m Starting the crawler.
[32mINFO[39m [33m PlaywrightCrawler:[39m Parsing: https://www.chipdip.ru/product/lm2676sx-adj-nopb-regulyator-texas-instruments-2030042966
[32mINFO[39m [33m PlaywrightCrawler:[39m Using proxy: p.webshare.io:80
[32mINFO[39m [33m PlaywrightCrawler:[39m Parsing: https://www.chipdip.ru/product/lm2676sx-5.0-nopb-dc-dc-preobrazovatel-texas-instruments-9000237246
[32mINFO[39m [33m PlaywrightCrawler:[39m Using proxy: p.webshare.io:80
[32mINFO[39m [33m PlaywrightCrawler:[39m ✅ Parsed: LM2676SX-5.0/NOPB, DC-DC преобразователь Step-Down, Uвх=8…40В, Uвых=5В, Iвых= 3А, 260кГц, SIMPLE SWITCHER [TO-263-7]
📊 Progress: 121/2000 (6.0%) | Speed: 3.0 products/min | ETA: 629 min | Failed: 0 | Blocked: 0
🔄 Proxy rotations: 6 | Healthy proxies: 19900/19900
[32mINFO[39m [33m PlaywrightCrawler:[39m ✅ Parsed: LM2676SX-ADJ/NOPB, Регулятор напряжения понижающий, 3А, Uвх=8-40В, Uвых=1.2-37В [DDPAK-7]
📊 Progress: 122/2000 (6.1%) | Speed: 3.0 products/min | ETA: 623 min | Failed: 0 | Blocked: 0
🔄 Proxy rotations: 6 | Healthy proxies: 19900/19900
[32mINFO[39m [33m PlaywrightCrawler:[39m Parsing: https://www.chipdip.ru/product/lm2676t-adj-nopb-stabilizator-texas-instruments-2111553517
[32mINFO[39m [33m PlaywrightCrawler:[39m Using proxy: p.webshare.io:80
[32mINFO[39m [33m PlaywrightCrawler:[39m Parsing: https://www.chipdip.ru/product/lm2678sx-adj-nopb-dc-dc-preobrazovatel-texas-instruments-919953438
[32mINFO[39m [33m PlaywrightCrawler:[39m Using proxy: p.webshare.io:80
[32mINFO[39m [33m PlaywrightCrawler:[39m Parsing: https://www.chipdip.ru/product/lm2678t-adj-nopb-stabilizator-napryazheniya-texas-instruments-76756791
[32mINFO[39m [33m PlaywrightCrawler:[39m Using proxy: p.webshare.io:80
[32mINFO[39m [33m PlaywrightCrawler:[39m Parsing: https://www.chipdip.ru/product/lm27313xmfx-nopb-impulsnyy-povyshayuschiy-texas-instruments-9000081357
[32mINFO[39m [33m PlaywrightCrawler:[39m Using proxy: p.webshare.io:80
[32mINFO[39m [33m PlaywrightCrawler:[39m ✅ Parsed: LM2676T-ADJ/NOPB, Стабилизатор напряжения импульсный понижающий с защитой, 3А, 1.2...37В [TO-220-7]
📊 Progress: 123/2000 (6.2%) | Speed: 3.0 products/min | ETA: 621 min | Failed: 0 | Blocked: 0
🔄 Proxy rotations: 6 | Healthy proxies: 19900/19900
[32mINFO[39m [33m PlaywrightCrawler:[39m ✅ Parsed: LM2678T-ADJ/NOPB, Стабилизатор напряжения импульсный понижающий с защитой, 5А, 1.2...37В [TO-220-7]
📊 Progress: 124/2000 (6.2%) | Speed: 3.0 products/min | ETA: 616 min | Failed: 0 | Blocked: 0
🔄 Proxy rotations: 6 | Healthy proxies: 19900/19900
[32mINFO[39m [33m PlaywrightCrawler:[39m ✅ Parsed: LM2678SX-ADJ/NOPB, DC-DC преобразователь, SIMPLE SWITCHER [TO-263-7]
📊 Progress: 125/2000 (6.3%) | Speed: 3.1 products/min | ETA: 611 min | Failed: 0 | Blocked: 0
🔄 Proxy rotations: 6 | Healthy proxies: 19900/19900
[32mINFO[39m [33m PlaywrightCrawler:[39m ✅ Parsed: LM27313XMFX/NOPB, Импульсный повышающий преобразователь напряжения, 1.6МГц [SOT-23-5]
📊 Progress: 126/2000 (6.3%) | Speed: 3.1 products/min | ETA: 606 min | Failed: 0 | Blocked: 0
🔄 Proxy rotations: 6 | Healthy proxies: 19900/19900
[32mINFO[39m [33m PlaywrightCrawler:[39m Parsing: https://www.chipdip.ru/product/lm2731ymfx-nopb-dc-dc-preobrazovatel-texas-instruments-2572727845
[32mINFO[39m [33m PlaywrightCrawler:[39m Using proxy: p.webshare.io:80
[32mINFO[39m [33m PlaywrightCrawler:[39m Parsing: https://www.chipdip.ru/product/lm2731xmf-nopb-impulsnyy-povyshayuschiy-texas-instruments-9000037482
[32mINFO[39m [33m PlaywrightCrawler:[39m Using proxy: p.webshare.io:80
[32mINFO[39m [33m PlaywrightCrawler:[39m Parsing: https://www.chipdip.ru/product/lm2733xmfx-nopb-dc-dc-preobrazovatel-texas-instruments-9000040612
[32mINFO[39m [33m PlaywrightCrawler:[39m Using proxy: p.webshare.io:80
[32mINFO[39m [33m PlaywrightCrawler:[39m Parsing: https://www.chipdip.ru/product/lm2734xmkx-nopb-preobrazovatel-dc-dc-texas-instruments-9001015774
[32mINFO[39m [33m PlaywrightCrawler:[39m Using proxy: p.webshare.io:80
[32mINFO[39m [33m PlaywrightCrawler:[39m Parsing: https://www.chipdip.ru/product/lm2733ymfx-nopb-dc-dc-preobrazovatel-texas-instruments-5193524418
[32mINFO[39m [33m PlaywrightCrawler:[39m Using proxy: p.webshare.io:80
[32mINFO[39m [33m PlaywrightCrawler:[39m ✅ Parsed: LM2731XMF/NOPB, Импульсный повышающий преобразователь напряжения, 1.6МГц [SOT-23-5]
📊 Progress: 127/2000 (6.3%) | Speed: 3.1 products/min | ETA: 603 min | Failed: 0 | Blocked: 0
🔄 Proxy rotations: 6 | Healthy proxies: 19900/19900
[32mINFO[39m [33m PlaywrightCrawler:[39m ✅ Parsed: LM2731YMFX/NOPB, DC-DC преобразователь [SOT-23-5]
📊 Progress: 128/2000 (6.4%) | Speed: 3.1 products/min | ETA: 598 min | Failed: 0 | Blocked: 0
🔄 Proxy rotations: 6 | Healthy proxies: 19900/19900
[32mINFO[39m [33m PlaywrightCrawler:[39m ✅ Parsed: LM2733XMFX/NOPB, DC-DC преобразователь, Boost, 40В FET Switch, 1.6МГц [SOT-23-5.] (=LM2733XMF/NOPB)
📊 Progress: 129/2000 (6.5%) | Speed: 3.2 products/min | ETA: 594 min | Failed: 0 | Blocked: 0
🔄 Proxy rotations: 6 | Healthy proxies: 19900/19900
[32mINFO[39m [33m PlaywrightCrawler:[39m ✅ Parsed: LM2734XMKX/NOPB, Преобразователь DC-DC понижающий 1А вход 3...20В выход 0.8...18В 1.6МГц [SOT-23-6]
📊 Progress: 130/2000 (6.5%) | Speed: 3.2 products/min | ETA: 589 min | Failed: 0 | Blocked: 0
🔄 Proxy rotations: 6 | Healthy proxies: 19900/19900
[32mINFO[39m [33m PlaywrightCrawler:[39m ✅ Parsed: LM2733YMFX/NOPB, DC-DC преобразователь, Boost, 40В FET Switch, 0.6МГц [SOT-23-5.] (=LM2733YMF/NOPB)
📊 Progress: 131/2000 (6.6%) | Speed: 3.2 products/min | ETA: 584 min | Failed: 0 | Blocked: 0
🔄 Proxy rotations: 6 | Healthy proxies: 19900/19900
[32mINFO[39m [33m PlaywrightCrawler:[39m Parsing: https://www.chipdip.ru/product/lm2734ymkx-nopb-dc-dc-preobrazovatel-1a-texas-instruments-9000036338
[32mINFO[39m [33m PlaywrightCrawler:[39m Using proxy: p.webshare.io:80
[32mINFO[39m [33m PlaywrightCrawler:[39m Parsing: https://www.chipdip.ru/product/lm27761dsgr-invertor-napryazheniya-s-texas-instruments-9001599788
[32mINFO[39m [33m PlaywrightCrawler:[39m Using proxy: p.webshare.io:80
[32mINFO[39m [33m PlaywrightCrawler:[39m Parsing: https://www.chipdip.ru/product/lm27762dssr-dc-dc-preobrazovatel-charge-texas-instruments-9000474066
[32mINFO[39m [33m PlaywrightCrawler:[39m Using proxy: p.webshare.io:80
[32mINFO[39m [33m PlaywrightCrawler:[39m Parsing: https://www.chipdip.ru/product/lm3670mf-3.3-nopb-dc-dc-preobrazovatel-texas-instruments-9000295736
[32mINFO[39m [33m PlaywrightCrawler:[39m Using proxy: p.webshare.io:80
[32mINFO[39m [33m PlaywrightCrawler:[39m Parsing: https://www.chipdip.ru/product/lm2776dbvr-dc-dc-preobrazovatel-charge-texas-instruments-9000369879
[32mINFO[39m [33m PlaywrightCrawler:[39m Using proxy: p.webshare.io:80
[32mINFO[39m [33m PlaywrightCrawler:[39m Parsing: https://www.chipdip.ru/product/lm3670mf-adj-nopb-dc-dc-preobrazovatel-texas-instruments-9000117129
[32mINFO[39m [33m PlaywrightCrawler:[39m Using proxy: p.webshare.io:80
[32mINFO[39m [33m PlaywrightCrawler:[39m ✅ Parsed: LM2734YMKX/NOPB, DC-DC преобразователь, 1А, Uвх=3-20В; Uвых=0.8-18В [SOT-23-6]
📊 Progress: 132/2000 (6.6%) | Speed: 3.2 products/min | ETA: 581 min | Failed: 0 | Blocked: 0
🔄 Proxy rotations: 6 | Healthy proxies: 19900/19900
[32mINFO[39m [33m PlaywrightCrawler:[39m ✅ Parsed: LM27761DSGR, Инвертор напряжения с подкачкой заряда, ADJ, 250мА [WSON-8 (2x2).]
📊 Progress: 133/2000 (6.7%) | Speed: 3.2 products/min | ETA: 577 min | Failed: 0 | Blocked: 0
🔄 Proxy rotations: 6 | Healthy proxies: 19900/19900
[32mINFO[39m [33m PlaywrightCrawler:[39m ✅ Parsed: LM27762DSSR, DC-DC преобразователь, Charge Pump, Uвх=2.7…5.5В, Uвых=±1.5…5В, 0.25А, 2МГц [WSON-12_3x2.]
📊 Progress: 134/2000 (6.7%) | Speed: 3.3 products/min | ETA: 572 min | Failed: 0 | Blocked: 0
🔄 Proxy rotations: 6 | Healthy proxies: 19900/19900
[32mINFO[39m [33m PlaywrightCrawler:[39m ✅ Parsed: LM3670MF-3.3/NOPB, DC-DC преобразователь, Buck, Uвх=2.5…5.5В, Uвых=3.3В, 0.35А, 1МГц [SOT-23-5.]
📊 Progress: 135/2000 (6.8%) | Speed: 3.3 products/min | ETA: 568 min | Failed: 0 | Blocked: 0
🔄 Proxy rotations: 6 | Healthy proxies: 19900/19900
[32mINFO[39m [33m PlaywrightCrawler:[39m ✅ Parsed: LM2776DBVR, DC-DC преобразователь, Charge Pump, Uвх=2.7…5.5В, Uвых=-Uвх, 0.2А, 2МГц [SOT-23-6.]
📊 Progress: 136/2000 (6.8%) | Speed: 3.3 products/min | ETA: 564 min | Failed: 0 | Blocked: 0
🔄 Proxy rotations: 6 | Healthy proxies: 19900/19900
[32mINFO[39m [33m PlaywrightCrawler:[39m ✅ Parsed: LM3670MF-ADJ/NOPB, DC-DC преобразователь, Buck, Uвх=2.5…5.5В, Uвых=0.7…5.5В, 0.35А, 1МГц [SOT-23-5.]
📊 Progress: 137/2000 (6.9%) | Speed: 3.3 products/min | ETA: 560 min | Failed: 0 | Blocked: 0
🔄 Proxy rotations: 6 | Healthy proxies: 19900/19900
[32mINFO[39m [33m PlaywrightCrawler:[39m Parsing: https://www.chipdip.ru/product/lm3671mf-3.3-nopb-dc-dc-preobrazovatel-texas-instruments-9050000834
[32mINFO[39m [33m PlaywrightCrawler:[39m Using proxy: p.webshare.io:80
[32mINFO[39m [33m PlaywrightCrawler:[39m Parsing: https://www.chipdip.ru/product/lm3671mf-adj-nopb-dc-dc-preobrazovatel-texas-instruments-2466611833
[32mINFO[39m [33m PlaywrightCrawler:[39m Using proxy: p.webshare.io:80
[32mINFO[39m [33m PlaywrightCrawler:Statistics:[39m PlaywrightCrawler request statistics:[90m {"requestAvgFailedDurationMillis":null,"requestAvgFinishedDurationMillis":12661,"requestsFinishedPerMinute":17,"requestsFailedPerMinute":0,"requestTotalDurationMillis":215234,"requestsTotal":17,"crawlerRuntimeMillis":60108,"retryHistogram":[17]}[39m
[32mINFO[39m [33m PlaywrightCrawler:AutoscaledPool:[39m state[90m {"currentConcurrency":7,"desiredConcurrency":8,"systemStatus":{"isSystemIdle":true,"memInfo":{"isOverloaded":false,"limitRatio":0.2,"actualRatio":0},"eventLoopInfo":{"isOverloaded":false,"limitRatio":0.6,"actualRatio":0},"cpuInfo":{"isOverloaded":false,"limitRatio":0.4,"actualRatio":0},"clientInfo":{"isOverloaded":false,"limitRatio":0.3,"actualRatio":0}}}[39m
[32mINFO[39m [33m PlaywrightCrawler:[39m Parsing: https://www.chipdip.ru/product/lm3674mf-adj-nopb-dc-dc-preobrazovatel-texas-instruments-9001599802
[32mINFO[39m [33m PlaywrightCrawler:[39m Using proxy: p.webshare.io:80
[32mINFO[39m [33m PlaywrightCrawler:[39m ✅ Parsed: LM3671MF-3.3/NOPB, DC-DC преобразователь 3.3В 600мА [SOT-23-5]
📊 Progress: 138/2000 (6.9%) | Speed: 3.3 products/min | ETA: 557 min | Failed: 0 | Blocked: 0
🔄 Proxy rotations: 6 | Healthy proxies: 19900/19900
[32mINFO[39m [33m PlaywrightCrawler:[39m Parsing: https://www.chipdip.ru/product/lm5001max-nopb-vysokovoltnyy-texas-instruments-9000228179
[32mINFO[39m [33m PlaywrightCrawler:[39m Using proxy: p.webshare.io:80
[32mINFO[39m [33m PlaywrightCrawler:[39m Parsing: https://www.chipdip.ru/product/lm5005mhx-nopb-dc-dc-preobrazovatel-texas-instruments-9000395839
[32mINFO[39m [33m PlaywrightCrawler:[39m Using proxy: p.webshare.io:80
[32mINFO[39m [33m PlaywrightCrawler:[39m Parsing: https://www.chipdip.ru/product/lm43603pwpr-dc-dc-preobrazovatel-texas-instruments-9001599805
[32mINFO[39m [33m PlaywrightCrawler:[39m Using proxy: p.webshare.io:80
[32mINFO[39m [33m PlaywrightCrawler:[39m ✅ Parsed: LM3671MF-ADJ/NOPB, DC-DC преобразователь Step-Down 600мА, 2МГц [SOT-23-5]
📊 Progress: 139/2000 (7.0%) | Speed: 3.4 products/min | ETA: 553 min | Failed: 0 | Blocked: 0
🔄 Proxy rotations: 6 | Healthy proxies: 19900/19900
[32mINFO[39m [33m PlaywrightCrawler:[39m Parsing: https://www.chipdip.ru/product/lm5007mmx-nopb-dc-dc-preobrazovatel-texas-instruments-2231640650
[32mINFO[39m [33m PlaywrightCrawler:[39m Using proxy: p.webshare.io:80
[32mINFO[39m [33m PlaywrightCrawler:[39m ✅ Parsed: LM3674MF-ADJ/NOPB, DC-DC преобразователь понижающий ADJ 600мА 2МГц [SOT-23-5.] (=LM3674MFX-ADJ/NOPB)
📊 Progress: 140/2000 (7.0%) | Speed: 3.4 products/min | ETA: 549 min | Failed: 0 | Blocked: 0
🔄 Proxy rotations: 6 | Healthy proxies: 19900/19900
[32mINFO[39m [33m PlaywrightCrawler:[39m Parsing: https://www.chipdip.ru/product/lm5008mmx-nopb-dc-dc-preobrazovatel-texas-instruments-9001599806
[32mINFO[39m [33m PlaywrightCrawler:[39m Using proxy: p.webshare.io:80
[32mINFO[39m [33m PlaywrightCrawler:[39m Parsing: https://www.chipdip.ru/product/lm5010mhx-nopb-vysokovoltnyy-8v-75v-texas-instruments-9000009069
[32mINFO[39m [33m PlaywrightCrawler:[39m Using proxy: p.webshare.io:80
[32mINFO[39m [33m PlaywrightCrawler:[39m ✅ Parsed: LM5001MAX/NOPB, Высоковольтный переключающий регулятор, 3.1…75В, 0.8А, 0.05…1.5МГц [SOIC-8]
📊 Progress: 141/2000 (7.0%) | Speed: 3.4 products/min | ETA: 546 min | Failed: 0 | Blocked: 0
🔄 Proxy rotations: 6 | Healthy proxies: 19900/19900
[32mINFO[39m [33m PlaywrightCrawler:[39m ✅ Parsed: LM43603PWPR, DC-DC преобразователь понижающий ADJ 3А 200кГц-2.2МГц [HTSSOP-16.]
📊 Progress: 142/2000 (7.1%) | Speed: 3.4 products/min | ETA: 541 min | Failed: 0 | Blocked: 0
🔄 Proxy rotations: 6 | Healthy proxies: 19900/19900
[32mINFO[39m [33m PlaywrightCrawler:[39m ✅ Parsed: LM5005MHX/NOPB, DC-DC преобразователь Step-Down, Uвых=1.225…70В, Iвых= 2.5А, 50...500кГц [HTSSOP-20 EP]
📊 Progress: 143/2000 (7.1%) | Speed: 3.5 products/min | ETA: 538 min | Failed: 0 | Blocked: 0
🔄 Proxy rotations: 6 | Healthy proxies: 19900/19900
[32mINFO[39m [33m PlaywrightCrawler:[39m Parsing: https://www.chipdip.ru/product/lm5017mrx-nopb-dc-dc-preobrazovatel-adj-texas-instruments-9000217776
[32mINFO[39m [33m PlaywrightCrawler:[39m Using proxy: p.webshare.io:80
[32mINFO[39m [33m PlaywrightCrawler:[39m ✅ Parsed: LM5008MMX/NOPB, DC-DC преобразователь понижающий ADJ 350мА 50кГц-600кГц [VSSOP-8.] (=LM5008MM/NOPB)
📊 Progress: 144/2000 (7.2%) | Speed: 3.5 products/min | ETA: 534 min | Failed: 0 | Blocked: 0
🔄 Proxy rotations: 6 | Healthy proxies: 19900/19900
[32mINFO[39m [33m PlaywrightCrawler:[39m ✅ Parsed: LM5007MMX/NOPB, DC-DC преобразователь Step-Down 0.5A, Uвх=9-75V, Uвых=2.5-73В [VSSOP-8 ]
📊 Progress: 145/2000 (7.2%) | Speed: 3.5 products/min | ETA: 530 min | Failed: 0 | Blocked: 0
🔄 Proxy rotations: 6 | Healthy proxies: 19900/19900
[32mINFO[39m [33m PlaywrightCrawler:[39m Parsing: https://www.chipdip.ru/product/lm5164ddar-dc-dc-preobrazovatel-texas-instruments-9001599808
[32mINFO[39m [33m PlaywrightCrawler:[39m Using proxy: p.webshare.io:80
[32mINFO[39m [33m PlaywrightCrawler:[39m ✅ Parsed: LM5010MHX/NOPB, Высоковольтный (8В…75В) понижающий импульсный регулятор напряжения, 1А [HTSSOP-14 EP]
📊 Progress: 146/2000 (7.3%) | Speed: 3.5 products/min | ETA: 526 min | Failed: 0 | Blocked: 0
🔄 Proxy rotations: 6 | Healthy proxies: 19900/19900
[32mINFO[39m [33m PlaywrightCrawler:[39m ✅ Parsed: LM5017MRX/NOPB, DC-DC преобразователь ADJ 600мА [SO-8]
📊 Progress: 147/2000 (7.3%) | Speed: 3.5 products/min | ETA: 523 min | Failed: 0 | Blocked: 0
🔄 Proxy rotations: 6 | Healthy proxies: 19900/19900
[32mINFO[39m [33m PlaywrightCrawler:[39m Parsing: https://www.chipdip.ru/product/lm5575mhx-nopb-dc-dc-preobrazovatel-texas-instruments-9001599809
[32mINFO[39m [33m PlaywrightCrawler:[39m Using proxy: p.webshare.io:80
[32mINFO[39m [33m PlaywrightCrawler:[39m Parsing: https://www.chipdip.ru/product/lm5574mtx-nopb-dc-dc-preobrazovatel-texas-instruments-9000394006
[32mINFO[39m [33m PlaywrightCrawler:[39m Using proxy: p.webshare.io:80
[32mINFO[39m [33m PlaywrightCrawler:[39m ✅ Parsed: LM5164DDAR, DC-DC преобразователь понижающий ADJ 1А Up...1МГц [SO-8 PowerPad.] (=LM5164DDAT)
📊 Progress: 148/2000 (7.4%) | Speed: 3.6 products/min | ETA: 520 min | Failed: 0 | Blocked: 0
🔄 Proxy rotations: 6 | Healthy proxies: 19900/19900
[32mINFO[39m [33m PlaywrightCrawler:[39m ✅ Parsed: LM5575MHX/NOPB, DC-DC преобразователь понижающий ADJ 1.5А 50кГц-500кГц [HTSSOP-16]
📊 Progress: 149/2000 (7.4%) | Speed: 3.6 products/min | ETA: 517 min | Failed: 0 | Blocked: 0
🔄 Proxy rotations: 6 | Healthy proxies: 19900/19900
[32mINFO[39m [33m PlaywrightCrawler:[39m ✅ Parsed: LM5574MTX/NOPB, DC-DC преобразователь, Uвх=6…75В, Uвых=1.225…70В, 0.5А [TSSOP-16.]
📊 Progress: 150/2000 (7.5%) | Speed: 3.6 products/min | ETA: 513 min | Failed: 0 | Blocked: 0
🔄 Proxy rotations: 6 | Healthy proxies: 19900/19900
[32mINFO[39m [33m PlaywrightCrawler:[39m All requests from the queue have been processed, the crawler will shut down.
[32mINFO[39m [33m PlaywrightCrawler:[39m Final request statistics:[90m {"requestsFinished":30,"requestsFailed":0,"retryHistogram":[30],"requestAvgFailedDurationMillis":null,"requestAvgFinishedDurationMillis":12998,"requestsFinishedPerMinute":22,"requestsFailedPerMinute":0,"requestTotalDurationMillis":389934,"requestsTotal":30,"crawlerRuntimeMillis":83062}[39m
[32mINFO[39m [33m PlaywrightCrawler:[39m Finished! Total 30 requests: 30 succeeded, 0 failed.[90m {"terminal":true}[39m
✅ Batch completed. Processed: 150/2000

🔄 Batch 6: Processing 30 products with proxy p.webshare.io:80
[32mINFO[39m [33m PlaywrightCrawler:[39m Starting the crawler.
[32mINFO[39m [33m PlaywrightCrawler:[39m Parsing: https://www.chipdip.ru/product/lm5576mhx-nopb-dc-dc-preobrazovatel-texas-instruments-9001599810
[32mINFO[39m [33m PlaywrightCrawler:[39m Using proxy: p.webshare.io:80
[32mINFO[39m [33m PlaywrightCrawler:[39m Parsing: https://www.chipdip.ru/product/lm7705mm-nopb-dc-dc-preobrazovatel-charge-texas-instruments-9000529807
[32mINFO[39m [33m PlaywrightCrawler:[39m Using proxy: p.webshare.io:80
[32mINFO[39m [33m PlaywrightCrawler:[39m ✅ Parsed: LM7705MM/NOPB, DC-DC преобразователь, Charge Pump, Uвх=3…5.25В, Uвых=-0.23В, 0.026А, 92кГц [VSSOP-8.]
📊 Progress: 151/2000 (7.5%) | Speed: 3.6 products/min | ETA: 514 min | Failed: 0 | Blocked: 0
🔄 Proxy rotations: 7 | Healthy proxies: 19900/19900
[32mINFO[39m [33m PlaywrightCrawler:[39m ✅ Parsed: LM5576MHX/NOPB, DC-DC преобразователь понижающий ADJ 3А 50кГц-500кГц [HTSSOP-20.] (=LM5576MH/NOPB)
📊 Progress: 152/2000 (7.6%) | Speed: 3.6 products/min | ETA: 510 min | Failed: 0 | Blocked: 0
🔄 Proxy rotations: 7 | Healthy proxies: 19900/19900
[32mINFO[39m [33m PlaywrightCrawler:[39m Parsing: https://www.chipdip.ru/product/lm78s40cn-nopb-universalnyy-impulsnyy-texas-instruments-14151
[32mINFO[39m [33m PlaywrightCrawler:[39m Using proxy: p.webshare.io:80
[32mINFO[39m [33m PlaywrightCrawler:[39m Parsing: https://www.chipdip.ru/product/lm828m5x-nopb-invertor-napryazheniya-s-texas-instruments-9001599812
[32mINFO[39m [33m PlaywrightCrawler:[39m Using proxy: p.webshare.io:80
[32mINFO[39m [33m PlaywrightCrawler:[39m Parsing: https://www.chipdip.ru/product/lmc7660imx-nopb-preobrazovatel-texas-instruments-9000017001
[32mINFO[39m [33m PlaywrightCrawler:[39m Using proxy: p.webshare.io:80
[32mINFO[39m [33m PlaywrightCrawler:[39m Parsing: https://www.chipdip.ru/product/lmr14006yddcr-dc-dc-preobrazovatel-buck-texas-instruments-9000624079
[32mINFO[39m [33m PlaywrightCrawler:[39m Using proxy: p.webshare.io:80
[32mINFO[39m [33m PlaywrightCrawler:[39m Parsing: https://www.chipdip.ru/product/lmr14010addcr-dc-dc-preobrazovatel-buck-texas-instruments-9001101667
[32mINFO[39m [33m PlaywrightCrawler:[39m Using proxy: p.webshare.io:80
[32mINFO[39m [33m PlaywrightCrawler:[39m ✅ Parsed: LM78S40CN/NOPB, Универсальный импульсный регулятор напряжения, 1.5А, 1.25В…40В, [DIP-16.] (=К1156 ЕУ1)
📊 Progress: 153/2000 (7.6%) | Speed: 3.6 products/min | ETA: 510 min | Failed: 0 | Blocked: 0
🔄 Proxy rotations: 7 | Healthy proxies: 19900/19900
[32mINFO[39m [33m PlaywrightCrawler:[39m ✅ Parsed: LM828M5X/NOPB, Инвертор напряжения с подкачкой заряда, INV, 25мА [SOT-23-5.] (=LM828M5/NOPB)
📊 Progress: 154/2000 (7.7%) | Speed: 3.6 products/min | ETA: 507 min | Failed: 0 | Blocked: 0
🔄 Proxy rotations: 7 | Healthy proxies: 19900/19900
[32mINFO[39m [33m PlaywrightCrawler:[39m ✅ Parsed: LMC7660IMX/NOPB, Преобразователь напряжения на переключаемых конденсаторах, инвертирующий [SO-8]
📊 Progress: 155/2000 (7.8%) | Speed: 3.7 products/min | ETA: 504 min | Failed: 0 | Blocked: 0
🔄 Proxy rotations: 7 | Healthy proxies: 19900/19900
[32mINFO[39m [33m PlaywrightCrawler:[39m ✅ Parsed: LMR14006YDDCR, DC-DC преобразователь, Buck, Uвх=4…40В, Uвых=0.765…38.4В, 0.6А, 2.1МГц [TSOT-23-6.]
📊 Progress: 156/2000 (7.8%) | Speed: 3.7 products/min | ETA: 500 min | Failed: 0 | Blocked: 0
🔄 Proxy rotations: 7 | Healthy proxies: 19900/19900
[32mINFO[39m [33m PlaywrightCrawler:[39m ✅ Parsed: LMR14010ADDCR, DC-DC преобразователь, Buck, Uвх=4…40В, Uвых=0.765…40В, 1А, 550…850кГц [TSOT-23-6.]
📊 Progress: 157/2000 (7.8%) | Speed: 3.7 products/min | ETA: 497 min | Failed: 0 | Blocked: 0
🔄 Proxy rotations: 7 | Healthy proxies: 19900/19900
[32mINFO[39m [33m PlaywrightCrawler:[39m Parsing: https://www.chipdip.ru/product/lmr14030sddar-dc-dc-preobrazovatel-texas-instruments-9001599816
[32mINFO[39m [33m PlaywrightCrawler:[39m Using proxy: p.webshare.io:80
[32mINFO[39m [33m PlaywrightCrawler:[39m Parsing: https://www.chipdip.ru/product/lmr14050sddar-dc-dc-preobrazovatel-texas-instruments-9001599817
[32mINFO[39m [33m PlaywrightCrawler:[39m Using proxy: p.webshare.io:80
[32mINFO[39m [33m PlaywrightCrawler:[39m Parsing: https://www.chipdip.ru/product/lmr14206xmkx-nopb-dc-dc-preobrazovatel-texas-instruments-9001599818
[32mINFO[39m [33m PlaywrightCrawler:[39m Using proxy: p.webshare.io:80
[32mINFO[39m [33m PlaywrightCrawler:Statistics:[39m PlaywrightCrawler request statistics:[90m {"requestAvgFailedDurationMillis":null,"requestAvgFinishedDurationMillis":19549,"requestsFinishedPerMinute":7,"requestsFailedPerMinute":0,"requestTotalDurationMillis":136845,"requestsTotal":7,"crawlerRuntimeMillis":60107,"retryHistogram":[7]}[39m
[32mINFO[39m [33m PlaywrightCrawler:AutoscaledPool:[39m state[90m {"currentConcurrency":7,"desiredConcurrency":8,"systemStatus":{"isSystemIdle":true,"memInfo":{"isOverloaded":false,"limitRatio":0.2,"actualRatio":0},"eventLoopInfo":{"isOverloaded":false,"limitRatio":0.6,"actualRatio":0},"cpuInfo":{"isOverloaded":false,"limitRatio":0.4,"actualRatio":0},"clientInfo":{"isOverloaded":false,"limitRatio":0.3,"actualRatio":0}}}[39m
[32mINFO[39m [33m PlaywrightCrawler:[39m Parsing: https://www.chipdip.ru/product/lmr16006xddcr-dc-dc-preobrazovatel-texas-instruments-9001599819
[32mINFO[39m [33m PlaywrightCrawler:[39m Using proxy: p.webshare.io:80
[32mINFO[39m [33m PlaywrightCrawler:[39m Parsing: https://www.chipdip.ru/product/lmr16006yddcr-dc-dc-preobrazovatel-texas-instruments-9001599820
[32mINFO[39m [33m PlaywrightCrawler:[39m Using proxy: p.webshare.io:80
[32mINFO[39m [33m PlaywrightCrawler:[39m Parsing: https://www.chipdip.ru/product/lmr16030sddar-dc-dc-preobrazovatel-texas-instruments-9001599822
[32mINFO[39m [33m PlaywrightCrawler:[39m Using proxy: p.webshare.io:80
[32mINFO[39m [33m PlaywrightCrawler:[39m Parsing: https://www.chipdip.ru/product/lmr16020pddar-dc-dc-preobrazovatel-texas-instruments-9001599821
[32mINFO[39m [33m PlaywrightCrawler:[39m Using proxy: p.webshare.io:80
[31mERROR[39m[33m PlaywrightCrawler:[39m 🚫 Blocked by ChipDip captcha/firewall
[32mINFO[39m [33m PlaywrightCrawler:[39m ✅ Parsed: LMR14050SDDAR, DC-DC преобразователь понижающий ADJ 5А 200кГц-2.5МГц [SO-8 PowerPad.]
📊 Progress: 158/2000 (7.9%) | Speed: 3.7 products/min | ETA: 497 min | Failed: 1 | Blocked: 1
🔄 Proxy rotations: 7 | Healthy proxies: 19900/19900
[32mINFO[39m [33m PlaywrightCrawler:[39m ✅ Parsed: LMR14206XMKX/NOPB, DC-DC преобразователь понижающий ADJ 600мА 1.25МГц [TSOT-23-6.] (=LMR14206XMKE/NOPB, LMR14206XMK/NOPB
📊 Progress: 159/2000 (8.0%) | Speed: 3.7 products/min | ETA: 494 min | Failed: 1 | Blocked: 1
🔄 Proxy rotations: 7 | Healthy proxies: 19900/19900
[32mINFO[39m [33m PlaywrightCrawler:[39m ✅ Parsed: LMR16006XDDCR, DC-DC преобразователь понижающий ADJ 600мА 700кГц [TSOT-23-6.] (=LMR16006XDDCT)
📊 Progress: 160/2000 (8.0%) | Speed: 3.7 products/min | ETA: 491 min | Failed: 1 | Blocked: 1
🔄 Proxy rotations: 7 | Healthy proxies: 19900/19900
[32mINFO[39m [33m PlaywrightCrawler:[39m ✅ Parsed: LMR16006YDDCR, DC-DC преобразователь понижающий ADJ 600мА 2.1МГц [TSOT-23-6.] (=LMR16006YDDCT)
📊 Progress: 161/2000 (8.1%) | Speed: 3.8 products/min | ETA: 488 min | Failed: 1 | Blocked: 1
🔄 Proxy rotations: 7 | Healthy proxies: 19900/19900
[32mINFO[39m [33m PlaywrightCrawler:[39m ✅ Parsed: LMR16030SDDAR, DC-DC преобразователь понижающий ADJ 3А 200кГц-2.5МГц [SO-8 PowerPad.]
📊 Progress: 162/2000 (8.1%) | Speed: 3.8 products/min | ETA: 485 min | Failed: 1 | Blocked: 1
🔄 Proxy rotations: 7 | Healthy proxies: 19900/19900
[32mINFO[39m [33m PlaywrightCrawler:[39m ✅ Parsed: LMR16020PDDAR, DC-DC преобразователь понижающий ADJ 2А 200кГц-2.5МГц [SO-8 PowerPad.]
📊 Progress: 163/2000 (8.2%) | Speed: 3.8 products/min | ETA: 481 min | Failed: 1 | Blocked: 1
🔄 Proxy rotations: 7 | Healthy proxies: 19900/19900
[32mINFO[39m [33m PlaywrightCrawler:[39m Parsing: https://www.chipdip.ru/product/lmr62014xmfx-nopb-dc-dc-preobrazovatel-texas-instruments-9001599823
[32mINFO[39m [33m PlaywrightCrawler:[39m Using proxy: p.webshare.io:80
[32mINFO[39m [33m PlaywrightCrawler:[39m Parsing: https://www.chipdip.ru/product/lmr64010xmfx-nopb-dc-dc-preobrazovatel-texas-instruments-9001599824
[32mINFO[39m [33m PlaywrightCrawler:[39m Using proxy: p.webshare.io:80
[32mINFO[39m [33m PlaywrightCrawler:[39m Parsing: https://www.chipdip.ru/product/lmz21701silr-pol-dc-dc-preobrazovatel-texas-instruments-9000348159
[32mINFO[39m [33m PlaywrightCrawler:[39m Using proxy: p.webshare.io:80
[32mINFO[39m [33m PlaywrightCrawler:[39m Parsing: https://www.chipdip.ru/product/lmr33630addar-dc-dc-preobrazovatel-buck-texas-instruments-9000818373
[32mINFO[39m [33m PlaywrightCrawler:[39m Using proxy: p.webshare.io:80
[32mINFO[39m [33m PlaywrightCrawler:[39m Parsing: https://www.chipdip.ru/product/max1674eua-t-vysokoeffektivnyy-povyshayuschiy-maxim-762758813
[32mINFO[39m [33m PlaywrightCrawler:[39m Using proxy: p.webshare.io:80
[32mINFO[39m [33m PlaywrightCrawler:[39m ✅ Parsed: LMR62014XMFX/NOPB, DC-DC преобразователь повышающий ADJ 2А 1.6МГц [SOT-23-5.] (=LMR62014XMF/NOPB, LMR62014XME/NOPB)
📊 Progress: 164/2000 (8.2%) | Speed: 3.8 products/min | ETA: 483 min | Failed: 1 | Blocked: 1
🔄 Proxy rotations: 7 | Healthy proxies: 19900/19900
[32mINFO[39m [33m PlaywrightCrawler:[39m ✅ Parsed: LMR64010XMFX/NOPB, DC-DC преобразователь повышающий ADJ 1А 1.6МГц [SOT-23-5.] (=LMR64010XM/NOPB, LMR64010XME/NOPB)
📊 Progress: 165/2000 (8.3%) | Speed: 3.8 products/min | ETA: 480 min | Failed: 1 | Blocked: 1
🔄 Proxy rotations: 7 | Healthy proxies: 19900/19900
[32mINFO[39m [33m PlaywrightCrawler:[39m Parsing: https://www.chipdip.ru/product/lt1054cdw-preobrazovatel-napryazheniya-s-texas-instruments-9000144151
[32mINFO[39m [33m PlaywrightCrawler:[39m Using proxy: p.webshare.io:80
[32mINFO[39m [33m PlaywrightCrawler:[39m ✅ Parsed: LMZ21701SILR, PoL DC-DC преобразователь, Buck, Uвх=3…17В, Uвых=0.9…6В, 1А [µSIP-8.]
📊 Progress: 166/2000 (8.3%) | Speed: 3.8 products/min | ETA: 477 min | Failed: 1 | Blocked: 1
🔄 Proxy rotations: 7 | Healthy proxies: 19900/19900
[32mINFO[39m [33m PlaywrightCrawler:[39m Parsing: https://www.chipdip.ru/product/lt1074ct-pbf-dc-dc-preobrazovatel-buck-boost-analog-devices-9000038467
[32mINFO[39m [33m PlaywrightCrawler:[39m Using proxy: p.webshare.io:80
[32mINFO[39m [33m PlaywrightCrawler:[39m Parsing: https://www.chipdip.ru/product/max1678eua-dc-dc-preobrazovatel-povyshayuschiy-umax-8-maxim-920344354
[32mINFO[39m [33m PlaywrightCrawler:[39m Using proxy: p.webshare.io:80
[32mINFO[39m [33m PlaywrightCrawler:[39m ✅ Parsed: LMR33630ADDAR, DC-DC преобразователь, Buck, Uвх=3.8…36В, Uвых=1…24В, 3А, 400кГц [SO-8_PowerPad.]
📊 Progress: 167/2000 (8.3%) | Speed: 3.9 products/min | ETA: 475 min | Failed: 1 | Blocked: 1
🔄 Proxy rotations: 7 | Healthy proxies: 19900/19900
[32mINFO[39m [33m PlaywrightCrawler:[39m ✅ Parsed: MAX1674EUA+T, Высокоэффективный повышающий преобразователь напряжения [uMAX-8]
📊 Progress: 168/2000 (8.4%) | Speed: 3.9 products/min | ETA: 472 min | Failed: 1 | Blocked: 1
🔄 Proxy rotations: 7 | Healthy proxies: 19900/19900
[32mINFO[39m [33m PlaywrightCrawler:[39m Parsing: https://www.chipdip.ru/product/max1681esa-preobrazovatel-napryazheniya-s-maxim-40131839
[32mINFO[39m [33m PlaywrightCrawler:[39m Using proxy: p.webshare.io:80
[32mINFO[39m [33m PlaywrightCrawler:[39m ✅ Parsed: LT1054CDW, Преобразователь напряжения с переключаемыми конденсаторами [SOIC-16]
📊 Progress: 169/2000 (8.5%) | Speed: 3.9 products/min | ETA: 469 min | Failed: 1 | Blocked: 1
🔄 Proxy rotations: 7 | Healthy proxies: 19900/19900
[32mINFO[39m [33m PlaywrightCrawler:[39m ✅ Parsed: MAX1678EUA+, DC/DC преобразователь (повышающий) [uMAX-8.]
📊 Progress: 170/2000 (8.5%) | Speed: 3.9 products/min | ETA: 466 min | Failed: 1 | Blocked: 1
🔄 Proxy rotations: 7 | Healthy proxies: 19900/19900
[32mINFO[39m [33m PlaywrightCrawler:[39m ✅ Parsed: LT1074CT#PBF, DC-DC преобразователь, Buck, Boost, Flyback, Uвх=8…45В, Uвых=2.5…35В, 5А [TO-220-5 Formed Leads.]
📊 Progress: 171/2000 (8.6%) | Speed: 3.9 products/min | ETA: 463 min | Failed: 1 | Blocked: 1
🔄 Proxy rotations: 7 | Healthy proxies: 19900/19900
[32mINFO[39m [33m PlaywrightCrawler:[39m ✅ Parsed: MAX1681ESA+, Преобразователь напряжения с переключаемыми конденсаторами, выбор частоты, 125 мА [SOIC-8]
📊 Progress: 172/2000 (8.6%) | Speed: 4.0 products/min | ETA: 461 min | Failed: 1 | Blocked: 1
🔄 Proxy rotations: 7 | Healthy proxies: 19900/19900
[32mINFO[39m [33m PlaywrightCrawler:[39m Parsing: https://www.chipdip.ru/product/max5035dasa-t-ponizhayuschiy-dc-dc-preobrazovatel-uvh-maxim-925656910
[32mINFO[39m [33m PlaywrightCrawler:[39m Using proxy: p.webshare.io:80
[32mINFO[39m [33m PlaywrightCrawler:[39m Parsing: https://www.chipdip.ru/product/max5035basa-t-ponizhayuschiy-dc-dc-preobrazovatel-uvh-maxim-9000024532
[32mINFO[39m [33m PlaywrightCrawler:[39m Using proxy: p.webshare.io:80
[32mINFO[39m [33m PlaywrightCrawler:[39m Parsing: https://www.chipdip.ru/product/max660esa-t-invertor-napryazheniya-s-podkachkoy-maxim-511908328
[32mINFO[39m [33m PlaywrightCrawler:[39m Using proxy: p.webshare.io:80
[32mINFO[39m [33m PlaywrightCrawler:[39m Parsing: https://www.chipdip.ru/product/max680cpa-invertiruyuschiy-preobrazovatel-maxim-659017405
[32mINFO[39m [33m PlaywrightCrawler:[39m Using proxy: p.webshare.io:80
[32mINFO[39m [33m PlaywrightCrawler:[39m Parsing: https://www.chipdip.ru/product/max730acsa-ponizhayuschiy-dc-dc-preobrazovatel-maxim-9000231368
[32mINFO[39m [33m PlaywrightCrawler:[39m Using proxy: p.webshare.io:80
[32mINFO[39m [33m PlaywrightCrawler:[39m ✅ Parsed: MAX5035DASA+T, Понижающий DC-DC преобразователь, Uвх до 76В, Uвых=1.25...13.2В, Iвых=1А, MAXPower [SOIC-8.]
📊 Progress: 173/2000 (8.6%) | Speed: 4.0 products/min | ETA: 460 min | Failed: 1 | Blocked: 1
🔄 Proxy rotations: 7 | Healthy proxies: 19900/19900
[32mINFO[39m [33m PlaywrightCrawler:[39m Parsing: https://www.chipdip.ru/product/max710ese-t-dc-dc-konverter-uvyh-3.3-5v-soic-16-maxim-248662011
[32mINFO[39m [33m PlaywrightCrawler:[39m Using proxy: p.webshare.io:80
[32mINFO[39m [33m PlaywrightCrawler:[39m ✅ Parsed: MAX5035BASA+T, Понижающий DC-DC преобразователь, Uвх до 76В, Uвых=5В, Iвых=1А, MAXPower [SOIC-8.]
📊 Progress: 174/2000 (8.7%) | Speed: 4.0 products/min | ETA: 457 min | Failed: 1 | Blocked: 1
🔄 Proxy rotations: 7 | Healthy proxies: 19900/19900
[32mINFO[39m [33m PlaywrightCrawler:Statistics:[39m PlaywrightCrawler request statistics:[90m {"requestAvgFailedDurationMillis":null,"requestAvgFinishedDurationMillis":25862,"requestsFinishedPerMinute":12,"requestsFailedPerMinute":0,"requestTotalDurationMillis":646562,"requestsTotal":25,"crawlerRuntimeMillis":120109,"retryHistogram":[25]}[39m
[32mINFO[39m [33m PlaywrightCrawler:AutoscaledPool:[39m state[90m {"currentConcurrency":5,"desiredConcurrency":10,"systemStatus":{"isSystemIdle":true,"memInfo":{"isOverloaded":false,"limitRatio":0.2,"actualRatio":0},"eventLoopInfo":{"isOverloaded":false,"limitRatio":0.6,"actualRatio":0},"cpuInfo":{"isOverloaded":false,"limitRatio":0.4,"actualRatio":0},"clientInfo":{"isOverloaded":false,"limitRatio":0.3,"actualRatio":0}}}[39m
[32mINFO[39m [33m PlaywrightCrawler:[39m ✅ Parsed: MAX660ESA+T, Инвертор напряжения с подкачкой заряда, Uвх=1.5…5.5В, Uвых= - Vin / 2Vin, Iвых=0.1А [SOIC-8.]
📊 Progress: 175/2000 (8.8%) | Speed: 4.0 products/min | ETA: 455 min | Failed: 1 | Blocked: 1
🔄 Proxy rotations: 7 | Healthy proxies: 19900/19900
[32mINFO[39m [33m PlaywrightCrawler:[39m ✅ Parsed: MAX730ACSA+, Понижающий DC-DC преобразователь токового режима с ШИМ, 5В [SOIC-8]
📊 Progress: 176/2000 (8.8%) | Speed: 4.0 products/min | ETA: 452 min | Failed: 1 | Blocked: 1
🔄 Proxy rotations: 7 | Healthy proxies: 19900/19900
[32mINFO[39m [33m PlaywrightCrawler:[39m ✅ Parsed: MAX680CPA+, Инвертирующий преобразователь напряжения +5В/ ±10В [DIP-8]
📊 Progress: 177/2000 (8.8%) | Speed: 4.1 products/min | ETA: 449 min | Failed: 1 | Blocked: 1
🔄 Proxy rotations: 7 | Healthy proxies: 19900/19900
[32mINFO[39m [33m PlaywrightCrawler:[39m ✅ Parsed: MAX710ESE+T, DC/DC конвертер Uвых=3.3/5В [SOIC-16.]
📊 Progress: 178/2000 (8.9%) | Speed: 4.1 products/min | ETA: 447 min | Failed: 1 | Blocked: 1
🔄 Proxy rotations: 7 | Healthy proxies: 19900/19900
[32mINFO[39m [33m PlaywrightCrawler:[39m Parsing: https://www.chipdip.ru/product/max756csa-t-dc-dc-preobrazovatel-povyshayuschiy-maxim-947208198
[32mINFO[39m [33m PlaywrightCrawler:[39m Using proxy: p.webshare.io:80
[32mINFO[39m [33m PlaywrightCrawler:[39m ✅ Parsed: MAX756CSA+T, DC/DC преобразователь повышающий 3.3В/5В [SOIC-8.]
📊 Progress: 179/2000 (8.9%) | Speed: 4.1 products/min | ETA: 447 min | Failed: 1 | Blocked: 1
🔄 Proxy rotations: 7 | Healthy proxies: 19900/19900
[32mINFO[39m [33m PlaywrightCrawler:[39m All requests from the queue have been processed, the crawler will shut down.
[32mINFO[39m [33m PlaywrightCrawler:[39m Final request statistics:[90m {"requestsFinished":30,"requestsFailed":0,"retryHistogram":[30],"requestAvgFailedDurationMillis":null,"requestAvgFinishedDurationMillis":25978,"requestsFinishedPerMinute":13,"requestsFailedPerMinute":0,"requestTotalDurationMillis":779334,"requestsTotal":30,"crawlerRuntimeMillis":141285}[39m
[32mINFO[39m [33m PlaywrightCrawler:[39m Finished! Total 30 requests: 30 succeeded, 0 failed.[90m {"terminal":true}[39m
✅ Batch completed. Processed: 180/2000

🔄 Batch 7: Processing 30 products with proxy p.webshare.io:80
[32mINFO[39m [33m PlaywrightCrawler:[39m Starting the crawler.
[32mINFO[39m [33m PlaywrightCrawler:Statistics:[39m PlaywrightCrawler request statistics:[90m {"requestAvgFailedDurationMillis":null,"requestAvgFinishedDurationMillis":null,"requestsFinishedPerMinute":0,"requestsFailedPerMinute":0,"requestTotalDurationMillis":0,"requestsTotal":0,"crawlerRuntimeMillis":60115,"retryHistogram":[]}[39m
[32mINFO[39m [33m PlaywrightCrawler:AutoscaledPool:[39m state[90m {"currentConcurrency":2,"desiredConcurrency":4,"systemStatus":{"isSystemIdle":true,"memInfo":{"isOverloaded":false,"limitRatio":0.2,"actualRatio":0},"eventLoopInfo":{"isOverloaded":false,"limitRatio":0.6,"actualRatio":0},"cpuInfo":{"isOverloaded":false,"limitRatio":0.4,"actualRatio":0},"clientInfo":{"isOverloaded":false,"limitRatio":0.3,"actualRatio":0}}}[39m
[32mINFO[39m [33m PlaywrightCrawler:Statistics:[39m PlaywrightCrawler request statistics:[90m {"requestAvgFailedDurationMillis":null,"requestAvgFinishedDurationMillis":null,"requestsFinishedPerMinute":0,"requestsFailedPerMinute":0,"requestTotalDurationMillis":0,"requestsTotal":0,"crawlerRuntimeMillis":120116,"retryHistogram":[]}[39m
[32mINFO[39m [33m PlaywrightCrawler:AutoscaledPool:[39m state[90m {"currentConcurrency":2,"desiredConcurrency":4,"systemStatus":{"isSystemIdle":true,"memInfo":{"isOverloaded":false,"limitRatio":0.2,"actualRatio":0},"eventLoopInfo":{"isOverloaded":false,"limitRatio":0.6,"actualRatio":0},"cpuInfo":{"isOverloaded":false,"limitRatio":0.4,"actualRatio":0},"clientInfo":{"isOverloaded":false,"limitRatio":0.3,"actualRatio":0}}}[39m
[33mWARN[39m [33m PlaywrightCrawler:[39m Reclaiming failed request back to the list or queue. Navigation timed out after 120 seconds.[90m {"id":"dpKqwPSHLnDHe1u","url":"https://www.chipdip.ru/product/max764esa-t-dc-dc-preobrazovvatel-invertiruyuschiy-maxim-331156346","retryCount":1}[39m
[33mWARN[39m [33m PlaywrightCrawler:[39m Reclaiming failed request back to the list or queue. Navigation timed out after 120 seconds.[90m {"id":"8aUDOEOG2VhS3FX","url":"https://www.chipdip.ru/product/max860isa-t-dc-dc-preobrazovvatel-invertiruyuschiy-maxim-376220722","retryCount":1}[39m
[32mINFO[39m [33m PlaywrightCrawler:Statistics:[39m PlaywrightCrawler request statistics:[90m {"requestAvgFailedDurationMillis":null,"requestAvgFinishedDurationMillis":null,"requestsFinishedPerMinute":0,"requestsFailedPerMinute":0,"requestTotalDurationMillis":0,"requestsTotal":0,"crawlerRuntimeMillis":180117,"retryHistogram":[]}[39m
[32mINFO[39m [33m PlaywrightCrawler:AutoscaledPool:[39m state[90m {"currentConcurrency":5,"desiredConcurrency":7,"systemStatus":{"isSystemIdle":true,"memInfo":{"isOverloaded":false,"limitRatio":0.2,"actualRatio":0},"eventLoopInfo":{"isOverloaded":false,"limitRatio":0.6,"actualRatio":0},"cpuInfo":{"isOverloaded":false,"limitRatio":0.4,"actualRatio":0},"clientInfo":{"isOverloaded":false,"limitRatio":0.3,"actualRatio":0}}}[39m
[33mWARN[39m [33m PlaywrightCrawler:[39m Reclaiming failed request back to the list or queue. page.goto: net::ERR_CONNECTION_CLOSED at https://www.chipdip.ru/product/mc33063adr-dc-dc-preobrazovatel-1.5a-texas-instruments-9000085594
Call log:
  - navigating to "https://www.chipdip.ru/product/mc33063adr-dc-dc-preobrazovatel-1.5a-texas-instruments-9000085594", waiting until "load"

[90m {"id":"tM6jCnHmI4ht9kU","url":"https://www.chipdip.ru/product/mc33063adr-dc-dc-preobrazovatel-1.5a-texas-instruments-9000085594","retryCount":1}[39m
[33mWARN[39m [33m PlaywrightCrawler:[39m Reclaiming failed request back to the list or queue. page.goto: net::ERR_CONNECTION_CLOSED at https://www.chipdip.ru/product/mc33063ap1g-impulsnyy-ponizhayuschiy-on-semiconductor-60443
Call log:
  - navigating to "https://www.chipdip.ru/product/mc33063ap1g-impulsnyy-ponizhayuschiy-on-semiconductor-60443", waiting until "load"

[90m {"id":"p2GeJeDTjebueFx","url":"https://www.chipdip.ru/product/mc33063ap1g-impulsnyy-ponizhayuschiy-on-semiconductor-60443","retryCount":1}[39m
[33mWARN[39m [33m PlaywrightCrawler:[39m Reclaiming failed request back to the list or queue. page.goto: net::ERR_CONNECTION_CLOSED at https://www.chipdip.ru/product/mc33063adg-impulsnyy-ponizhayuschiy-on-semiconductor-42555
Call log:
  - navigating to "https://www.chipdip.ru/product/mc33063adg-impulsnyy-ponizhayuschiy-on-semiconductor-42555", waiting until "load"

[90m {"id":"D9hOlqXq5uLGros","url":"https://www.chipdip.ru/product/mc33063adg-impulsnyy-ponizhayuschiy-on-semiconductor-42555","retryCount":1}[39m
[33mWARN[39m [33m PlaywrightCrawler:[39m Reclaiming failed request back to the list or queue. page.goto: net::ERR_CONNECTION_CLOSED at https://www.chipdip.ru/product/mc33167tg-regulyator-napryazheniya-5a-on-semiconductor-9000028838
Call log:
  - navigating to "https://www.chipdip.ru/product/mc33167tg-regulyator-napryazheniya-5a-on-semiconductor-9000028838", waiting until "load"

[90m {"id":"U4F6sQEBBSsoNpB","url":"https://www.chipdip.ru/product/mc33167tg-regulyator-napryazheniya-5a-on-semiconductor-9000028838","retryCount":1}[39m
[32mINFO[39m [33m PlaywrightCrawler:Statistics:[39m PlaywrightCrawler request statistics:[90m {"requestAvgFailedDurationMillis":null,"requestAvgFinishedDurationMillis":null,"requestsFinishedPerMinute":0,"requestsFailedPerMinute":0,"requestTotalDurationMillis":0,"requestsTotal":0,"crawlerRuntimeMillis":240118,"retryHistogram":[]}[39m
[32mINFO[39m [33m PlaywrightCrawler:AutoscaledPool:[39m state[90m {"currentConcurrency":8,"desiredConcurrency":10,"systemStatus":{"isSystemIdle":true,"memInfo":{"isOverloaded":false,"limitRatio":0.2,"actualRatio":0},"eventLoopInfo":{"isOverloaded":false,"limitRatio":0.6,"actualRatio":0},"cpuInfo":{"isOverloaded":false,"limitRatio":0.4,"actualRatio":0},"clientInfo":{"isOverloaded":false,"limitRatio":0.3,"actualRatio":0}}}[39m
[33mWARN[39m [33m PlaywrightCrawler:[39m Reclaiming failed request back to the list or queue. Navigation timed out after 120 seconds.[90m {"id":"67zpkS7FEMwV3z6","url":"https://www.chipdip.ru/product/mc33063adr-dc-dc-preobrazovatel-1.5a-uvh-3-32v-uvyh-adj-umw-9001333407","retryCount":1}[39m
[32mINFO[39m [33m PlaywrightCrawler:Statistics:[39m PlaywrightCrawler request statistics:[90m {"requestAvgFailedDurationMillis":null,"requestAvgFinishedDurationMillis":null,"requestsFinishedPerMinute":0,"requestsFailedPerMinute":0,"requestTotalDurationMillis":0,"requestsTotal":0,"crawlerRuntimeMillis":300119,"retryHistogram":[]}[39m
[32mINFO[39m [33m PlaywrightCrawler:AutoscaledPool:[39m state[90m {"currentConcurrency":10,"desiredConcurrency":10,"systemStatus":{"isSystemIdle":true,"memInfo":{"isOverloaded":false,"limitRatio":0.2,"actualRatio":0},"eventLoopInfo":{"isOverloaded":false,"limitRatio":0.6,"actualRatio":0},"cpuInfo":{"isOverloaded":false,"limitRatio":0.4,"actualRatio":0},"clientInfo":{"isOverloaded":false,"limitRatio":0.3,"actualRatio":0}}}[39m
[33mWARN[39m [33m PlaywrightCrawler:[39m Reclaiming failed request back to the list or queue. Navigation timed out after 120 seconds.[90m {"id":"g4xeeN5zzoyjkC2","url":"https://www.chipdip.ru/product/mc34063abd-tr-povyshayuschiy-st-microelectronics-9000088982","retryCount":1}[39m
[33mWARN[39m [33m PlaywrightCrawler:[39m Reclaiming failed request back to the list or queue. Navigation timed out after 120 seconds.[90m {"id":"GF0qUVhpEzDYP8Y","url":"https://www.chipdip.ru/product/mc34063acd-tr-povyshayuschiy-st-microelectronics-9000037135","retryCount":1}[39m
[33mWARN[39m [33m PlaywrightCrawler:[39m Reclaiming failed request back to the list or queue. Navigation timed out after 120 seconds.[90m {"id":"fHUDeeFzmQ6E3QJ","url":"https://www.chipdip.ru/product/mc34063abn-povyshayuschiy-st-microelectronics-9000038785","retryCount":1}[39m
[33mWARN[39m [33m PlaywrightCrawler:[39m Reclaiming failed request back to the list or queue. Navigation timed out after 120 seconds.[90m {"id":"ZVNDxwtwTpONisi","url":"https://www.chipdip.ru/product/mc34063acn-povyshayuschiy-st-microelectronics-9001736552","retryCount":1}[39m
[33mWARN[39m [33m PlaywrightCrawler:[39m Reclaiming failed request back to the list or queue. Navigation timed out after 120 seconds.[90m {"id":"xt1GTZkpgsd7gKC","url":"https://www.chipdip.ru/product/mc34063adr-dc-dc-preobrazovatel-sw-1.5a-step-up-dn-so-8-umw-9001067622","retryCount":1}[39m
[33mWARN[39m [33m PlaywrightCrawler:[39m Reclaiming failed request back to the list or queue. Navigation timed out after 120 seconds.[90m {"id":"ugAX7Zhe7bvcYmc","url":"https://www.chipdip.ru/product/mc34063adr-dc-dc-preobrazovatel-sw-1.5a-texas-instruments-2166641522","retryCount":1}[39m
[33mWARN[39m [33m PlaywrightCrawler:[39m Reclaiming failed request back to the list or queue. Navigation timed out after 120 seconds.[90m {"id":"3wjgnab5HrwadPE","url":"https://www.chipdip.ru/product/mc34063adr2g-povyshayuschiy-ponizhayuschiy-on-semiconductor-9000965348","retryCount":1}[39m
[33mWARN[39m [33m PlaywrightCrawler:[39m Reclaiming failed request back to the list or queue. page.goto: net::ERR_HTTP2_PING_FAILED at https://www.chipdip.ru/product/mc34063ap1g-povyshayuschiy-ponizhayuschiy-on-semiconductor-298265470
Call log:
  - navigating to "https://www.chipdip.ru/product/mc34063ap1g-povyshayuschiy-ponizhayuschiy-on-semiconductor-298265470", waiting until "load"

[90m {"id":"RBYvLwCsczPqULA","url":"https://www.chipdip.ru/product/mc34063ap1g-povyshayuschiy-ponizhayuschiy-on-semiconductor-298265470","retryCount":1}[39m
[33mWARN[39m [33m PlaywrightCrawler:[39m Reclaiming failed request back to the list or queue. page.goto: Target page, context or browser has been closed
Call log:
  - navigating to "https://www.chipdip.ru/product/mcp1640t-i-chy-dc-dc-preobrazovatel-650mv-5.5v-microchip-9000109618", waiting until "load"

[90m {"id":"yqo7cJommyCYbhw","url":"https://www.chipdip.ru/product/mcp1640t-i-chy-dc-dc-preobrazovatel-650mv-5.5v-microchip-9000109618","retryCount":1}[39m
[33mWARN[39m [33m PlaywrightCrawler:[39m Reclaiming failed request back to the list or queue. page.goto: Target page, context or browser has been closed
Call log:
  - navigating to "https://www.chipdip.ru/product/mcp16301t-i-chy-dc-dc-preobrazovatel-microchip-9000177294", waiting until "load"

[90m {"id":"B3K5CGydJXko2hU","url":"https://www.chipdip.ru/product/mcp16301t-i-chy-dc-dc-preobrazovatel-microchip-9000177294","retryCount":1}[39m
[33mWARN[39m [33m PlaywrightCrawler:[39m Reclaiming failed request back to the list or queue. page.goto: Target page, context or browser has been closed
Call log:
  - navigating to "https://www.chipdip.ru/product/mc34063m-tr-povyshayuschiy-ponizhayuschiy-hgsemi-9001239041", waiting until "load"

[90m {"id":"hBgTBj6IOsy5mrM","url":"https://www.chipdip.ru/product/mc34063m-tr-povyshayuschiy-ponizhayuschiy-hgsemi-9001239041","retryCount":1}[39m
[33mWARN[39m [33m PlaywrightCrawler:[39m Reclaiming failed request back to the list or queue. page.goto: Target page, context or browser has been closed
Call log:
  - navigating to "https://www.chipdip.ru/product/mt2492-ponizhayuschiy-sinhronnyy-dc-dc-aerosemi-9001621963", waiting until "load"

[90m {"id":"Jpcevc6cA3ahImN","url":"https://www.chipdip.ru/product/mt2492-ponizhayuschiy-sinhronnyy-dc-dc-aerosemi-9001621963","retryCount":1}[39m
[33mWARN[39m [33m PlaywrightCrawler:[39m Reclaiming failed request back to the list or queue. browserController.newPage() failed: YC18drAKNHZry-U2un2Pe
Cause:browserContext.newPage: Target page, context or browser has been closed.
[90m {"id":"8aUDOEOG2VhS3FX","url":"https://www.chipdip.ru/product/max860isa-t-dc-dc-preobrazovvatel-invertiruyuschiy-maxim-376220722","retryCount":2}[39m
[32mINFO[39m [33m PlaywrightCrawler:[39m Parsing: https://www.chipdip.ru/product/mp1605gtf-z-mikroshema-monolithic-9001365398
[32mINFO[39m [33m PlaywrightCrawler:[39m Using proxy: p.webshare.io:80
[31mERROR[39m[33m PlaywrightCrawler:[39m Error parsing product: Error: page.evaluate: Target page, context or browser has been closed
[32mINFO[39m [33m PlaywrightCrawler:[39m Parsing: https://www.chipdip.ru/product/mp1410es-lf-z-dc-dc-preobrazovatel-monolithic-9000077135
[32mINFO[39m [33m PlaywrightCrawler:[39m Using proxy: p.webshare.io:80
[31mERROR[39m[33m PlaywrightCrawler:[39m Error parsing product: Error: page.evaluate: Target page, context or browser has been closed
[32mINFO[39m [33m PlaywrightCrawler:[39m Parsing: https://www.chipdip.ru/product/mt1470-ponizhayuschiy-sinhronnyy-dc-dc-aerosemi-9001621964
[32mINFO[39m [33m PlaywrightCrawler:[39m Using proxy: p.webshare.io:80
[31mERROR[39m[33m PlaywrightCrawler:[39m Error parsing product: Error: page.evaluate: Target page, context or browser has been closed
Proxy p.webshare.io:80 marked as unhealthy after 3 failures
[32mINFO[39m [33m PlaywrightCrawler:[39m Parsing: https://www.chipdip.ru/product/mp2307dn-lf-z-dc-dc-preobrazovatel-monolithic-9050001885
[32mINFO[39m [33m PlaywrightCrawler:[39m Using proxy: p.webshare.io:80
[31mERROR[39m[33m PlaywrightCrawler:[39m Error parsing product: Error: page.evaluate: Target page, context or browser has been closed
Proxy p.webshare.io:80 marked as unhealthy after 4 failures
[32mINFO[39m [33m PlaywrightCrawler:[39m Parsing: https://www.chipdip.ru/product/me3116am6g-preobrazovatel-postoyannogo-toka-microne-9001403490
[32mINFO[39m [33m PlaywrightCrawler:[39m Using proxy: p.webshare.io:80
[31mERROR[39m[33m PlaywrightCrawler:[39m Error parsing product: Error: page.evaluate: Target page, context or browser has been closed
Proxy p.webshare.io:80 marked as unhealthy after 5 failures
[32mINFO[39m [33m PlaywrightCrawler:[39m Parsing: https://www.chipdip.ru/product/mp1584en-lf-z-dc-dc-preobrazovatel-step-down-monolithic-9000352751
[32mINFO[39m [33m PlaywrightCrawler:[39m Using proxy: p.webshare.io:80
[31mERROR[39m[33m PlaywrightCrawler:[39m Error parsing product: Error: page.evaluate: Target page, context or browser has been closed
Proxy p.webshare.io:80 marked as unhealthy after 6 failures
