🚀 Starting parser with 2captcha for category: mikrokontrollery-1738
💰 2captcha balance: $3.00
📂 Catalog URL: https://www.chipdip.ru/catalog/mikrokontrollery-1738
[32mINFO[39m [33m PlaywrightCrawler:[39m Starting the crawler.
[32mINFO[39m [33m PlaywrightCrawler:[39m Found 20 products on this page (total: 20)
[32mINFO[39m [33m PlaywrightCrawler:[39m Next page found: https://www.chipdip.ru/catalog/mikrokontrollery-1738?page=2
[32mINFO[39m [33m PlaywrightCrawler:[39m Found 20 products on this page (total: 40)
[32mINFO[39m [33m PlaywrightCrawler:[39m Next page found: https://www.chipdip.ru/catalog/mikrokontrollery-1738?page=3
[32mINFO[39m [33m PlaywrightCrawler:[39m Found 20 products on this page (total: 60)
[32mINFO[39m [33m PlaywrightCrawler:[39m Next page found: https://www.chipdip.ru/catalog/mikrokontrollery-1738?page=4
[32mINFO[39m [33m PlaywrightCrawler:[39m Found 20 products on this page (total: 80)
[32mINFO[39m [33m PlaywrightCrawler:[39m Next page found: https://www.chipdip.ru/catalog/mikrokontrollery-1738?page=5
[32mINFO[39m [33m PlaywrightCrawler:[39m Found 20 products on this page (total: 100)
[32mINFO[39m [33m PlaywrightCrawler:[39m Next page found: https://www.chipdip.ru/catalog/mikrokontrollery-1738?page=6
[32mINFO[39m [33m PlaywrightCrawler:[39m Found 20 products on this page (total: 120)
[32mINFO[39m [33m PlaywrightCrawler:[39m Next page found: https://www.chipdip.ru/catalog/mikrokontrollery-1738?page=7
[32mINFO[39m [33m PlaywrightCrawler:[39m Found 20 products on this page (total: 140)
[32mINFO[39m [33m PlaywrightCrawler:[39m Next page found: https://www.chipdip.ru/catalog/mikrokontrollery-1738?page=8
[32mINFO[39m [33m PlaywrightCrawler:[39m Found 20 products on this page (total: 160)
[32mINFO[39m [33m PlaywrightCrawler:[39m Next page found: https://www.chipdip.ru/catalog/mikrokontrollery-1738?page=9
[32mINFO[39m [33m PlaywrightCrawler:[39m Found 20 products on this page (total: 180)
[32mINFO[39m [33m PlaywrightCrawler:[39m Next page found: https://www.chipdip.ru/catalog/mikrokontrollery-1738?page=10
[32mINFO[39m [33m PlaywrightCrawler:[39m Found 20 products on this page (total: 200)
[32mINFO[39m [33m PlaywrightCrawler:[39m Next page found: https://www.chipdip.ru/catalog/mikrokontrollery-1738?page=11
[32mINFO[39m [33m PlaywrightCrawler:Statistics:[39m PlaywrightCrawler request statistics:[90m {"requestAvgFailedDurationMillis":null,"requestAvgFinishedDurationMillis":3054,"requestsFinishedPerMinute":10,"requestsFailedPerMinute":0,"requestTotalDurationMillis":30541,"requestsTotal":10,"crawlerRuntimeMillis":60100,"retryHistogram":[10]}[39m
[32mINFO[39m [33m PlaywrightCrawler:[39m Found 20 products on this page (total: 220)
[32mINFO[39m [33m PlaywrightCrawler:[39m Next page found: https://www.chipdip.ru/catalog/mikrokontrollery-1738?page=12
[32mINFO[39m [33m PlaywrightCrawler:[39m Found 20 products on this page (total: 240)
[32mINFO[39m [33m PlaywrightCrawler:[39m Next page found: https://www.chipdip.ru/catalog/mikrokontrollery-1738?page=13
[32mINFO[39m [33m PlaywrightCrawler:[39m Found 20 products on this page (total: 260)
[32mINFO[39m [33m PlaywrightCrawler:[39m Next page found: https://www.chipdip.ru/catalog/mikrokontrollery-1738?page=14
[32mINFO[39m [33m PlaywrightCrawler:[39m Found 20 products on this page (total: 280)
[32mINFO[39m [33m PlaywrightCrawler:[39m Next page found: https://www.chipdip.ru/catalog/mikrokontrollery-1738?page=15
[32mINFO[39m [33m PlaywrightCrawler:[39m Found 20 products on this page (total: 300)
[32mINFO[39m [33m PlaywrightCrawler:[39m Next page found: https://www.chipdip.ru/catalog/mikrokontrollery-1738?page=16
[32mINFO[39m [33m PlaywrightCrawler:[39m Found 20 products on this page (total: 320)
[32mINFO[39m [33m PlaywrightCrawler:[39m Next page found: https://www.chipdip.ru/catalog/mikrokontrollery-1738?page=17
[32mINFO[39m [33m PlaywrightCrawler:[39m Found 20 products on this page (total: 340)
[32mINFO[39m [33m PlaywrightCrawler:[39m Next page found: https://www.chipdip.ru/catalog/mikrokontrollery-1738?page=18
[32mINFO[39m [33m PlaywrightCrawler:[39m Found 20 products on this page (total: 360)
[32mINFO[39m [33m PlaywrightCrawler:[39m Next page found: https://www.chipdip.ru/catalog/mikrokontrollery-1738?page=19
[32mINFO[39m [33m PlaywrightCrawler:[39m Found 20 products on this page (total: 380)
[32mINFO[39m [33m PlaywrightCrawler:[39m Next page found: https://www.chipdip.ru/catalog/mikrokontrollery-1738?page=20
[32mINFO[39m [33m PlaywrightCrawler:[39m Found 20 products on this page (total: 400)
[32mINFO[39m [33m PlaywrightCrawler:[39m Next page found: https://www.chipdip.ru/catalog/mikrokontrollery-1738?page=21
[32mINFO[39m [33m PlaywrightCrawler:Statistics:[39m PlaywrightCrawler request statistics:[90m {"requestAvgFailedDurationMillis":null,"requestAvgFinishedDurationMillis":3034,"requestsFinishedPerMinute":10,"requestsFailedPerMinute":0,"requestTotalDurationMillis":60676,"requestsTotal":20,"crawlerRuntimeMillis":120100,"retryHistogram":[20]}[39m
[32mINFO[39m [33m PlaywrightCrawler:[39m Found 20 products on this page (total: 420)
[32mINFO[39m [33m PlaywrightCrawler:[39m Next page found: https://www.chipdip.ru/catalog/mikrokontrollery-1738?page=22
[32mINFO[39m [33m PlaywrightCrawler:[39m Found 20 products on this page (total: 440)
[32mINFO[39m [33m PlaywrightCrawler:[39m Next page found: https://www.chipdip.ru/catalog/mikrokontrollery-1738?page=23
[32mINFO[39m [33m PlaywrightCrawler:[39m Found 20 products on this page (total: 460)
[32mINFO[39m [33m PlaywrightCrawler:[39m Next page found: https://www.chipdip.ru/catalog/mikrokontrollery-1738?page=24
[32mINFO[39m [33m PlaywrightCrawler:[39m Found 20 products on this page (total: 480)
[32mINFO[39m [33m PlaywrightCrawler:[39m Next page found: https://www.chipdip.ru/catalog/mikrokontrollery-1738?page=25
[32mINFO[39m [33m PlaywrightCrawler:[39m Found 20 products on this page (total: 500)
[32mINFO[39m [33m PlaywrightCrawler:[39m Next page found: https://www.chipdip.ru/catalog/mikrokontrollery-1738?page=26
[32mINFO[39m [33m PlaywrightCrawler:[39m Found 20 products on this page (total: 520)
[32mINFO[39m [33m PlaywrightCrawler:[39m Next page found: https://www.chipdip.ru/catalog/mikrokontrollery-1738?page=27
[32mINFO[39m [33m PlaywrightCrawler:[39m Found 20 products on this page (total: 540)
[32mINFO[39m [33m PlaywrightCrawler:[39m Next page found: https://www.chipdip.ru/catalog/mikrokontrollery-1738?page=28
[32mINFO[39m [33m PlaywrightCrawler:[39m Found 20 products on this page (total: 560)
[32mINFO[39m [33m PlaywrightCrawler:[39m Next page found: https://www.chipdip.ru/catalog/mikrokontrollery-1738?page=29
[32mINFO[39m [33m PlaywrightCrawler:[39m Found 20 products on this page (total: 580)
[32mINFO[39m [33m PlaywrightCrawler:[39m Next page found: https://www.chipdip.ru/catalog/mikrokontrollery-1738?page=30
[32mINFO[39m [33m PlaywrightCrawler:[39m Found 20 products on this page (total: 600)
[32mINFO[39m [33m PlaywrightCrawler:[39m Next page found: https://www.chipdip.ru/catalog/mikrokontrollery-1738?page=31
[32mINFO[39m [33m PlaywrightCrawler:Statistics:[39m PlaywrightCrawler request statistics:[90m {"requestAvgFailedDurationMillis":null,"requestAvgFinishedDurationMillis":3024,"requestsFinishedPerMinute":10,"requestsFailedPerMinute":0,"requestTotalDurationMillis":90714,"requestsTotal":30,"crawlerRuntimeMillis":180103,"retryHistogram":[30]}[39m
[32mINFO[39m [33m PlaywrightCrawler:[39m Found 20 products on this page (total: 620)
[32mINFO[39m [33m PlaywrightCrawler:[39m Next page found: https://www.chipdip.ru/catalog/mikrokontrollery-1738?page=32
[32mINFO[39m [33m PlaywrightCrawler:[39m Found 20 products on this page (total: 640)
[32mINFO[39m [33m PlaywrightCrawler:[39m Next page found: https://www.chipdip.ru/catalog/mikrokontrollery-1738?page=33
[32mINFO[39m [33m PlaywrightCrawler:[39m Found 20 products on this page (total: 660)
[32mINFO[39m [33m PlaywrightCrawler:[39m Next page found: https://www.chipdip.ru/catalog/mikrokontrollery-1738?page=34
[32mINFO[39m [33m PlaywrightCrawler:[39m Found 20 products on this page (total: 680)
[32mINFO[39m [33m PlaywrightCrawler:[39m Next page found: https://www.chipdip.ru/catalog/mikrokontrollery-1738?page=35
[32mINFO[39m [33m PlaywrightCrawler:[39m Found 20 products on this page (total: 700)
[32mINFO[39m [33m PlaywrightCrawler:[39m Next page found: https://www.chipdip.ru/catalog/mikrokontrollery-1738?page=36
[32mINFO[39m [33m PlaywrightCrawler:[39m Found 20 products on this page (total: 720)
[32mINFO[39m [33m PlaywrightCrawler:[39m Next page found: https://www.chipdip.ru/catalog/mikrokontrollery-1738?page=37
[32mINFO[39m [33m PlaywrightCrawler:[39m Found 20 products on this page (total: 740)
[32mINFO[39m [33m PlaywrightCrawler:[39m Next page found: https://www.chipdip.ru/catalog/mikrokontrollery-1738?page=38
[32mINFO[39m [33m PlaywrightCrawler:[39m Found 20 products on this page (total: 760)
[32mINFO[39m [33m PlaywrightCrawler:[39m Next page found: https://www.chipdip.ru/catalog/mikrokontrollery-1738?page=39
[32mINFO[39m [33m PlaywrightCrawler:[39m Found 20 products on this page (total: 780)
[32mINFO[39m [33m PlaywrightCrawler:[39m Next page found: https://www.chipdip.ru/catalog/mikrokontrollery-1738?page=40
[32mINFO[39m [33m PlaywrightCrawler:[39m Found 20 products on this page (total: 800)
[32mINFO[39m [33m PlaywrightCrawler:[39m Next page found: https://www.chipdip.ru/catalog/mikrokontrollery-1738?page=41
[32mINFO[39m [33m PlaywrightCrawler:Statistics:[39m PlaywrightCrawler request statistics:[90m {"requestAvgFailedDurationMillis":null,"requestAvgFinishedDurationMillis":3012,"requestsFinishedPerMinute":10,"requestsFailedPerMinute":0,"requestTotalDurationMillis":120470,"requestsTotal":40,"crawlerRuntimeMillis":240106,"retryHistogram":[40]}[39m
[32mINFO[39m [33m PlaywrightCrawler:[39m Found 20 products on this page (total: 820)
[32mINFO[39m [33m PlaywrightCrawler:[39m Next page found: https://www.chipdip.ru/catalog/mikrokontrollery-1738?page=42
[32mINFO[39m [33m PlaywrightCrawler:[39m Found 20 products on this page (total: 840)
[32mINFO[39m [33m PlaywrightCrawler:[39m Next page found: https://www.chipdip.ru/catalog/mikrokontrollery-1738?page=43
[32mINFO[39m [33m PlaywrightCrawler:[39m Found 20 products on this page (total: 860)
[32mINFO[39m [33m PlaywrightCrawler:[39m Next page found: https://www.chipdip.ru/catalog/mikrokontrollery-1738?page=44
[32mINFO[39m [33m PlaywrightCrawler:[39m Found 20 products on this page (total: 880)
[32mINFO[39m [33m PlaywrightCrawler:[39m Next page found: https://www.chipdip.ru/catalog/mikrokontrollery-1738?page=45
[32mINFO[39m [33m PlaywrightCrawler:[39m Found 20 products on this page (total: 900)
[32mINFO[39m [33m PlaywrightCrawler:[39m Next page found: https://www.chipdip.ru/catalog/mikrokontrollery-1738?page=46
[32mINFO[39m [33m PlaywrightCrawler:AutoscaledPool:[39m state[90m {"currentConcurrency":1,"desiredConcurrency":1,"systemStatus":{"isSystemIdle":true,"memInfo":{"isOverloaded":false,"limitRatio":0.2,"actualRatio":0},"eventLoopInfo":{"isOverloaded":false,"limitRatio":0.6,"actualRatio":0},"cpuInfo":{"isOverloaded":false,"limitRatio":0.4,"actualRatio":0},"clientInfo":{"isOverloaded":false,"limitRatio":0.3,"actualRatio":0}}}[39m
[32mINFO[39m [33m PlaywrightCrawler:[39m Found 20 products on this page (total: 920)
[32mINFO[39m [33m PlaywrightCrawler:[39m Next page found: https://www.chipdip.ru/catalog/mikrokontrollery-1738?page=47
[32mINFO[39m [33m PlaywrightCrawler:[39m Found 20 products on this page (total: 940)
[32mINFO[39m [33m PlaywrightCrawler:[39m Next page found: https://www.chipdip.ru/catalog/mikrokontrollery-1738?page=48
[32mINFO[39m [33m PlaywrightCrawler:[39m Found 20 products on this page (total: 960)
[32mINFO[39m [33m PlaywrightCrawler:[39m Next page found: https://www.chipdip.ru/catalog/mikrokontrollery-1738?page=49
[32mINFO[39m [33m PlaywrightCrawler:[39m Found 20 products on this page (total: 980)
[32mINFO[39m [33m PlaywrightCrawler:[39m Next page found: https://www.chipdip.ru/catalog/mikrokontrollery-1738?page=50
[32mINFO[39m [33m PlaywrightCrawler:[39m Found 20 products on this page (total: 1000)
[32mINFO[39m [33m PlaywrightCrawler:[39m Next page found: https://www.chipdip.ru/catalog/mikrokontrollery-1738?page=51
[32mINFO[39m [33m PlaywrightCrawler:Statistics:[39m PlaywrightCrawler request statistics:[90m {"requestAvgFailedDurationMillis":null,"requestAvgFinishedDurationMillis":3065,"requestsFinishedPerMinute":10,"requestsFailedPerMinute":0,"requestTotalDurationMillis":153270,"requestsTotal":50,"crawlerRuntimeMillis":300108,"retryHistogram":[50]}[39m
[32mINFO[39m [33m PlaywrightCrawler:[39m Found 20 products on this page (total: 1020)
[32mINFO[39m [33m PlaywrightCrawler:[39m Next page found: https://www.chipdip.ru/catalog/mikrokontrollery-1738?page=52
[32mINFO[39m [33m PlaywrightCrawler:[39m Found 20 products on this page (total: 1040)
[32mINFO[39m [33m PlaywrightCrawler:[39m Next page found: https://www.chipdip.ru/catalog/mikrokontrollery-1738?page=53
[32mINFO[39m [33m PlaywrightCrawler:[39m Found 20 products on this page (total: 1060)
[32mINFO[39m [33m PlaywrightCrawler:[39m Next page found: https://www.chipdip.ru/catalog/mikrokontrollery-1738?page=54
[32mINFO[39m [33m PlaywrightCrawler:[39m Found 20 products on this page (total: 1080)
[32mINFO[39m [33m PlaywrightCrawler:[39m Next page found: https://www.chipdip.ru/catalog/mikrokontrollery-1738?page=55
[32mINFO[39m [33m PlaywrightCrawler:[39m Found 20 products on this page (total: 1100)
[32mINFO[39m [33m PlaywrightCrawler:[39m Next page found: https://www.chipdip.ru/catalog/mikrokontrollery-1738?page=56
[32mINFO[39m [33m PlaywrightCrawler:[39m Found 20 products on this page (total: 1120)
[32mINFO[39m [33m PlaywrightCrawler:[39m Next page found: https://www.chipdip.ru/catalog/mikrokontrollery-1738?page=57
[32mINFO[39m [33m PlaywrightCrawler:[39m Found 20 products on this page (total: 1140)
[32mINFO[39m [33m PlaywrightCrawler:[39m Next page found: https://www.chipdip.ru/catalog/mikrokontrollery-1738?page=58
[32mINFO[39m [33m PlaywrightCrawler:[39m Found 20 products on this page (total: 1160)
[32mINFO[39m [33m PlaywrightCrawler:[39m Next page found: https://www.chipdip.ru/catalog/mikrokontrollery-1738?page=59
[32mINFO[39m [33m PlaywrightCrawler:[39m Found 20 products on this page (total: 1180)
[32mINFO[39m [33m PlaywrightCrawler:[39m Next page found: https://www.chipdip.ru/catalog/mikrokontrollery-1738?page=60
[32mINFO[39m [33m PlaywrightCrawler:[39m Found 20 products on this page (total: 1200)
[32mINFO[39m [33m PlaywrightCrawler:[39m Next page found: https://www.chipdip.ru/catalog/mikrokontrollery-1738?page=61
[32mINFO[39m [33m PlaywrightCrawler:Statistics:[39m PlaywrightCrawler request statistics:[90m {"requestAvgFailedDurationMillis":null,"requestAvgFinishedDurationMillis":3041,"requestsFinishedPerMinute":10,"requestsFailedPerMinute":0,"requestTotalDurationMillis":182460,"requestsTotal":60,"crawlerRuntimeMillis":360113,"retryHistogram":[60]}[39m
[32mINFO[39m [33m PlaywrightCrawler:[39m Found 20 products on this page (total: 1220)
[32mINFO[39m [33m PlaywrightCrawler:[39m Next page found: https://www.chipdip.ru/catalog/mikrokontrollery-1738?page=62
[32mINFO[39m [33m PlaywrightCrawler:[39m Found 20 products on this page (total: 1240)
[32mINFO[39m [33m PlaywrightCrawler:[39m Next page found: https://www.chipdip.ru/catalog/mikrokontrollery-1738?page=63
[32mINFO[39m [33m PlaywrightCrawler:[39m Found 20 products on this page (total: 1260)
[32mINFO[39m [33m PlaywrightCrawler:[39m Next page found: https://www.chipdip.ru/catalog/mikrokontrollery-1738?page=64
[32mINFO[39m [33m PlaywrightCrawler:[39m Found 20 products on this page (total: 1280)
[32mINFO[39m [33m PlaywrightCrawler:[39m Next page found: https://www.chipdip.ru/catalog/mikrokontrollery-1738?page=65
[32mINFO[39m [33m PlaywrightCrawler:[39m Found 20 products on this page (total: 1300)
[32mINFO[39m [33m PlaywrightCrawler:[39m Next page found: https://www.chipdip.ru/catalog/mikrokontrollery-1738?page=66
[32mINFO[39m [33m PlaywrightCrawler:[39m Found 20 products on this page (total: 1320)
[32mINFO[39m [33m PlaywrightCrawler:[39m Next page found: https://www.chipdip.ru/catalog/mikrokontrollery-1738?page=67
[32mINFO[39m [33m PlaywrightCrawler:[39m Found 20 products on this page (total: 1340)
[32mINFO[39m [33m PlaywrightCrawler:[39m Next page found: https://www.chipdip.ru/catalog/mikrokontrollery-1738?page=68
[32mINFO[39m [33m PlaywrightCrawler:[39m Found 20 products on this page (total: 1360)
[32mINFO[39m [33m PlaywrightCrawler:[39m Next page found: https://www.chipdip.ru/catalog/mikrokontrollery-1738?page=69
[32mINFO[39m [33m PlaywrightCrawler:AutoscaledPool:[39m state[90m {"currentConcurrency":1,"desiredConcurrency":1,"systemStatus":{"isSystemIdle":true,"memInfo":{"isOverloaded":false,"limitRatio":0.2,"actualRatio":0},"eventLoopInfo":{"isOverloaded":false,"limitRatio":0.6,"actualRatio":0},"cpuInfo":{"isOverloaded":false,"limitRatio":0.4,"actualRatio":0},"clientInfo":{"isOverloaded":false,"limitRatio":0.3,"actualRatio":0}}}[39m
[32mINFO[39m [33m PlaywrightCrawler:[39m Found 20 products on this page (total: 1380)
[32mINFO[39m [33m PlaywrightCrawler:[39m Next page found: https://www.chipdip.ru/catalog/mikrokontrollery-1738?page=70
[32mINFO[39m [33m PlaywrightCrawler:[39m Found 20 products on this page (total: 1400)
[32mINFO[39m [33m PlaywrightCrawler:[39m Next page found: https://www.chipdip.ru/catalog/mikrokontrollery-1738?page=71
[32mINFO[39m [33m PlaywrightCrawler:Statistics:[39m PlaywrightCrawler request statistics:[90m {"requestAvgFailedDurationMillis":null,"requestAvgFinishedDurationMillis":3082,"requestsFinishedPerMinute":10,"requestsFailedPerMinute":0,"requestTotalDurationMillis":215750,"requestsTotal":70,"crawlerRuntimeMillis":420117,"retryHistogram":[70]}[39m
[32mINFO[39m [33m PlaywrightCrawler:[39m Found 20 products on this page (total: 1420)
[32mINFO[39m [33m PlaywrightCrawler:[39m Next page found: https://www.chipdip.ru/catalog/mikrokontrollery-1738?page=72
[32mINFO[39m [33m PlaywrightCrawler:[39m Found 20 products on this page (total: 1440)
[32mINFO[39m [33m PlaywrightCrawler:[39m Next page found: https://www.chipdip.ru/catalog/mikrokontrollery-1738?page=73
[32mINFO[39m [33m PlaywrightCrawler:[39m Found 20 products on this page (total: 1460)
[32mINFO[39m [33m PlaywrightCrawler:[39m Next page found: https://www.chipdip.ru/catalog/mikrokontrollery-1738?page=74
[32mINFO[39m [33m PlaywrightCrawler:[39m Found 20 products on this page (total: 1480)
[32mINFO[39m [33m PlaywrightCrawler:[39m Next page found: https://www.chipdip.ru/catalog/mikrokontrollery-1738?page=75
[32mINFO[39m [33m PlaywrightCrawler:[39m Found 20 products on this page (total: 1500)
[32mINFO[39m [33m PlaywrightCrawler:[39m Next page found: https://www.chipdip.ru/catalog/mikrokontrollery-1738?page=76
[32mINFO[39m [33m PlaywrightCrawler:[39m Found 20 products on this page (total: 1520)
[32mINFO[39m [33m PlaywrightCrawler:[39m Next page found: https://www.chipdip.ru/catalog/mikrokontrollery-1738?page=77
[32mINFO[39m [33m PlaywrightCrawler:[39m Found 20 products on this page (total: 1540)
[32mINFO[39m [33m PlaywrightCrawler:[39m Next page found: https://www.chipdip.ru/catalog/mikrokontrollery-1738?page=78
[32mINFO[39m [33m PlaywrightCrawler:[39m Found 20 products on this page (total: 1560)
[32mINFO[39m [33m PlaywrightCrawler:[39m Next page found: https://www.chipdip.ru/catalog/mikrokontrollery-1738?page=79
[32mINFO[39m [33m PlaywrightCrawler:[39m Found 20 products on this page (total: 1580)
[32mINFO[39m [33m PlaywrightCrawler:[39m Next page found: https://www.chipdip.ru/catalog/mikrokontrollery-1738?page=80
[32mINFO[39m [33m PlaywrightCrawler:[39m Found 20 products on this page (total: 1600)
[32mINFO[39m [33m PlaywrightCrawler:[39m Next page found: https://www.chipdip.ru/catalog/mikrokontrollery-1738?page=81
[32mINFO[39m [33m PlaywrightCrawler:Statistics:[39m PlaywrightCrawler request statistics:[90m {"requestAvgFailedDurationMillis":null,"requestAvgFinishedDurationMillis":3098,"requestsFinishedPerMinute":10,"requestsFailedPerMinute":0,"requestTotalDurationMillis":247860,"requestsTotal":80,"crawlerRuntimeMillis":480120,"retryHistogram":[80]}[39m
[32mINFO[39m [33m PlaywrightCrawler:[39m Found 20 products on this page (total: 1620)
[32mINFO[39m [33m PlaywrightCrawler:[39m Next page found: https://www.chipdip.ru/catalog/mikrokontrollery-1738?page=82
[32mINFO[39m [33m PlaywrightCrawler:[39m Found 20 products on this page (total: 1640)
[32mINFO[39m [33m PlaywrightCrawler:[39m Next page found: https://www.chipdip.ru/catalog/mikrokontrollery-1738?page=83
[32mINFO[39m [33m PlaywrightCrawler:[39m Found 20 products on this page (total: 1660)
[32mINFO[39m [33m PlaywrightCrawler:[39m Next page found: https://www.chipdip.ru/catalog/mikrokontrollery-1738?page=84
[32mINFO[39m [33m PlaywrightCrawler:[39m Found 20 products on this page (total: 1680)
[32mINFO[39m [33m PlaywrightCrawler:[39m Next page found: https://www.chipdip.ru/catalog/mikrokontrollery-1738?page=85
[32mINFO[39m [33m PlaywrightCrawler:[39m Found 20 products on this page (total: 1700)
[32mINFO[39m [33m PlaywrightCrawler:[39m Next page found: https://www.chipdip.ru/catalog/mikrokontrollery-1738?page=86
[32mINFO[39m [33m PlaywrightCrawler:[39m Found 20 products on this page (total: 1720)
[32mINFO[39m [33m PlaywrightCrawler:[39m Next page found: https://www.chipdip.ru/catalog/mikrokontrollery-1738?page=87
[32mINFO[39m [33m PlaywrightCrawler:[39m Found 20 products on this page (total: 1740)
[32mINFO[39m [33m PlaywrightCrawler:[39m Next page found: https://www.chipdip.ru/catalog/mikrokontrollery-1738?page=88
[32mINFO[39m [33m PlaywrightCrawler:[39m Found 20 products on this page (total: 1760)
[32mINFO[39m [33m PlaywrightCrawler:[39m Next page found: https://www.chipdip.ru/catalog/mikrokontrollery-1738?page=89
[32mINFO[39m [33m PlaywrightCrawler:[39m Found 20 products on this page (total: 1780)
[32mINFO[39m [33m PlaywrightCrawler:[39m Next page found: https://www.chipdip.ru/catalog/mikrokontrollery-1738?page=90
[32mINFO[39m [33m PlaywrightCrawler:[39m Found 20 products on this page (total: 1800)
[32mINFO[39m [33m PlaywrightCrawler:[39m Next page found: https://www.chipdip.ru/catalog/mikrokontrollery-1738?page=91
[32mINFO[39m [33m PlaywrightCrawler:Statistics:[39m PlaywrightCrawler request statistics:[90m {"requestAvgFailedDurationMillis":null,"requestAvgFinishedDurationMillis":3087,"requestsFinishedPerMinute":10,"requestsFailedPerMinute":0,"requestTotalDurationMillis":277836,"requestsTotal":90,"crawlerRuntimeMillis":540124,"retryHistogram":[90]}[39m
[32mINFO[39m [33m PlaywrightCrawler:[39m Found 20 products on this page (total: 1820)
[32mINFO[39m [33m PlaywrightCrawler:[39m Next page found: https://www.chipdip.ru/catalog/mikrokontrollery-1738?page=92
[32mINFO[39m [33m PlaywrightCrawler:[39m Found 20 products on this page (total: 1840)
[32mINFO[39m [33m PlaywrightCrawler:[39m Next page found: https://www.chipdip.ru/catalog/mikrokontrollery-1738?page=93
[32mINFO[39m [33m PlaywrightCrawler:[39m Found 20 products on this page (total: 1860)
[32mINFO[39m [33m PlaywrightCrawler:[39m Next page found: https://www.chipdip.ru/catalog/mikrokontrollery-1738?page=94
[32mINFO[39m [33m PlaywrightCrawler:[39m Found 20 products on this page (total: 1880)
[32mINFO[39m [33m PlaywrightCrawler:[39m Next page found: https://www.chipdip.ru/catalog/mikrokontrollery-1738?page=95
[32mINFO[39m [33m PlaywrightCrawler:[39m Found 20 products on this page (total: 1900)
[32mINFO[39m [33m PlaywrightCrawler:[39m Next page found: https://www.chipdip.ru/catalog/mikrokontrollery-1738?page=96
[32mINFO[39m [33m PlaywrightCrawler:[39m Found 20 products on this page (total: 1920)
[32mINFO[39m [33m PlaywrightCrawler:[39m Next page found: https://www.chipdip.ru/catalog/mikrokontrollery-1738?page=97
[32mINFO[39m [33m PlaywrightCrawler:[39m Found 20 products on this page (total: 1940)
[32mINFO[39m [33m PlaywrightCrawler:[39m Next page found: https://www.chipdip.ru/catalog/mikrokontrollery-1738?page=98
[32mINFO[39m [33m PlaywrightCrawler:[39m Found 20 products on this page (total: 1960)
[32mINFO[39m [33m PlaywrightCrawler:[39m Next page found: https://www.chipdip.ru/catalog/mikrokontrollery-1738?page=99
[32mINFO[39m [33m PlaywrightCrawler:[39m Found 20 products on this page (total: 1980)
[32mINFO[39m [33m PlaywrightCrawler:[39m Next page found: https://www.chipdip.ru/catalog/mikrokontrollery-1738?page=100
[32mINFO[39m [33m PlaywrightCrawler:[39m Found 20 products on this page (total: 2000)
[32mINFO[39m [33m PlaywrightCrawler:[39m All requests from the queue have been processed, the crawler will shut down.
[32mINFO[39m [33m PlaywrightCrawler:[39m Final request statistics:[90m {"requestsFinished":100,"requestsFailed":0,"retryHistogram":[100],"requestAvgFailedDurationMillis":null,"requestAvgFinishedDurationMillis":3084,"requestsFinishedPerMinute":10,"requestsFailedPerMinute":0,"requestTotalDurationMillis":308393,"requestsTotal":100,"crawlerRuntimeMillis":576166}[39m
[32mINFO[39m [33m PlaywrightCrawler:[39m Finished! Total 100 requests: 100 succeeded, 0 failed.[90m {"terminal":true}[39m

✅ Catalog collection complete: 2000 products found

[32mINFO[39m [33m PlaywrightCrawler:[39m Starting the crawler.
[32mINFO[39m [33m PlaywrightCrawler:[39m ✅ Parsed: APM32F030K6T6, Микроконтроллер 32-Бит, Cortex-M0+, 48МГц, 32КБ Flash [LQFP-32.]
📊 Progress: 1/2000 (0.1%) | ✅ 1 | ❌ 0 | 🔐 0 captchas | ⚡ 0.1/min | ⏱️ ETA: 19443min
[32mINFO[39m [33m PlaywrightCrawler:[39m ✅ Parsed: ADUC812BSZ-REEL, Микроконвертер, 12-Бит АЦП + 8-Бит MCU 8052, Flash 8КБ (8K x 8), I/O 34, 2.7…5.5В [MQFP-52_10х10.]
📊 Progress: 2/2000 (0.1%) | ✅ 2 | ❌ 0 | 🔐 0 captchas | ⚡ 0.2/min | ⏱️ ETA: 9761min
[33mWARN[39m [33m PlaywrightCrawler:[39m 🚫 Captcha detected on product page
🔐 Captcha detected! Attempting to solve with 2captcha...
⚠️ Could not detect captcha type or sitekey
[31mERROR[39m[33m PlaywrightCrawler:[39m ❌ Failed to solve captcha
[33mWARN[39m [33m PlaywrightCrawler:[39m 🚫 Captcha detected on product page
🔐 Captcha detected! Attempting to solve with 2captcha...
⚠️ Could not detect captcha type or sitekey
[31mERROR[39m[33m PlaywrightCrawler:[39m ❌ Failed to solve captcha
[33mWARN[39m [33m PlaywrightCrawler:[39m 🚫 Captcha detected on product page
🔐 Captcha detected! Attempting to solve with 2captcha...
⚠️ Could not detect captcha type or sitekey
[31mERROR[39m[33m PlaywrightCrawler:[39m ❌ Failed to solve captcha
[33mWARN[39m [33m PlaywrightCrawler:[39m 🚫 Captcha detected on product page
🔐 Captcha detected! Attempting to solve with 2captcha...
⚠️ Could not detect captcha type or sitekey
[31mERROR[39m[33m PlaywrightCrawler:[39m ❌ Failed to solve captcha
[32mINFO[39m [33m PlaywrightCrawler:[39m ✅ Parsed: APM32F103C8T6, Микроконтроллер 32-Бит, Cortex-M3, 96МГц, 64КБ Flash [LQFP-48]
📊 Progress: 7/2000 (0.4%) | ✅ 3 | ❌ 4 | 🔐 0 captchas | ⚡ 0.3/min | ⏱️ ETA: 6541min
[32mINFO[39m [33m PlaywrightCrawler:[39m ✅ Parsed: APM32F407VGT6, Микроконтроллер ARM Cortex-M4F, 32-бит, 168МГц, 1М Flash [LQFP-100]
📊 Progress: 8/2000 (0.4%) | ✅ 4 | ❌ 4 | 🔐 0 captchas | ⚡ 0.4/min | ⏱️ ETA: 4927min
[32mINFO[39m [33m PlaywrightCrawler:[39m ✅ Parsed: AT32F407RCT7, Микроконтроллер, 32-Бит, Cortex-M4, 240МГц, 256K Flash, 96K SRAM, 51 I/O [LQFP-64]
📊 Progress: 9/2000 (0.4%) | ✅ 5 | ❌ 4 | 🔐 0 captchas | ⚡ 0.5/min | ⏱️ ETA: 3951min
[32mINFO[39m [33m PlaywrightCrawler:[39m ✅ Parsed: AT32F407VGT7, Микроконтроллер, 32-Бит, Cortex-M4, 240МГц, 1024K Flash, 96K SRAM, 80 I/O [LQFP-100.]
📊 Progress: 10/2000 (0.5%) | ✅ 6 | ❌ 4 | 🔐 0 captchas | ⚡ 0.6/min | ⏱️ ETA: 3301min
[32mINFO[39m [33m PlaywrightCrawler:[39m ✅ Parsed: AT32F413CBT7, Микроконтроллер, 32-Бит, Cortex-M4, 200МГц, 128K Flash, 64K SRAM, 39 I/O [LQFP-48.]
📊 Progress: 11/2000 (0.5%) | ✅ 7 | ❌ 4 | 🔐 0 captchas | ⚡ 0.7/min | ⏱️ ETA: 2843min
[32mINFO[39m [33m PlaywrightCrawler:[39m ✅ Parsed: AT32F413RCT7, Микроконтроллер, 32-Бит, Cortex-M4, 200МГц, 256K Flash, 64K SRAM, 55 I/O [LQFP-64]
📊 Progress: 12/2000 (0.6%) | ✅ 8 | ❌ 4 | 🔐 0 captchas | ⚡ 0.8/min | ⏱️ ETA: 2494min
[32mINFO[39m [33m PlaywrightCrawler:[39m ✅ Parsed: AT32F415RCT7, Микроконтроллер, 32-Бит, Cortex-M4, 150МГц, 256K Flash, 32K SRAM, 55 I/O [LQFP-64]
📊 Progress: 13/2000 (0.7%) | ✅ 9 | ❌ 4 | 🔐 0 captchas | ⚡ 0.9/min | ⏱️ ETA: 2219min
[32mINFO[39m [33m PlaywrightCrawler:[39m ✅ Parsed: AT32F415CBT7, Микроконтроллер, 32-Бит, Cortex-M4, 150МГц, 128K Flash, 32K SRAM, 39 I/O [LQFP-48]
📊 Progress: 14/2000 (0.7%) | ✅ 10 | ❌ 4 | 🔐 0 captchas | ⚡ 1.0/min | ⏱️ ETA: 1996min
[32mINFO[39m [33m PlaywrightCrawler:[39m ✅ Parsed: AT32F421C8T7, Микроконтроллер, 32-Бит, Cortex-M4, 120МГц, 64Кб Flash, 16Кб SRAM, 39 I/O [LQFP-48_7x7.]
📊 Progress: 15/2000 (0.8%) | ✅ 11 | ❌ 4 | 🔐 0 captchas | ⚡ 1.1/min | ⏱️ ETA: 1826min
[32mINFO[39m [33m PlaywrightCrawler:[39m ✅ Parsed: AT32F421K8T7, Микроконтроллер, 32-Бит, Cortex-M4, 120МГц, 64Кб Flash, 16Кб SRAM, 25 I/O [LQFP-32_7x7.]
📊 Progress: 16/2000 (0.8%) | ✅ 12 | ❌ 4 | 🔐 0 captchas | ⚡ 1.2/min | ⏱️ ETA: 1679min
[32mINFO[39m [33m PlaywrightCrawler:[39m ✅ Parsed: AT32F421K8U7, Микроконтроллер, 32-Бит, Cortex-M4, 120МГц, 64Кб Flash, 16Кб SRAM, 27 I/O [QFN-32_5x5.]
📊 Progress: 17/2000 (0.9%) | ✅ 13 | ❌ 4 | 🔐 0 captchas | ⚡ 1.3/min | ⏱️ ETA: 1549min
[32mINFO[39m [33m PlaywrightCrawler:[39m ✅ Parsed: AT32F421F8P7, Микроконтроллер, 32-Бит, Cortex-M4, 120МГц, 64Кб Flash, 16Кб SRAM, 15 I/O [TSSOP-20.]
📊 Progress: 18/2000 (0.9%) | ✅ 14 | ❌ 4 | 🔐 0 captchas | ⚡ 1.4/min | ⏱️ ETA: 1438min
[33mWARN[39m [33m PlaywrightCrawler:[39m 🚫 Captcha detected on product page
🔐 Captcha detected! Attempting to solve with 2captcha...
⚠️ Could not detect captcha type or sitekey
[31mERROR[39m[33m PlaywrightCrawler:[39m ❌ Failed to solve captcha
[32mINFO[39m [33m PlaywrightCrawler:[39m ✅ Parsed: AT32F435RGT7, Микроконтроллер, 32-Бит, ARM Cortex-M4F, 288МГц, 1МБ Flash, 53 I/O [LQFP-64_10x10.]
📊 Progress: 20/2000 (1.0%) | ✅ 15 | ❌ 5 | 🔐 0 captchas | ⚡ 1.5/min | ⏱️ ETA: 1348min
[32mINFO[39m [33m PlaywrightCrawler:[39m ✅ Parsed: AT32F435VGT7, Микроконтроллер, 32-Бит, Cortex-M4, 288МГц, 1024K Flash, 384K SRAM, 84 I/O [LQFP-100]
📊 Progress: 21/2000 (1.1%) | ✅ 16 | ❌ 5 | 🔐 0 captchas | ⚡ 1.6/min | ⏱️ ETA: 1266min
[32mINFO[39m [33m PlaywrightCrawler:[39m ✅ Parsed: AT32F437VGT7, Микроконтроллер, 32-Бит, Cortex-M4, 288МГц, 1024K Flash, 384K SRAM, 84 I/O [LQFP-100]
📊 Progress: 22/2000 (1.1%) | ✅ 17 | ❌ 5 | 🔐 0 captchas | ⚡ 1.7/min | ⏱️ ETA: 1195min
[32mINFO[39m [33m PlaywrightCrawler:[39m ✅ Parsed: AT32F435ZMT7, Микроконтроллер, 32-Бит, ARM Cortex-M4F, 288МГц, 4МБ Flash, 39 I/O [LQFP-144_20x20.] (9001077395)
📊 Progress: 23/2000 (1.1%) | ✅ 18 | ❌ 5 | 🔐 0 captchas | ⚡ 1.8/min | ⏱️ ETA: 1129min
[32mINFO[39m [33m PlaywrightCrawler:[39m ✅ Parsed: AT89C2051-24PU, Микроконтроллер 8-Бит, 8051, 24МГц, 2КБ Flash [DIP-20]
📊 Progress: 24/2000 (1.2%) | ✅ 19 | ❌ 5 | 🔐 0 captchas | ⚡ 1.8/min | ⏱️ ETA: 1072min
[32mINFO[39m [33m PlaywrightCrawler:[39m ✅ Parsed: AT89C2051-24SU, Микроконтроллер 8-Бит, 8051, 24МГц, 2КБ Flash [SO-20]
📊 Progress: 25/2000 (1.3%) | ✅ 20 | ❌ 5 | 🔐 0 captchas | ⚡ 1.9/min | ⏱️ ETA: 1021min
[32mINFO[39m [33m PlaywrightCrawler:[39m ✅ Parsed: AT89C4051-24PU, Микроконтроллер 8-Бит, 8051, 24МГц, 4КБ Flash [DIP-20]
📊 Progress: 26/2000 (1.3%) | ✅ 21 | ❌ 5 | 🔐 0 captchas | ⚡ 2.0/min | ⏱️ ETA: 973min
[32mINFO[39m [33m PlaywrightCrawler:[39m ✅ Parsed: AT89C5131A-S3SUM, Микроконтроллер 8-Бит, 80C52X2, 48МГц, 32КБ Flash [PLCC-52]
📊 Progress: 27/2000 (1.4%) | ✅ 22 | ❌ 5 | 🔐 0 captchas | ⚡ 2.1/min | ⏱️ ETA: 931min
[32mINFO[39m [33m PlaywrightCrawler:[39m ✅ Parsed: AT89C51RC-24PU, Микроконтроллер 8-Бит, 8051, 24МГц, 32КБ Flash [DIP-40]
📊 Progress: 28/2000 (1.4%) | ✅ 23 | ❌ 5 | 🔐 0 captchas | ⚡ 2.2/min | ⏱️ ETA: 893min
[32mINFO[39m [33m PlaywrightCrawler:[39m ✅ Parsed: AT89C51ED2-SLSUM, Микроконтроллер 8-Бит, 8051, 60МГц, 64КБ Flash [PLCC-44]
📊 Progress: 29/2000 (1.5%) | ✅ 24 | ❌ 5 | 🔐 0 captchas | ⚡ 2.3/min | ⏱️ ETA: 856min
[32mINFO[39m [33m PlaywrightCrawler:[39m ✅ Parsed: AT89C55WD-24PU, Микроконтроллер 8-Бит, 8051, 24МГц, 20КБ Flash [DIP-40]
📊 Progress: 30/2000 (1.5%) | ✅ 25 | ❌ 5 | 🔐 0 captchas | ⚡ 2.4/min | ⏱️ ETA: 824min
[32mINFO[39m [33m PlaywrightCrawler:[39m ✅ Parsed: AT89S4051-24PU, Микроконтроллер 8-Бит, 8051, 24МГц, 4КБ Flash [DIP-20.]
📊 Progress: 31/2000 (1.6%) | ✅ 26 | ❌ 5 | 🔐 0 captchas | ⚡ 2.5/min | ⏱️ ETA: 794min
[32mINFO[39m [33m PlaywrightCrawler:[39m ✅ Parsed: AT89S51-24AU, Микроконтроллер 8-Бит, 8051, 24МГц, 4КБ Flash [TQFP-44.]
📊 Progress: 32/2000 (1.6%) | ✅ 27 | ❌ 5 | 🔐 0 captchas | ⚡ 2.6/min | ⏱️ ETA: 767min
[32mINFO[39m [33m PlaywrightCrawler:[39m ✅ Parsed: AT89S51-24PU, Микроконтроллер 8-Бит, 8051, 24МГц, 4КБ Flash, [DIP-40]
📊 Progress: 33/2000 (1.7%) | ✅ 28 | ❌ 5 | 🔐 0 captchas | ⚡ 2.7/min | ⏱️ ETA: 741min
[33mWARN[39m [33m PlaywrightCrawler:[39m 🚫 Captcha detected on product page
🔐 Captcha detected! Attempting to solve with 2captcha...
[33mWARN[39m [33m PlaywrightCrawler:[39m 🚫 Captcha detected on product page
🔐 Captcha detected! Attempting to solve with 2captcha...
[32mINFO[39m [33m PlaywrightCrawler:[39m ✅ Parsed: AT89S52-24AU, Микроконтроллер 8-Бит, 8051, 24МГц, 8КБ Flash [TQFP-44.]
📊 Progress: 34/2000 (1.7%) | ✅ 29 | ❌ 5 | 🔐 0 captchas | ⚡ 2.7/min | ⏱️ ETA: 716min
⚠️ Could not detect captcha type or sitekey
[31mERROR[39m[33m PlaywrightCrawler:[39m ❌ Failed to solve captcha
⚠️ Could not detect captcha type or sitekey
[31mERROR[39m[33m PlaywrightCrawler:[39m ❌ Failed to solve captcha
[33mWARN[39m [33m PlaywrightCrawler:[39m 🚫 Captcha detected on product page
🔐 Captcha detected! Attempting to solve with 2captcha...
⚠️ Could not detect captcha type or sitekey
[31mERROR[39m[33m PlaywrightCrawler:[39m ❌ Failed to solve captcha
[32mINFO[39m [33m PlaywrightCrawler:[39m ✅ Parsed: AT89S52-24JU, Микроконтроллер 8-Бит, 8051, 24МГц, 8КБ Flash [PLCC-44.]
📊 Progress: 38/2000 (1.9%) | ✅ 30 | ❌ 8 | 🔐 0 captchas | ⚡ 2.8/min | ⏱️ ETA: 692min
[33mWARN[39m [33m PlaywrightCrawler:[39m 🚫 Captcha detected on product page
🔐 Captcha detected! Attempting to solve with 2captcha...
⚠️ Could not detect captcha type or sitekey
[31mERROR[39m[33m PlaywrightCrawler:[39m ❌ Failed to solve captcha
[33mWARN[39m [33m PlaywrightCrawler:[39m 🚫 Captcha detected on product page
🔐 Captcha detected! Attempting to solve with 2captcha...
⚠️ Could not detect captcha type or sitekey
[31mERROR[39m[33m PlaywrightCrawler:[39m ❌ Failed to solve captcha
[33mWARN[39m [33m PlaywrightCrawler:[39m 🚫 Captcha detected on product page
🔐 Captcha detected! Attempting to solve with 2captcha...
⚠️ Could not detect captcha type or sitekey
[31mERROR[39m[33m PlaywrightCrawler:[39m ❌ Failed to solve captcha
[32mINFO[39m [33m PlaywrightCrawler:Statistics:[39m PlaywrightCrawler request statistics:[90m {"requestAvgFailedDurationMillis":null,"requestAvgFinishedDurationMillis":5680,"requestsFinishedPerMinute":41,"requestsFailedPerMinute":0,"requestTotalDurationMillis":232860,"requestsTotal":41,"crawlerRuntimeMillis":60349,"retryHistogram":[41]}[39m
[32mINFO[39m [33m PlaywrightCrawler:AutoscaledPool:[39m state[90m {"currentConcurrency":5,"desiredConcurrency":5,"systemStatus":{"isSystemIdle":true,"memInfo":{"isOverloaded":false,"limitRatio":0.2,"actualRatio":0},"eventLoopInfo":{"isOverloaded":false,"limitRatio":0.6,"actualRatio":0},"cpuInfo":{"isOverloaded":false,"limitRatio":0.4,"actualRatio":0},"clientInfo":{"isOverloaded":false,"limitRatio":0.3,"actualRatio":0}}}[39m
[33mWARN[39m [33m PlaywrightCrawler:[39m 🚫 Captcha detected on product page
🔐 Captcha detected! Attempting to solve with 2captcha...
⚠️ Could not detect captcha type or sitekey
[31mERROR[39m[33m PlaywrightCrawler:[39m ❌ Failed to solve captcha
[33mWARN[39m [33m PlaywrightCrawler:[39m 🚫 Captcha detected on product page
🔐 Captcha detected! Attempting to solve with 2captcha...
⚠️ Could not detect captcha type or sitekey
[31mERROR[39m[33m PlaywrightCrawler:[39m ❌ Failed to solve captcha
[33mWARN[39m [33m PlaywrightCrawler:[39m 🚫 Captcha detected on product page
🔐 Captcha detected! Attempting to solve with 2captcha...
⚠️ Could not detect captcha type or sitekey
[31mERROR[39m[33m PlaywrightCrawler:[39m ❌ Failed to solve captcha
[33mWARN[39m [33m PlaywrightCrawler:[39m 🚫 Captcha detected on product page
🔐 Captcha detected! Attempting to solve with 2captcha...
⚠️ Could not detect captcha type or sitekey
[31mERROR[39m[33m PlaywrightCrawler:[39m ❌ Failed to solve captcha
[33mWARN[39m [33m PlaywrightCrawler:[39m 🚫 Captcha detected on product page
🔐 Captcha detected! Attempting to solve with 2captcha...
⚠️ Could not detect captcha type or sitekey
[31mERROR[39m[33m PlaywrightCrawler:[39m ❌ Failed to solve captcha
[33mWARN[39m [33m PlaywrightCrawler:[39m 🚫 Captcha detected on product page
🔐 Captcha detected! Attempting to solve with 2captcha...
⚠️ Could not detect captcha type or sitekey
[31mERROR[39m[33m PlaywrightCrawler:[39m ❌ Failed to solve captcha
[33mWARN[39m [33m PlaywrightCrawler:[39m 🚫 Captcha detected on product page
🔐 Captcha detected! Attempting to solve with 2captcha...
⚠️ Could not detect captcha type or sitekey
[31mERROR[39m[33m PlaywrightCrawler:[39m ❌ Failed to solve captcha
[33mWARN[39m [33m PlaywrightCrawler:[39m 🚫 Captcha detected on product page
🔐 Captcha detected! Attempting to solve with 2captcha...
⚠️ Could not detect captcha type or sitekey
[31mERROR[39m[33m PlaywrightCrawler:[39m ❌ Failed to solve captcha
[33mWARN[39m [33m PlaywrightCrawler:[39m 🚫 Captcha detected on product page
🔐 Captcha detected! Attempting to solve with 2captcha...
⚠️ Could not detect captcha type or sitekey
[31mERROR[39m[33m PlaywrightCrawler:[39m ❌ Failed to solve captcha
[33mWARN[39m [33m PlaywrightCrawler:[39m 🚫 Captcha detected on product page
🔐 Captcha detected! Attempting to solve with 2captcha...
⚠️ Could not detect captcha type or sitekey
[31mERROR[39m[33m PlaywrightCrawler:[39m ❌ Failed to solve captcha
[33mWARN[39m [33m PlaywrightCrawler:[39m 🚫 Captcha detected on product page
🔐 Captcha detected! Attempting to solve with 2captcha...
⚠️ Could not detect captcha type or sitekey
[31mERROR[39m[33m PlaywrightCrawler:[39m ❌ Failed to solve captcha
[33mWARN[39m [33m PlaywrightCrawler:[39m 🚫 Captcha detected on product page
🔐 Captcha detected! Attempting to solve with 2captcha...
⚠️ Could not detect captcha type or sitekey
[31mERROR[39m[33m PlaywrightCrawler:[39m ❌ Failed to solve captcha
[33mWARN[39m [33m PlaywrightCrawler:[39m 🚫 Captcha detected on product page
🔐 Captcha detected! Attempting to solve with 2captcha...
⚠️ Could not detect captcha type or sitekey
[31mERROR[39m[33m PlaywrightCrawler:[39m ❌ Failed to solve captcha
[rebrowser-patches][frames._context] cannot get world, error: ProtocolError: Protocol error (Runtime.evaluate): Cannot find context with specified id
    at /Users/lux/Desktop/projects/electromagaz/node_modules/rebrowser-playwright/node_modules/playwright-core/lib/server/chromium/crConnection.js:116:57
    at new Promise (<anonymous>)
    at CRSession.send (/Users/lux/Desktop/projects/electromagaz/node_modules/rebrowser-playwright/node_modules/playwright-core/lib/server/chromium/crConnection.js:115:12)
    at CRSession.__re__getMainWorld (/Users/lux/Desktop/projects/electromagaz/node_modules/rebrowser-playwright/node_modules/playwright-core/lib/server/chromium/crConnection.js:266:20)
    at runNextTicks (node:internal/process/task_queues:65:5)
    at process.processImmediate (node:internal/timers:472:9)
    at async CRSession.__re__emitExecutionContext (/Users/lux/Desktop/projects/electromagaz/node_modules/rebrowser-playwright/node_modules/playwright-core/lib/server/chromium/crConnection.js:220:28)
    at async Frame.evaluateExpression (/Users/lux/Desktop/projects/electromagaz/node_modules/rebrowser-playwright/node_modules/playwright-core/lib/server/frames.js:645:21) {
  type: 'error',
  method: 'Runtime.evaluate',
  logs: undefined
}
[33mWARN[39m [33m PlaywrightCrawler:[39m 🚫 Captcha detected on product page
🔐 Captcha detected! Attempting to solve with 2captcha...
[33mWARN[39m [33m PlaywrightCrawler:[39m 🚫 Captcha detected on product page
🔐 Captcha detected! Attempting to solve with 2captcha...
[33mWARN[39m [33m PlaywrightCrawler:[39m 🚫 Captcha detected on product page
🔐 Captcha detected! Attempting to solve with 2captcha...
[33mWARN[39m [33m PlaywrightCrawler:[39m 🚫 Captcha detected on product page
🔐 Captcha detected! Attempting to solve with 2captcha...
[33mWARN[39m [33m PlaywrightCrawler:[39m 🚫 Captcha detected on product page
🔐 Captcha detected! Attempting to solve with 2captcha...
⚠️ Could not detect captcha type or sitekey
[31mERROR[39m[33m PlaywrightCrawler:[39m ❌ Failed to solve captcha
⚠️ Could not detect captcha type or sitekey
[31mERROR[39m[33m PlaywrightCrawler:[39m ❌ Failed to solve captcha
⚠️ Could not detect captcha type or sitekey
[31mERROR[39m[33m PlaywrightCrawler:[39m ❌ Failed to solve captcha
⚠️ Could not detect captcha type or sitekey
[31mERROR[39m[33m PlaywrightCrawler:[39m ❌ Failed to solve captcha
⚠️ Could not detect captcha type or sitekey
[31mERROR[39m[33m PlaywrightCrawler:[39m ❌ Failed to solve captcha
[33mWARN[39m [33m PlaywrightCrawler:[39m 🚫 Captcha detected on product page
🔐 Captcha detected! Attempting to solve with 2captcha...
⚠️ Could not detect captcha type or sitekey
[31mERROR[39m[33m PlaywrightCrawler:[39m ❌ Failed to solve captcha
[33mWARN[39m [33m PlaywrightCrawler:[39m 🚫 Captcha detected on product page
🔐 Captcha detected! Attempting to solve with 2captcha...
⚠️ Could not detect captcha type or sitekey
[31mERROR[39m[33m PlaywrightCrawler:[39m ❌ Failed to solve captcha
[33mWARN[39m [33m PlaywrightCrawler:[39m 🚫 Captcha detected on product page
🔐 Captcha detected! Attempting to solve with 2captcha...
⚠️ Could not detect captcha type or sitekey
[31mERROR[39m[33m PlaywrightCrawler:[39m ❌ Failed to solve captcha
[33mWARN[39m [33m PlaywrightCrawler:[39m 🚫 Captcha detected on product page
🔐 Captcha detected! Attempting to solve with 2captcha...
⚠️ Could not detect captcha type or sitekey
[31mERROR[39m[33m PlaywrightCrawler:[39m ❌ Failed to solve captcha
[33mWARN[39m [33m PlaywrightCrawler:[39m 🚫 Captcha detected on product page
🔐 Captcha detected! Attempting to solve with 2captcha...
⚠️ Could not detect captcha type or sitekey
[31mERROR[39m[33m PlaywrightCrawler:[39m ❌ Failed to solve captcha
[33mWARN[39m [33m PlaywrightCrawler:[39m 🚫 Captcha detected on product page
🔐 Captcha detected! Attempting to solve with 2captcha...
⚠️ Could not detect captcha type or sitekey
[31mERROR[39m[33m PlaywrightCrawler:[39m ❌ Failed to solve captcha
[33mWARN[39m [33m PlaywrightCrawler:[39m 🚫 Captcha detected on product page
🔐 Captcha detected! Attempting to solve with 2captcha...
⚠️ Could not detect captcha type or sitekey
[31mERROR[39m[33m PlaywrightCrawler:[39m ❌ Failed to solve captcha
[33mWARN[39m [33m PlaywrightCrawler:[39m 🚫 Captcha detected on product page
🔐 Captcha detected! Attempting to solve with 2captcha...
⚠️ Could not detect captcha type or sitekey
[31mERROR[39m[33m PlaywrightCrawler:[39m ❌ Failed to solve captcha
[33mWARN[39m [33m PlaywrightCrawler:[39m 🚫 Captcha detected on product page
🔐 Captcha detected! Attempting to solve with 2captcha...
⚠️ Could not detect captcha type or sitekey
[31mERROR[39m[33m PlaywrightCrawler:[39m ❌ Failed to solve captcha
[33mWARN[39m [33m PlaywrightCrawler:[39m 🚫 Captcha detected on product page
🔐 Captcha detected! Attempting to solve with 2captcha...
⚠️ Could not detect captcha type or sitekey
[31mERROR[39m[33m PlaywrightCrawler:[39m ❌ Failed to solve captcha
[33mWARN[39m [33m PlaywrightCrawler:[39m 🚫 Captcha detected on product page
🔐 Captcha detected! Attempting to solve with 2captcha...
⚠️ Could not detect captcha type or sitekey
[31mERROR[39m[33m PlaywrightCrawler:[39m ❌ Failed to solve captcha
[33mWARN[39m [33m PlaywrightCrawler:[39m 🚫 Captcha detected on product page
🔐 Captcha detected! Attempting to solve with 2captcha...
⚠️ Could not detect captcha type or sitekey
[31mERROR[39m[33m PlaywrightCrawler:[39m ❌ Failed to solve captcha
[33mWARN[39m [33m PlaywrightCrawler:[39m 🚫 Captcha detected on product page
🔐 Captcha detected! Attempting to solve with 2captcha...
⚠️ Could not detect captcha type or sitekey
[31mERROR[39m[33m PlaywrightCrawler:[39m ❌ Failed to solve captcha
[33mWARN[39m [33m PlaywrightCrawler:[39m 🚫 Captcha detected on product page
🔐 Captcha detected! Attempting to solve with 2captcha...
⚠️ Could not detect captcha type or sitekey
[31mERROR[39m[33m PlaywrightCrawler:[39m ❌ Failed to solve captcha
[33mWARN[39m [33m PlaywrightCrawler:[39m 🚫 Captcha detected on product page
🔐 Captcha detected! Attempting to solve with 2captcha...
⚠️ Could not detect captcha type or sitekey
[31mERROR[39m[33m PlaywrightCrawler:[39m ❌ Failed to solve captcha
[rebrowser-patches][frames._context] cannot get world, error: ProtocolError: Protocol error (Runtime.evaluate): Cannot find context with specified id
    at /Users/lux/Desktop/projects/electromagaz/node_modules/rebrowser-playwright/node_modules/playwright-core/lib/server/chromium/crConnection.js:116:57
    at new Promise (<anonymous>)
    at CRSession.send (/Users/lux/Desktop/projects/electromagaz/node_modules/rebrowser-playwright/node_modules/playwright-core/lib/server/chromium/crConnection.js:115:12)
    at CRSession.__re__getMainWorld (/Users/lux/Desktop/projects/electromagaz/node_modules/rebrowser-playwright/node_modules/playwright-core/lib/server/chromium/crConnection.js:266:20)
    at runNextTicks (node:internal/process/task_queues:65:5)
    at process.processImmediate (node:internal/timers:472:9)
    at async CRSession.__re__emitExecutionContext (/Users/lux/Desktop/projects/electromagaz/node_modules/rebrowser-playwright/node_modules/playwright-core/lib/server/chromium/crConnection.js:220:28)
    at async Frame.evaluateExpression (/Users/lux/Desktop/projects/electromagaz/node_modules/rebrowser-playwright/node_modules/playwright-core/lib/server/frames.js:645:21) {
  type: 'error',
  method: 'Runtime.evaluate',
  logs: undefined
}
[33mWARN[39m [33m PlaywrightCrawler:[39m 🚫 Captcha detected on product page
🔐 Captcha detected! Attempting to solve with 2captcha...
⚠️ Could not detect captcha type or sitekey
[31mERROR[39m[33m PlaywrightCrawler:[39m ❌ Failed to solve captcha
[33mWARN[39m [33m PlaywrightCrawler:[39m 🚫 Captcha detected on product page
🔐 Captcha detected! Attempting to solve with 2captcha...
⚠️ Could not detect captcha type or sitekey
[31mERROR[39m[33m PlaywrightCrawler:[39m ❌ Failed to solve captcha
[33mWARN[39m [33m PlaywrightCrawler:[39m 🚫 Captcha detected on product page
🔐 Captcha detected! Attempting to solve with 2captcha...
⚠️ Could not detect captcha type or sitekey
[31mERROR[39m[33m PlaywrightCrawler:[39m ❌ Failed to solve captcha
[33mWARN[39m [33m PlaywrightCrawler:[39m 🚫 Captcha detected on product page
🔐 Captcha detected! Attempting to solve with 2captcha...
⚠️ Could not detect captcha type or sitekey
[31mERROR[39m[33m PlaywrightCrawler:[39m ❌ Failed to solve captcha
[33mWARN[39m [33m PlaywrightCrawler:[39m 🚫 Captcha detected on product page
🔐 Captcha detected! Attempting to solve with 2captcha...
⚠️ Could not detect captcha type or sitekey
[31mERROR[39m[33m PlaywrightCrawler:[39m ❌ Failed to solve captcha
[rebrowser-patches][frames._context] cannot get world, error: ProtocolError: Protocol error (Runtime.evaluate): Cannot find context with specified id
    at /Users/lux/Desktop/projects/electromagaz/node_modules/rebrowser-playwright/node_modules/playwright-core/lib/server/chromium/crConnection.js:116:57
    at new Promise (<anonymous>)
    at CRSession.send (/Users/lux/Desktop/projects/electromagaz/node_modules/rebrowser-playwright/node_modules/playwright-core/lib/server/chromium/crConnection.js:115:12)
    at CRSession.__re__getMainWorld (/Users/lux/Desktop/projects/electromagaz/node_modules/rebrowser-playwright/node_modules/playwright-core/lib/server/chromium/crConnection.js:266:20)
    at runNextTicks (node:internal/process/task_queues:65:5)
    at process.processImmediate (node:internal/timers:472:9)
    at async CRSession.__re__emitExecutionContext (/Users/lux/Desktop/projects/electromagaz/node_modules/rebrowser-playwright/node_modules/playwright-core/lib/server/chromium/crConnection.js:220:28)
    at async Frame.evaluateExpression (/Users/lux/Desktop/projects/electromagaz/node_modules/rebrowser-playwright/node_modules/playwright-core/lib/server/frames.js:645:21) {
  type: 'error',
  method: 'Runtime.evaluate',
  logs: undefined
}
[33mWARN[39m [33m PlaywrightCrawler:[39m 🚫 Captcha detected on product page
🔐 Captcha detected! Attempting to solve with 2captcha...
⚠️ Could not detect captcha type or sitekey
[31mERROR[39m[33m PlaywrightCrawler:[39m ❌ Failed to solve captcha
[33mWARN[39m [33m PlaywrightCrawler:[39m 🚫 Captcha detected on product page
🔐 Captcha detected! Attempting to solve with 2captcha...
⚠️ Could not detect captcha type or sitekey
[31mERROR[39m[33m PlaywrightCrawler:[39m ❌ Failed to solve captcha
[33mWARN[39m [33m PlaywrightCrawler:[39m 🚫 Captcha detected on product page
🔐 Captcha detected! Attempting to solve with 2captcha...
⚠️ Could not detect captcha type or sitekey
[31mERROR[39m[33m PlaywrightCrawler:[39m ❌ Failed to solve captcha
[33mWARN[39m [33m PlaywrightCrawler:[39m 🚫 Captcha detected on product page
🔐 Captcha detected! Attempting to solve with 2captcha...
⚠️ Could not detect captcha type or sitekey
[31mERROR[39m[33m PlaywrightCrawler:[39m ❌ Failed to solve captcha
[33mWARN[39m [33m PlaywrightCrawler:[39m 🚫 Captcha detected on product page
🔐 Captcha detected! Attempting to solve with 2captcha...
⚠️ Could not detect captcha type or sitekey
[31mERROR[39m[33m PlaywrightCrawler:[39m ❌ Failed to solve captcha
[33mWARN[39m [33m PlaywrightCrawler:[39m 🚫 Captcha detected on product page
🔐 Captcha detected! Attempting to solve with 2captcha...
⚠️ Could not detect captcha type or sitekey
[31mERROR[39m[33m PlaywrightCrawler:[39m ❌ Failed to solve captcha
[33mWARN[39m [33m PlaywrightCrawler:[39m 🚫 Captcha detected on product page
🔐 Captcha detected! Attempting to solve with 2captcha...
⚠️ Could not detect captcha type or sitekey
[31mERROR[39m[33m PlaywrightCrawler:[39m ❌ Failed to solve captcha
[33mWARN[39m [33m PlaywrightCrawler:[39m 🚫 Captcha detected on product page
🔐 Captcha detected! Attempting to solve with 2captcha...
⚠️ Could not detect captcha type or sitekey
[31mERROR[39m[33m PlaywrightCrawler:[39m ❌ Failed to solve captcha
[33mWARN[39m [33m PlaywrightCrawler:[39m 🚫 Captcha detected on product page
🔐 Captcha detected! Attempting to solve with 2captcha...
⚠️ Could not detect captcha type or sitekey
[31mERROR[39m[33m PlaywrightCrawler:[39m ❌ Failed to solve captcha
[33mWARN[39m [33m PlaywrightCrawler:[39m 🚫 Captcha detected on product page
🔐 Captcha detected! Attempting to solve with 2captcha...
⚠️ Could not detect captcha type or sitekey
[31mERROR[39m[33m PlaywrightCrawler:[39m ❌ Failed to solve captcha
[33mWARN[39m [33m PlaywrightCrawler:[39m 🚫 Captcha detected on product page
🔐 Captcha detected! Attempting to solve with 2captcha...
⚠️ Could not detect captcha type or sitekey
[31mERROR[39m[33m PlaywrightCrawler:[39m ❌ Failed to solve captcha
[33mWARN[39m [33m PlaywrightCrawler:[39m 🚫 Captcha detected on product page
🔐 Captcha detected! Attempting to solve with 2captcha...
⚠️ Could not detect captcha type or sitekey
[31mERROR[39m[33m PlaywrightCrawler:[39m ❌ Failed to solve captcha
[33mWARN[39m [33m PlaywrightCrawler:[39m 🚫 Captcha detected on product page
🔐 Captcha detected! Attempting to solve with 2captcha...
⚠️ Could not detect captcha type or sitekey
[31mERROR[39m[33m PlaywrightCrawler:[39m ❌ Failed to solve captcha
[33mWARN[39m [33m PlaywrightCrawler:[39m 🚫 Captcha detected on product page
🔐 Captcha detected! Attempting to solve with 2captcha...
⚠️ Could not detect captcha type or sitekey
[31mERROR[39m[33m PlaywrightCrawler:[39m ❌ Failed to solve captcha
[33mWARN[39m [33m PlaywrightCrawler:[39m 🚫 Captcha detected on product page
🔐 Captcha detected! Attempting to solve with 2captcha...
⚠️ Could not detect captcha type or sitekey
[31mERROR[39m[33m PlaywrightCrawler:[39m ❌ Failed to solve captcha
[33mWARN[39m [33m PlaywrightCrawler:[39m 🚫 Captcha detected on product page
🔐 Captcha detected! Attempting to solve with 2captcha...
⚠️ Could not detect captcha type or sitekey
[31mERROR[39m[33m PlaywrightCrawler:[39m ❌ Failed to solve captcha
[33mWARN[39m [33m PlaywrightCrawler:[39m 🚫 Captcha detected on product page
🔐 Captcha detected! Attempting to solve with 2captcha...
⚠️ Could not detect captcha type or sitekey
[31mERROR[39m[33m PlaywrightCrawler:[39m ❌ Failed to solve captcha
[33mWARN[39m [33m PlaywrightCrawler:[39m 🚫 Captcha detected on product page
🔐 Captcha detected! Attempting to solve with 2captcha...
⚠️ Could not detect captcha type or sitekey
[31mERROR[39m[33m PlaywrightCrawler:[39m ❌ Failed to solve captcha
[33mWARN[39m [33m PlaywrightCrawler:[39m 🚫 Captcha detected on product page
🔐 Captcha detected! Attempting to solve with 2captcha...
⚠️ Could not detect captcha type or sitekey
[31mERROR[39m[33m PlaywrightCrawler:[39m ❌ Failed to solve captcha
[33mWARN[39m [33m PlaywrightCrawler:[39m 🚫 Captcha detected on product page
🔐 Captcha detected! Attempting to solve with 2captcha...
⚠️ Could not detect captcha type or sitekey
[31mERROR[39m[33m PlaywrightCrawler:[39m ❌ Failed to solve captcha
[32mINFO[39m [33m PlaywrightCrawler:Statistics:[39m PlaywrightCrawler request statistics:[90m {"requestAvgFailedDurationMillis":null,"requestAvgFinishedDurationMillis":3420,"requestsFinishedPerMinute":49,"requestsFailedPerMinute":0,"requestTotalDurationMillis":338552,"requestsTotal":99,"crawlerRuntimeMillis":120349,"retryHistogram":[99]}[39m
[32mINFO[39m [33m PlaywrightCrawler:AutoscaledPool:[39m state[90m {"currentConcurrency":5,"desiredConcurrency":5,"systemStatus":{"isSystemIdle":true,"memInfo":{"isOverloaded":false,"limitRatio":0.2,"actualRatio":0},"eventLoopInfo":{"isOverloaded":false,"limitRatio":0.6,"actualRatio":0},"cpuInfo":{"isOverloaded":false,"limitRatio":0.4,"actualRatio":0},"clientInfo":{"isOverloaded":false,"limitRatio":0.3,"actualRatio":0}}}[39m
[33mWARN[39m [33m PlaywrightCrawler:[39m 🚫 Captcha detected on product page
🔐 Captcha detected! Attempting to solve with 2captcha...
⚠️ Could not detect captcha type or sitekey
[31mERROR[39m[33m PlaywrightCrawler:[39m ❌ Failed to solve captcha
[33mWARN[39m [33m PlaywrightCrawler:[39m 🚫 Captcha detected on product page
🔐 Captcha detected! Attempting to solve with 2captcha...
⚠️ Could not detect captcha type or sitekey
[31mERROR[39m[33m PlaywrightCrawler:[39m ❌ Failed to solve captcha
[33mWARN[39m [33m PlaywrightCrawler:[39m 🚫 Captcha detected on product page
🔐 Captcha detected! Attempting to solve with 2captcha...
⚠️ Could not detect captcha type or sitekey
[31mERROR[39m[33m PlaywrightCrawler:[39m ❌ Failed to solve captcha
[33mWARN[39m [33m PlaywrightCrawler:[39m 🚫 Captcha detected on product page
🔐 Captcha detected! Attempting to solve with 2captcha...
⚠️ Could not detect captcha type or sitekey
[31mERROR[39m[33m PlaywrightCrawler:[39m ❌ Failed to solve captcha
[33mWARN[39m [33m PlaywrightCrawler:[39m 🚫 Captcha detected on product page
🔐 Captcha detected! Attempting to solve with 2captcha...
⚠️ Could not detect captcha type or sitekey
[31mERROR[39m[33m PlaywrightCrawler:[39m ❌ Failed to solve captcha
[33mWARN[39m [33m PlaywrightCrawler:[39m 🚫 Captcha detected on product page
🔐 Captcha detected! Attempting to solve with 2captcha...
⚠️ Could not detect captcha type or sitekey
[31mERROR[39m[33m PlaywrightCrawler:[39m ❌ Failed to solve captcha
[33mWARN[39m [33m PlaywrightCrawler:[39m 🚫 Captcha detected on product page
🔐 Captcha detected! Attempting to solve with 2captcha...
⚠️ Could not detect captcha type or sitekey
[31mERROR[39m[33m PlaywrightCrawler:[39m ❌ Failed to solve captcha
[rebrowser-patches][frames._context] cannot get world, error: ProtocolError: Protocol error (Runtime.evaluate): Cannot find context with specified id
    at /Users/lux/Desktop/projects/electromagaz/node_modules/rebrowser-playwright/node_modules/playwright-core/lib/server/chromium/crConnection.js:116:57
    at new Promise (<anonymous>)
    at CRSession.send (/Users/lux/Desktop/projects/electromagaz/node_modules/rebrowser-playwright/node_modules/playwright-core/lib/server/chromium/crConnection.js:115:12)
    at CRSession.__re__getMainWorld (/Users/lux/Desktop/projects/electromagaz/node_modules/rebrowser-playwright/node_modules/playwright-core/lib/server/chromium/crConnection.js:266:20)
    at async CRSession.__re__emitExecutionContext (/Users/lux/Desktop/projects/electromagaz/node_modules/rebrowser-playwright/node_modules/playwright-core/lib/server/chromium/crConnection.js:220:28)
    at async Frame.evaluateExpression (/Users/lux/Desktop/projects/electromagaz/node_modules/rebrowser-playwright/node_modules/playwright-core/lib/server/frames.js:645:21) {
  type: 'error',
  method: 'Runtime.evaluate',
  logs: undefined
}
[33mWARN[39m [33m PlaywrightCrawler:[39m 🚫 Captcha detected on product page
🔐 Captcha detected! Attempting to solve with 2captcha...
⚠️ Could not detect captcha type or sitekey
[31mERROR[39m[33m PlaywrightCrawler:[39m ❌ Failed to solve captcha
[rebrowser-patches][frames._context] cannot get world, error: ProtocolError: Protocol error (Runtime.evaluate): Cannot find context with specified id
    at /Users/lux/Desktop/projects/electromagaz/node_modules/rebrowser-playwright/node_modules/playwright-core/lib/server/chromium/crConnection.js:116:57
    at new Promise (<anonymous>)
    at CRSession.send (/Users/lux/Desktop/projects/electromagaz/node_modules/rebrowser-playwright/node_modules/playwright-core/lib/server/chromium/crConnection.js:115:12)
    at CRSession.__re__getMainWorld (/Users/lux/Desktop/projects/electromagaz/node_modules/rebrowser-playwright/node_modules/playwright-core/lib/server/chromium/crConnection.js:266:20)
    at async CRSession.__re__emitExecutionContext (/Users/lux/Desktop/projects/electromagaz/node_modules/rebrowser-playwright/node_modules/playwright-core/lib/server/chromium/crConnection.js:220:28)
    at async Frame.evaluateExpression (/Users/lux/Desktop/projects/electromagaz/node_modules/rebrowser-playwright/node_modules/playwright-core/lib/server/frames.js:645:21) {
  type: 'error',
  method: 'Runtime.evaluate',
  logs: undefined
}
[33mWARN[39m [33m PlaywrightCrawler:[39m 🚫 Captcha detected on product page
🔐 Captcha detected! Attempting to solve with 2captcha...
⚠️ Could not detect captcha type or sitekey
[31mERROR[39m[33m PlaywrightCrawler:[39m ❌ Failed to solve captcha
[rebrowser-patches][frames._context] cannot get world, error: ProtocolError: Protocol error (Runtime.evaluate): Cannot find context with specified id
    at /Users/lux/Desktop/projects/electromagaz/node_modules/rebrowser-playwright/node_modules/playwright-core/lib/server/chromium/crConnection.js:116:57
    at new Promise (<anonymous>)
    at CRSession.send (/Users/lux/Desktop/projects/electromagaz/node_modules/rebrowser-playwright/node_modules/playwright-core/lib/server/chromium/crConnection.js:115:12)
    at CRSession.__re__getMainWorld (/Users/lux/Desktop/projects/electromagaz/node_modules/rebrowser-playwright/node_modules/playwright-core/lib/server/chromium/crConnection.js:266:20)
    at async CRSession.__re__emitExecutionContext (/Users/lux/Desktop/projects/electromagaz/node_modules/rebrowser-playwright/node_modules/playwright-core/lib/server/chromium/crConnection.js:220:28)
    at async Frame.evaluateExpression (/Users/lux/Desktop/projects/electromagaz/node_modules/rebrowser-playwright/node_modules/playwright-core/lib/server/frames.js:645:21) {
  type: 'error',
  method: 'Runtime.evaluate',
  logs: undefined
}
[33mWARN[39m [33m PlaywrightCrawler:[39m 🚫 Captcha detected on product page
🔐 Captcha detected! Attempting to solve with 2captcha...
[33mWARN[39m [33m PlaywrightCrawler:[39m 🚫 Captcha detected on product page
🔐 Captcha detected! Attempting to solve with 2captcha...
[33mWARN[39m [33m PlaywrightCrawler:[39m 🚫 Captcha detected on product page
🔐 Captcha detected! Attempting to solve with 2captcha...
[33mWARN[39m [33m PlaywrightCrawler:[39m 🚫 Captcha detected on product page
🔐 Captcha detected! Attempting to solve with 2captcha...
[33mWARN[39m [33m PlaywrightCrawler:[39m 🚫 Captcha detected on product page
🔐 Captcha detected! Attempting to solve with 2captcha...
⚠️ Could not detect captcha type or sitekey
[31mERROR[39m[33m PlaywrightCrawler:[39m ❌ Failed to solve captcha
⚠️ Could not detect captcha type or sitekey
[31mERROR[39m[33m PlaywrightCrawler:[39m ❌ Failed to solve captcha
⚠️ Could not detect captcha type or sitekey
[31mERROR[39m[33m PlaywrightCrawler:[39m ❌ Failed to solve captcha
⚠️ Could not detect captcha type or sitekey
[31mERROR[39m[33m PlaywrightCrawler:[39m ❌ Failed to solve captcha
⚠️ Could not detect captcha type or sitekey
[31mERROR[39m[33m PlaywrightCrawler:[39m ❌ Failed to solve captcha
[33mWARN[39m [33m PlaywrightCrawler:[39m 🚫 Captcha detected on product page
🔐 Captcha detected! Attempting to solve with 2captcha...
⚠️ Could not detect captcha type or sitekey
[31mERROR[39m[33m PlaywrightCrawler:[39m ❌ Failed to solve captcha
[33mWARN[39m [33m PlaywrightCrawler:[39m 🚫 Captcha detected on product page
🔐 Captcha detected! Attempting to solve with 2captcha...
⚠️ Could not detect captcha type or sitekey
[31mERROR[39m[33m PlaywrightCrawler:[39m ❌ Failed to solve captcha
[33mWARN[39m [33m PlaywrightCrawler:[39m 🚫 Captcha detected on product page
🔐 Captcha detected! Attempting to solve with 2captcha...
⚠️ Could not detect captcha type or sitekey
[31mERROR[39m[33m PlaywrightCrawler:[39m ❌ Failed to solve captcha
[33mWARN[39m [33m PlaywrightCrawler:[39m 🚫 Captcha detected on product page
🔐 Captcha detected! Attempting to solve with 2captcha...
⚠️ Could not detect captcha type or sitekey
[31mERROR[39m[33m PlaywrightCrawler:[39m ❌ Failed to solve captcha
[33mWARN[39m [33m PlaywrightCrawler:[39m 🚫 Captcha detected on product page
🔐 Captcha detected! Attempting to solve with 2captcha...
⚠️ Could not detect captcha type or sitekey
[31mERROR[39m[33m PlaywrightCrawler:[39m ❌ Failed to solve captcha
[rebrowser-patches][frames._context] cannot get world, error: ProtocolError: Protocol error (Runtime.evaluate): Cannot find context with specified id
    at /Users/lux/Desktop/projects/electromagaz/node_modules/rebrowser-playwright/node_modules/playwright-core/lib/server/chromium/crConnection.js:116:57
    at new Promise (<anonymous>)
    at CRSession.send (/Users/lux/Desktop/projects/electromagaz/node_modules/rebrowser-playwright/node_modules/playwright-core/lib/server/chromium/crConnection.js:115:12)
    at CRSession.__re__getMainWorld (/Users/lux/Desktop/projects/electromagaz/node_modules/rebrowser-playwright/node_modules/playwright-core/lib/server/chromium/crConnection.js:266:20)
    at runNextTicks (node:internal/process/task_queues:65:5)
    at process.processImmediate (node:internal/timers:472:9)
    at async CRSession.__re__emitExecutionContext (/Users/lux/Desktop/projects/electromagaz/node_modules/rebrowser-playwright/node_modules/playwright-core/lib/server/chromium/crConnection.js:220:28)
    at async Frame.evaluateExpression (/Users/lux/Desktop/projects/electromagaz/node_modules/rebrowser-playwright/node_modules/playwright-core/lib/server/frames.js:645:21) {
  type: 'error',
  method: 'Runtime.evaluate',
  logs: undefined
}
[33mWARN[39m [33m PlaywrightCrawler:[39m 🚫 Captcha detected on product page
🔐 Captcha detected! Attempting to solve with 2captcha...
⚠️ Could not detect captcha type or sitekey
[31mERROR[39m[33m PlaywrightCrawler:[39m ❌ Failed to solve captcha
[33mWARN[39m [33m PlaywrightCrawler:[39m 🚫 Captcha detected on product page
🔐 Captcha detected! Attempting to solve with 2captcha...
[33mWARN[39m [33m PlaywrightCrawler:[39m 🚫 Captcha detected on product page
🔐 Captcha detected! Attempting to solve with 2captcha...
⚠️ Could not detect captcha type or sitekey
[31mERROR[39m[33m PlaywrightCrawler:[39m ❌ Failed to solve captcha
⚠️ Could not detect captcha type or sitekey
[31mERROR[39m[33m PlaywrightCrawler:[39m ❌ Failed to solve captcha
[33mWARN[39m [33m PlaywrightCrawler:[39m 🚫 Captcha detected on product page
🔐 Captcha detected! Attempting to solve with 2captcha...
⚠️ Could not detect captcha type or sitekey
[31mERROR[39m[33m PlaywrightCrawler:[39m ❌ Failed to solve captcha
[33mWARN[39m [33m PlaywrightCrawler:[39m 🚫 Captcha detected on product page
🔐 Captcha detected! Attempting to solve with 2captcha...
⚠️ Could not detect captcha type or sitekey
[31mERROR[39m[33m PlaywrightCrawler:[39m ❌ Failed to solve captcha
[33mWARN[39m [33m PlaywrightCrawler:[39m 🚫 Captcha detected on product page
🔐 Captcha detected! Attempting to solve with 2captcha...
⚠️ Could not detect captcha type or sitekey
[31mERROR[39m[33m PlaywrightCrawler:[39m ❌ Failed to solve captcha
[rebrowser-patches][frames._context] cannot get world, error: ProtocolError: Protocol error (Runtime.evaluate): Cannot find context with specified id
    at /Users/lux/Desktop/projects/electromagaz/node_modules/rebrowser-playwright/node_modules/playwright-core/lib/server/chromium/crConnection.js:116:57
    at new Promise (<anonymous>)
    at CRSession.send (/Users/lux/Desktop/projects/electromagaz/node_modules/rebrowser-playwright/node_modules/playwright-core/lib/server/chromium/crConnection.js:115:12)
    at CRSession.__re__getMainWorld (/Users/lux/Desktop/projects/electromagaz/node_modules/rebrowser-playwright/node_modules/playwright-core/lib/server/chromium/crConnection.js:266:20)
    at runNextTicks (node:internal/process/task_queues:65:5)
    at process.processImmediate (node:internal/timers:472:9)
    at async CRSession.__re__emitExecutionContext (/Users/lux/Desktop/projects/electromagaz/node_modules/rebrowser-playwright/node_modules/playwright-core/lib/server/chromium/crConnection.js:220:28)
    at async Frame.evaluateExpression (/Users/lux/Desktop/projects/electromagaz/node_modules/rebrowser-playwright/node_modules/playwright-core/lib/server/frames.js:645:21) {
  type: 'error',
  method: 'Runtime.evaluate',
  logs: undefined
}
[33mWARN[39m [33m PlaywrightCrawler:[39m 🚫 Captcha detected on product page
🔐 Captcha detected! Attempting to solve with 2captcha...
⚠️ Could not detect captcha type or sitekey
[31mERROR[39m[33m PlaywrightCrawler:[39m ❌ Failed to solve captcha
[33mWARN[39m [33m PlaywrightCrawler:[39m 🚫 Captcha detected on product page
🔐 Captcha detected! Attempting to solve with 2captcha...
⚠️ Could not detect captcha type or sitekey
[31mERROR[39m[33m PlaywrightCrawler:[39m ❌ Failed to solve captcha
[33mWARN[39m [33m PlaywrightCrawler:[39m 🚫 Captcha detected on product page
🔐 Captcha detected! Attempting to solve with 2captcha...
⚠️ Could not detect captcha type or sitekey
[31mERROR[39m[33m PlaywrightCrawler:[39m ❌ Failed to solve captcha
[33mWARN[39m [33m PlaywrightCrawler:[39m 🚫 Captcha detected on product page
🔐 Captcha detected! Attempting to solve with 2captcha...
⚠️ Could not detect captcha type or sitekey
[31mERROR[39m[33m PlaywrightCrawler:[39m ❌ Failed to solve captcha
[33mWARN[39m [33m PlaywrightCrawler:[39m 🚫 Captcha detected on product page
🔐 Captcha detected! Attempting to solve with 2captcha...
⚠️ Could not detect captcha type or sitekey
[31mERROR[39m[33m PlaywrightCrawler:[39m ❌ Failed to solve captcha
[33mWARN[39m [33m PlaywrightCrawler:[39m 🚫 Captcha detected on product page
🔐 Captcha detected! Attempting to solve with 2captcha...
⚠️ Could not detect captcha type or sitekey
[31mERROR[39m[33m PlaywrightCrawler:[39m ❌ Failed to solve captcha
[33mWARN[39m [33m PlaywrightCrawler:[39m 🚫 Captcha detected on product page
🔐 Captcha detected! Attempting to solve with 2captcha...
⚠️ Could not detect captcha type or sitekey
[31mERROR[39m[33m PlaywrightCrawler:[39m ❌ Failed to solve captcha
[rebrowser-patches][frames._context] cannot get world, error: ProtocolError: Protocol error (Runtime.evaluate): Cannot find context with specified id
    at /Users/lux/Desktop/projects/electromagaz/node_modules/rebrowser-playwright/node_modules/playwright-core/lib/server/chromium/crConnection.js:116:57
    at new Promise (<anonymous>)
    at CRSession.send (/Users/lux/Desktop/projects/electromagaz/node_modules/rebrowser-playwright/node_modules/playwright-core/lib/server/chromium/crConnection.js:115:12)
    at CRSession.__re__getMainWorld (/Users/lux/Desktop/projects/electromagaz/node_modules/rebrowser-playwright/node_modules/playwright-core/lib/server/chromium/crConnection.js:266:20)
    at runNextTicks (node:internal/process/task_queues:65:5)
    at process.processImmediate (node:internal/timers:472:9)
    at async CRSession.__re__emitExecutionContext (/Users/lux/Desktop/projects/electromagaz/node_modules/rebrowser-playwright/node_modules/playwright-core/lib/server/chromium/crConnection.js:220:28)
    at async Frame.evaluateExpression (/Users/lux/Desktop/projects/electromagaz/node_modules/rebrowser-playwright/node_modules/playwright-core/lib/server/frames.js:645:21) {
  type: 'error',
  method: 'Runtime.evaluate',
  logs: undefined
}
[33mWARN[39m [33m PlaywrightCrawler:[39m 🚫 Captcha detected on product page
🔐 Captcha detected! Attempting to solve with 2captcha...
⚠️ Could not detect captcha type or sitekey
[31mERROR[39m[33m PlaywrightCrawler:[39m ❌ Failed to solve captcha
[33mWARN[39m [33m PlaywrightCrawler:[39m 🚫 Captcha detected on product page
🔐 Captcha detected! Attempting to solve with 2captcha...
⚠️ Could not detect captcha type or sitekey
[31mERROR[39m[33m PlaywrightCrawler:[39m ❌ Failed to solve captcha
[33mWARN[39m [33m PlaywrightCrawler:[39m 🚫 Captcha detected on product page
🔐 Captcha detected! Attempting to solve with 2captcha...
⚠️ Could not detect captcha type or sitekey
[31mERROR[39m[33m PlaywrightCrawler:[39m ❌ Failed to solve captcha
[rebrowser-patches][frames._context] cannot get world, error: ProtocolError: Protocol error (Runtime.evaluate): Cannot find context with specified id
    at /Users/lux/Desktop/projects/electromagaz/node_modules/rebrowser-playwright/node_modules/playwright-core/lib/server/chromium/crConnection.js:116:57
    at new Promise (<anonymous>)
    at CRSession.send (/Users/lux/Desktop/projects/electromagaz/node_modules/rebrowser-playwright/node_modules/playwright-core/lib/server/chromium/crConnection.js:115:12)
    at CRSession.__re__getMainWorld (/Users/lux/Desktop/projects/electromagaz/node_modules/rebrowser-playwright/node_modules/playwright-core/lib/server/chromium/crConnection.js:266:20)
    at runNextTicks (node:internal/process/task_queues:65:5)
    at process.processImmediate (node:internal/timers:472:9)
    at async CRSession.__re__emitExecutionContext (/Users/lux/Desktop/projects/electromagaz/node_modules/rebrowser-playwright/node_modules/playwright-core/lib/server/chromium/crConnection.js:220:28)
    at async Frame.evaluateExpression (/Users/lux/Desktop/projects/electromagaz/node_modules/rebrowser-playwright/node_modules/playwright-core/lib/server/frames.js:645:21) {
  type: 'error',
  method: 'Runtime.evaluate',
  logs: undefined
}
[33mWARN[39m [33m PlaywrightCrawler:[39m 🚫 Captcha detected on product page
🔐 Captcha detected! Attempting to solve with 2captcha...
⚠️ Could not detect captcha type or sitekey
[31mERROR[39m[33m PlaywrightCrawler:[39m ❌ Failed to solve captcha
[33mWARN[39m [33m PlaywrightCrawler:[39m 🚫 Captcha detected on product page
🔐 Captcha detected! Attempting to solve with 2captcha...
⚠️ Could not detect captcha type or sitekey
[31mERROR[39m[33m PlaywrightCrawler:[39m ❌ Failed to solve captcha
[rebrowser-patches][frames._context] cannot get world, error: ProtocolError: Protocol error (Runtime.evaluate): Cannot find context with specified id
    at /Users/lux/Desktop/projects/electromagaz/node_modules/rebrowser-playwright/node_modules/playwright-core/lib/server/chromium/crConnection.js:116:57
    at new Promise (<anonymous>)
    at CRSession.send (/Users/lux/Desktop/projects/electromagaz/node_modules/rebrowser-playwright/node_modules/playwright-core/lib/server/chromium/crConnection.js:115:12)
    at CRSession.__re__getMainWorld (/Users/lux/Desktop/projects/electromagaz/node_modules/rebrowser-playwright/node_modules/playwright-core/lib/server/chromium/crConnection.js:266:20)
    at runNextTicks (node:internal/process/task_queues:65:5)
    at process.processImmediate (node:internal/timers:472:9)
    at async CRSession.__re__emitExecutionContext (/Users/lux/Desktop/projects/electromagaz/node_modules/rebrowser-playwright/node_modules/playwright-core/lib/server/chromium/crConnection.js:220:28)
    at async Frame.evaluateExpression (/Users/lux/Desktop/projects/electromagaz/node_modules/rebrowser-playwright/node_modules/playwright-core/lib/server/frames.js:645:21) {
  type: 'error',
  method: 'Runtime.evaluate',
  logs: undefined
}
[33mWARN[39m [33m PlaywrightCrawler:[39m 🚫 Captcha detected on product page
🔐 Captcha detected! Attempting to solve with 2captcha...
⚠️ Could not detect captcha type or sitekey
[31mERROR[39m[33m PlaywrightCrawler:[39m ❌ Failed to solve captcha
[33mWARN[39m [33m PlaywrightCrawler:[39m 🚫 Captcha detected on product page
🔐 Captcha detected! Attempting to solve with 2captcha...
⚠️ Could not detect captcha type or sitekey
[31mERROR[39m[33m PlaywrightCrawler:[39m ❌ Failed to solve captcha
[33mWARN[39m [33m PlaywrightCrawler:[39m 🚫 Captcha detected on product page
🔐 Captcha detected! Attempting to solve with 2captcha...
⚠️ Could not detect captcha type or sitekey
[31mERROR[39m[33m PlaywrightCrawler:[39m ❌ Failed to solve captcha
[33mWARN[39m [33m PlaywrightCrawler:[39m 🚫 Captcha detected on product page
🔐 Captcha detected! Attempting to solve with 2captcha...
⚠️ Could not detect captcha type or sitekey
[31mERROR[39m[33m PlaywrightCrawler:[39m ❌ Failed to solve captcha
[33mWARN[39m [33m PlaywrightCrawler:[39m 🚫 Captcha detected on product page
🔐 Captcha detected! Attempting to solve with 2captcha...
⚠️ Could not detect captcha type or sitekey
[31mERROR[39m[33m PlaywrightCrawler:[39m ❌ Failed to solve captcha
[33mWARN[39m [33m PlaywrightCrawler:[39m 🚫 Captcha detected on product page
🔐 Captcha detected! Attempting to solve with 2captcha...
⚠️ Could not detect captcha type or sitekey
[31mERROR[39m[33m PlaywrightCrawler:[39m ❌ Failed to solve captcha
[33mWARN[39m [33m PlaywrightCrawler:[39m 🚫 Captcha detected on product page
🔐 Captcha detected! Attempting to solve with 2captcha...
⚠️ Could not detect captcha type or sitekey
[31mERROR[39m[33m PlaywrightCrawler:[39m ❌ Failed to solve captcha
[33mWARN[39m [33m PlaywrightCrawler:[39m 🚫 Captcha detected on product page
🔐 Captcha detected! Attempting to solve with 2captcha...
⚠️ Could not detect captcha type or sitekey
[31mERROR[39m[33m PlaywrightCrawler:[39m ❌ Failed to solve captcha
[33mWARN[39m [33m PlaywrightCrawler:[39m 🚫 Captcha detected on product page
🔐 Captcha detected! Attempting to solve with 2captcha...
⚠️ Could not detect captcha type or sitekey
[31mERROR[39m[33m PlaywrightCrawler:[39m ❌ Failed to solve captcha
[33mWARN[39m [33m PlaywrightCrawler:[39m 🚫 Captcha detected on product page
🔐 Captcha detected! Attempting to solve with 2captcha...
⚠️ Could not detect captcha type or sitekey
[31mERROR[39m[33m PlaywrightCrawler:[39m ❌ Failed to solve captcha
[33mWARN[39m [33m PlaywrightCrawler:[39m 🚫 Captcha detected on product page
🔐 Captcha detected! Attempting to solve with 2captcha...
⚠️ Could not detect captcha type or sitekey
[31mERROR[39m[33m PlaywrightCrawler:[39m ❌ Failed to solve captcha
[33mWARN[39m [33m PlaywrightCrawler:[39m 🚫 Captcha detected on product page
🔐 Captcha detected! Attempting to solve with 2captcha...
⚠️ Could not detect captcha type or sitekey
[31mERROR[39m[33m PlaywrightCrawler:[39m ❌ Failed to solve captcha
[33mWARN[39m [33m PlaywrightCrawler:[39m 🚫 Captcha detected on product page
🔐 Captcha detected! Attempting to solve with 2captcha...
⚠️ Could not detect captcha type or sitekey
[31mERROR[39m[33m PlaywrightCrawler:[39m ❌ Failed to solve captcha
[33mWARN[39m [33m PlaywrightCrawler:[39m 🚫 Captcha detected on product page
🔐 Captcha detected! Attempting to solve with 2captcha...
⚠️ Could not detect captcha type or sitekey
[31mERROR[39m[33m PlaywrightCrawler:[39m ❌ Failed to solve captcha
[33mWARN[39m [33m PlaywrightCrawler:[39m 🚫 Captcha detected on product page
🔐 Captcha detected! Attempting to solve with 2captcha...
⚠️ Could not detect captcha type or sitekey
[31mERROR[39m[33m PlaywrightCrawler:[39m ❌ Failed to solve captcha
[rebrowser-patches][frames._context] cannot get world, error: ProtocolError: Protocol error (Runtime.evaluate): Cannot find context with specified id
    at /Users/lux/Desktop/projects/electromagaz/node_modules/rebrowser-playwright/node_modules/playwright-core/lib/server/chromium/crConnection.js:116:57
    at new Promise (<anonymous>)
    at CRSession.send (/Users/lux/Desktop/projects/electromagaz/node_modules/rebrowser-playwright/node_modules/playwright-core/lib/server/chromium/crConnection.js:115:12)
    at CRSession.__re__getMainWorld (/Users/lux/Desktop/projects/electromagaz/node_modules/rebrowser-playwright/node_modules/playwright-core/lib/server/chromium/crConnection.js:266:20)
    at runNextTicks (node:internal/process/task_queues:65:5)
    at process.processImmediate (node:internal/timers:472:9)
    at async CRSession.__re__emitExecutionContext (/Users/lux/Desktop/projects/electromagaz/node_modules/rebrowser-playwright/node_modules/playwright-core/lib/server/chromium/crConnection.js:220:28)
    at async Frame.evaluateExpression (/Users/lux/Desktop/projects/electromagaz/node_modules/rebrowser-playwright/node_modules/playwright-core/lib/server/frames.js:645:21) {
  type: 'error',
  method: 'Runtime.evaluate',
  logs: undefined
}
[33mWARN[39m [33m PlaywrightCrawler:[39m 🚫 Captcha detected on product page
🔐 Captcha detected! Attempting to solve with 2captcha...
⚠️ Could not detect captcha type or sitekey
[31mERROR[39m[33m PlaywrightCrawler:[39m ❌ Failed to solve captcha
[33mWARN[39m [33m PlaywrightCrawler:[39m 🚫 Captcha detected on product page
🔐 Captcha detected! Attempting to solve with 2captcha...
⚠️ Could not detect captcha type or sitekey
[31mERROR[39m[33m PlaywrightCrawler:[39m ❌ Failed to solve captcha
[33mWARN[39m [33m PlaywrightCrawler:[39m 🚫 Captcha detected on product page
🔐 Captcha detected! Attempting to solve with 2captcha...
⚠️ Could not detect captcha type or sitekey
[31mERROR[39m[33m PlaywrightCrawler:[39m ❌ Failed to solve captcha
[33mWARN[39m [33m PlaywrightCrawler:[39m 🚫 Captcha detected on product page
🔐 Captcha detected! Attempting to solve with 2captcha...
⚠️ Could not detect captcha type or sitekey
[31mERROR[39m[33m PlaywrightCrawler:[39m ❌ Failed to solve captcha
[33mWARN[39m [33m PlaywrightCrawler:[39m 🚫 Captcha detected on product page
🔐 Captcha detected! Attempting to solve with 2captcha...
⚠️ Could not detect captcha type or sitekey
[31mERROR[39m[33m PlaywrightCrawler:[39m ❌ Failed to solve captcha
[32mINFO[39m [33m PlaywrightCrawler:Statistics:[39m PlaywrightCrawler request statistics:[90m {"requestAvgFailedDurationMillis":null,"requestAvgFinishedDurationMillis":2809,"requestsFinishedPerMinute":52,"requestsFailedPerMinute":0,"requestTotalDurationMillis":438130,"requestsTotal":156,"crawlerRuntimeMillis":180350,"retryHistogram":[156]}[39m
[32mINFO[39m [33m PlaywrightCrawler:AutoscaledPool:[39m state[90m {"currentConcurrency":1,"desiredConcurrency":5,"systemStatus":{"isSystemIdle":true,"memInfo":{"isOverloaded":false,"limitRatio":0.2,"actualRatio":0},"eventLoopInfo":{"isOverloaded":false,"limitRatio":0.6,"actualRatio":0},"cpuInfo":{"isOverloaded":false,"limitRatio":0.4,"actualRatio":0},"clientInfo":{"isOverloaded":false,"limitRatio":0.3,"actualRatio":0}}}[39m
[32mINFO[39m [33m PlaywrightCrawler:[39m ✅ Parsed: CH32F103R8T6, Микроконтроллер, 32-Бит, Cortex-M3, 72МГц, 64K Flash, 20K SRAM, 51 I/O [LQFP-64]
📊 Progress: 157/2000 (7.8%) | ✅ 31 | ❌ 126 | 🔐 0 captchas | ⚡ 2.4/min | ⏱️ ETA: 754min
[32mINFO[39m [33m PlaywrightCrawler:[39m ✅ Parsed: Микроконтроллеры CH32V103C8T6 (9001227095)
📊 Progress: 158/2000 (7.9%) | ✅ 32 | ❌ 126 | 🔐 0 captchas | ⚡ 2.5/min | ⏱️ ETA: 738min
[32mINFO[39m [33m PlaywrightCrawler:[39m ✅ Parsed: CH32V203C8T6, Микроконтроллер 32-Бит, RISC-V, 144МГц, 64КБ Flash [LQFP-48]
📊 Progress: 159/2000 (8.0%) | ✅ 33 | ❌ 126 | 🔐 0 captchas | ⚡ 2.6/min | ⏱️ ETA: 716min
[32mINFO[39m [33m PlaywrightCrawler:[39m ✅ Parsed: CH32V303RCT6 Микроконтроллер (9001184358)
📊 Progress: 160/2000 (8.0%) | ✅ 34 | ❌ 126 | 🔐 0 captchas | ⚡ 2.6/min | ⏱️ ETA: 695min
[32mINFO[39m [33m PlaywrightCrawler:[39m ✅ Parsed: CH32V303CBT6 Микроконтроллер (9001161135)
📊 Progress: 161/2000 (8.1%) | ✅ 35 | ❌ 126 | 🔐 0 captchas | ⚡ 2.7/min | ⏱️ ETA: 675min
[32mINFO[39m [33m PlaywrightCrawler:[39m ✅ Parsed: CH32V003F4P6, Микроконтроллер 32-Бит, RISC-V2A, 48МГц, 16КБ Flash, 18 I/O [TSSOP-20.]
📊 Progress: 162/2000 (8.1%) | ✅ 36 | ❌ 126 | 🔐 0 captchas | ⚡ 2.8/min | ⏱️ ETA: 656min
[rebrowser-patches][frames._context] cannot get world, error: ProtocolError: Protocol error (Runtime.evaluate): Cannot find context with specified id
    at /Users/lux/Desktop/projects/electromagaz/node_modules/rebrowser-playwright/node_modules/playwright-core/lib/server/chromium/crConnection.js:116:57
    at new Promise (<anonymous>)
    at CRSession.send (/Users/lux/Desktop/projects/electromagaz/node_modules/rebrowser-playwright/node_modules/playwright-core/lib/server/chromium/crConnection.js:115:12)
    at CRSession.__re__getMainWorld (/Users/lux/Desktop/projects/electromagaz/node_modules/rebrowser-playwright/node_modules/playwright-core/lib/server/chromium/crConnection.js:266:20)
    at async CRSession.__re__emitExecutionContext (/Users/lux/Desktop/projects/electromagaz/node_modules/rebrowser-playwright/node_modules/playwright-core/lib/server/chromium/crConnection.js:220:28)
    at async Frame.evaluateExpression (/Users/lux/Desktop/projects/electromagaz/node_modules/rebrowser-playwright/node_modules/playwright-core/lib/server/frames.js:645:21) {
  type: 'error',
  method: 'Runtime.evaluate',
  logs: undefined
}
[rebrowser-patches][frames._context] cannot get world, error: ProtocolError: Protocol error (Runtime.evaluate): Cannot find context with specified id
    at /Users/lux/Desktop/projects/electromagaz/node_modules/rebrowser-playwright/node_modules/playwright-core/lib/server/chromium/crConnection.js:116:57
    at new Promise (<anonymous>)
    at CRSession.send (/Users/lux/Desktop/projects/electromagaz/node_modules/rebrowser-playwright/node_modules/playwright-core/lib/server/chromium/crConnection.js:115:12)
    at CRSession.__re__getMainWorld (/Users/lux/Desktop/projects/electromagaz/node_modules/rebrowser-playwright/node_modules/playwright-core/lib/server/chromium/crConnection.js:266:20)
    at async CRSession.__re__emitExecutionContext (/Users/lux/Desktop/projects/electromagaz/node_modules/rebrowser-playwright/node_modules/playwright-core/lib/server/chromium/crConnection.js:220:28)
    at async Frame.evaluateExpression (/Users/lux/Desktop/projects/electromagaz/node_modules/rebrowser-playwright/node_modules/playwright-core/lib/server/frames.js:645:21) {
  type: 'error',
  method: 'Runtime.evaluate',
  logs: undefined
}
[32mINFO[39m [33m PlaywrightCrawler:[39m ✅ Parsed: GD32E230C8T6, Микроконтроллер ARM Cortex-M23, 32-бит, 72МГц, 64К Flash, 8К RAM, 39 I/O [LQFP-48.]
📊 Progress: 163/2000 (8.2%) | ✅ 37 | ❌ 126 | 🔐 0 captchas | ⚡ 2.8/min | ⏱️ ETA: 645min
[32mINFO[39m [33m PlaywrightCrawler:[39m ✅ Parsed: CH32V307RCT6 Микроконтроллер
📊 Progress: 164/2000 (8.2%) | ✅ 38 | ❌ 126 | 🔐 0 captchas | ⚡ 2.9/min | ⏱️ ETA: 628min
[32mINFO[39m [33m PlaywrightCrawler:[39m ✅ Parsed: CH32V307VCT6, Микроконтроллер, 32-Бит, RISC-V, 144МГц, 256K Flash, 64K SRAM, 80 I/O, USB [LQFP-100]
📊 Progress: 165/2000 (8.3%) | ✅ 39 | ❌ 126 | 🔐 0 captchas | ⚡ 3.0/min | ⏱️ ETA: 611min
[32mINFO[39m [33m PlaywrightCrawler:[39m ✅ Parsed: GD32E103CBT6, Микроконтроллер ARM Cortex-M4, 32-бит, 120МГц, 128К Flash, 32К RAM, 37 I/O, USB OTG [LQFP-48.]
📊 Progress: 166/2000 (8.3%) | ✅ 40 | ❌ 126 | 🔐 0 captchas | ⚡ 3.1/min | ⏱️ ETA: 596min
[32mINFO[39m [33m PlaywrightCrawler:[39m ✅ Parsed: GD32E103C8T6, Микроконтроллер ARM Cortex-M4, 32-бит, 120МГц, 64К Flash, 20К RAM, 37 I/O, USB OTG [LQFP-48.]
📊 Progress: 167/2000 (8.3%) | ✅ 41 | ❌ 126 | 🔐 0 captchas | ⚡ 3.2/min | ⏱️ ETA: 581min
[32mINFO[39m [33m PlaywrightCrawler:[39m ✅ Parsed: GD32F103C8T6, Микроконтроллер, 32-Бит, Cortex-M3, 108МГц, 64Кб Flash, 20Кб SRAM, 37 I/O [LQFP-48_7x7.]
📊 Progress: 168/2000 (8.4%) | ✅ 42 | ❌ 126 | 🔐 0 captchas | ⚡ 3.2/min | ⏱️ ETA: 573min
[32mINFO[39m [33m PlaywrightCrawler:[39m ✅ Parsed: GD32F103CBT6, Микроконтроллер, 32-Бит, Cortex-M3, 108МГц, 128Кб Flash, 20Кб SRAM, 37 I/O [LQFP-48_7x7.]
📊 Progress: 169/2000 (8.5%) | ✅ 43 | ❌ 126 | 🔐 0 captchas | ⚡ 3.3/min | ⏱️ ETA: 560min
[32mINFO[39m [33m PlaywrightCrawler:[39m ✅ Parsed: GD32E230K6T6, Микроконтроллер ARM Cortex-M23, 32-бит, 72МГц, 32К Flash, 6К RAM, 25 I/O [LQFP-32.]
📊 Progress: 170/2000 (8.5%) | ✅ 44 | ❌ 126 | 🔐 0 captchas | ⚡ 3.3/min | ⏱️ ETA: 547min
[32mINFO[39m [33m PlaywrightCrawler:[39m ✅ Parsed: GD32E230F8P6TR, Микроконтроллер ARM Cortex-M23, 32-бит, 72МГц, 64К Flash, 8К RAM, 15 I/O [TSSOP-20.]
📊 Progress: 171/2000 (8.6%) | ✅ 45 | ❌ 126 | 🔐 0 captchas | ⚡ 3.4/min | ⏱️ ETA: 535min
[32mINFO[39m [33m PlaywrightCrawler:[39m ✅ Parsed: GD32F103RBT6, Микроконтроллер, 32-Бит, Cortex-M3, 108МГц, 128Кб Flash, 20Кб SRAM, 51 I/O [LQFP-64_10x10.]
📊 Progress: 172/2000 (8.6%) | ✅ 46 | ❌ 126 | 🔐 0 captchas | ⚡ 3.5/min | ⏱️ ETA: 523min
[32mINFO[39m [33m PlaywrightCrawler:[39m ✅ Parsed: GD32F103TBU6, Микроконтроллер, 32-Бит, Cortex-M3, 108МГц, 128Кб Flash, 20Кб SRAM, 36 I/O [QFN-36.]
📊 Progress: 173/2000 (8.6%) | ✅ 47 | ❌ 126 | 🔐 0 captchas | ⚡ 3.5/min | ⏱️ ETA: 516min
[32mINFO[39m [33m PlaywrightCrawler:[39m ✅ Parsed: GD32F103RGT6, Микроконтроллер, 32-Бит, Cortex-M3, 108МГц, 1Мб Flash, 96Кб SRAM, 51 I/O [LQFP-64_10x10.]
📊 Progress: 174/2000 (8.7%) | ✅ 48 | ❌ 126 | 🔐 0 captchas | ⚡ 3.6/min | ⏱️ ETA: 505min
[32mINFO[39m [33m PlaywrightCrawler:[39m ✅ Parsed: GD32F103RCT6, Микроконтроллер, 32-Бит, Cortex-M3, 108МГц, 256Кб Flash, 48Кб SRAM, 51 I/O [LQFP-64_10x10.]
📊 Progress: 175/2000 (8.8%) | ✅ 49 | ❌ 126 | 🔐 0 captchas | ⚡ 3.7/min | ⏱️ ETA: 495min
[32mINFO[39m [33m PlaywrightCrawler:[39m ✅ Parsed: GD32F103VBT6, Микроконтроллер, 32-Бит, Cortex-M3, 108МГц, 128Кб Flash, 20Кб SRAM, 80 I/O [LQFP-100_14x14.]
📊 Progress: 176/2000 (8.8%) | ✅ 50 | ❌ 126 | 🔐 0 captchas | ⚡ 3.8/min | ⏱️ ETA: 485min
[32mINFO[39m [33m PlaywrightCrawler:[39m ✅ Parsed: GD32F103RET6, Микроконтроллер, 32-Бит, Cortex-M3, 108МГц, 512Кб Flash, 64Кб SRAM, 51 I/O [LQFP-64_10x10.]
📊 Progress: 177/2000 (8.8%) | ✅ 51 | ❌ 126 | 🔐 0 captchas | ⚡ 3.8/min | ⏱️ ETA: 476min
[32mINFO[39m [33m PlaywrightCrawler:[39m ✅ Parsed: GD32F103VGT6, Микроконтроллер, 32-Бит, Cortex-M3, 108МГц, 1Мб Flash, 96Кб SRAM, 80 I/O [LQFP-100_14x14.]
📊 Progress: 178/2000 (8.9%) | ✅ 52 | ❌ 126 | 🔐 0 captchas | ⚡ 3.9/min | ⏱️ ETA: 470min
[32mINFO[39m [33m PlaywrightCrawler:[39m ✅ Parsed: GD32F103VET6, Микроконтроллер, 32-Бит, Cortex-M3, 108МГц, 512Кб Flash, 64Кб SRAM, 80 I/O [LQFP-100_14x14.]
📊 Progress: 179/2000 (8.9%) | ✅ 53 | ❌ 126 | 🔐 0 captchas | ⚡ 3.9/min | ⏱️ ETA: 461min
[32mINFO[39m [33m PlaywrightCrawler:[39m ✅ Parsed: GD32F103VCT6, Микроконтроллер, 32-Бит, Cortex-M3, 108МГц, 256Кб Flash, 48Кб SRAM, 80 I/O [LQFP-100_14x14.]
📊 Progress: 180/2000 (9.0%) | ✅ 54 | ❌ 126 | 🔐 0 captchas | ⚡ 4.0/min | ⏱️ ETA: 453min
[32mINFO[39m [33m PlaywrightCrawler:[39m ✅ Parsed: GD32F103ZET6, Микроконтроллер, 32-Бит, Cortex-M3, 108МГц, 512Кб Flash, 64Кб SRAM, 112 I/O [LQFP-144_20x20.]
📊 Progress: 181/2000 (9.0%) | ✅ 55 | ❌ 126 | 🔐 0 captchas | ⚡ 4.1/min | ⏱️ ETA: 445min
[32mINFO[39m [33m PlaywrightCrawler:[39m ✅ Parsed: GD32F103ZKT6, Микроконтроллер, 32-Бит, Cortex-M3, 108МГц, 3Мб Flash, 96Кб SRAM, 112 I/O [LQFP-144_20x20.]
📊 Progress: 182/2000 (9.1%) | ✅ 56 | ❌ 126 | 🔐 0 captchas | ⚡ 4.2/min | ⏱️ ETA: 437min
[32mINFO[39m [33m PlaywrightCrawler:[39m ✅ Parsed: GD32F105RCT6, Микроконтроллер ARM Cortex-M3, 32-бит, 108МГц, 256КБ Flash, USB [LQFP-64]
📊 Progress: 183/2000 (9.2%) | ✅ 57 | ❌ 126 | 🔐 0 captchas | ⚡ 4.2/min | ⏱️ ETA: 432min
[32mINFO[39m [33m PlaywrightCrawler:[39m ✅ Parsed: GD32F105VCT6, Микроконтроллер ARM Cortex-M3, 32-бит, 256КБ Flash, USB [LQFP-100]
📊 Progress: 184/2000 (9.2%) | ✅ 58 | ❌ 126 | 🔐 0 captchas | ⚡ 4.3/min | ⏱️ ETA: 424min
[32mINFO[39m [33m PlaywrightCrawler:[39m ✅ Parsed: GD32F105RBT6, Микроконтроллер ARM Cortex-M3, 32-бит, 108МГц, 128K Flash, 64К RAM, 51 I/O, USB FS OTG[LQFP-64]
📊 Progress: 185/2000 (9.3%) | ✅ 59 | ❌ 126 | 🔐 0 captchas | ⚡ 4.3/min | ⏱️ ETA: 418min
[32mINFO[39m [33m PlaywrightCrawler:[39m ✅ Parsed: GD32F130C8T6, Микроконтроллер ARM Cortex-M3, 32-бит, 48МГц, 64K Flash, 8К RAM, 39 I/O [LQFP-48.]
📊 Progress: 186/2000 (9.3%) | ✅ 60 | ❌ 126 | 🔐 0 captchas | ⚡ 4.4/min | ⏱️ ETA: 411min
[32mINFO[39m [33m PlaywrightCrawler:[39m ✅ Parsed: GD32F107RCT6, Микроконтроллер ARM Cortex-M3, 32-бит, 108МГц, 256K Flash, 96К RAM, 51 I/O, USB FS OTG [LQFP-64.]
📊 Progress: 187/2000 (9.3%) | ✅ 61 | ❌ 126 | 🔐 0 captchas | ⚡ 4.5/min | ⏱️ ETA: 404min
[32mINFO[39m [33m PlaywrightCrawler:Statistics:[39m PlaywrightCrawler request statistics:[90m {"requestAvgFailedDurationMillis":null,"requestAvgFinishedDurationMillis":3831,"requestsFinishedPerMinute":47,"requestsFailedPerMinute":0,"requestTotalDurationMillis":716313,"requestsTotal":187,"crawlerRuntimeMillis":240351,"retryHistogram":[187]}[39m
[32mINFO[39m [33m PlaywrightCrawler:AutoscaledPool:[39m state[90m {"currentConcurrency":5,"desiredConcurrency":5,"systemStatus":{"isSystemIdle":true,"memInfo":{"isOverloaded":false,"limitRatio":0.2,"actualRatio":0},"eventLoopInfo":{"isOverloaded":false,"limitRatio":0.6,"actualRatio":0},"cpuInfo":{"isOverloaded":false,"limitRatio":0.4,"actualRatio":0},"clientInfo":{"isOverloaded":false,"limitRatio":0.3,"actualRatio":0}}}[39m
[32mINFO[39m [33m PlaywrightCrawler:[39m ✅ Parsed: GD32F130R8T6, Микроконтроллер ARM Cortex-M3, 32-бит, 48МГц, 64K Flash, 8К RAM, 55 I/O [LQFP-64.]
📊 Progress: 188/2000 (9.4%) | ✅ 62 | ❌ 126 | 🔐 0 captchas | ⚡ 4.5/min | ⏱️ ETA: 400min
[32mINFO[39m [33m PlaywrightCrawler:[39m ✅ Parsed: GD32F130F8P6TR, Микроконтроллер ARM Cortex-M3, 32-бит, 48МГц, 64K Flash, 8К RAM, 15 I/O [TSSOP-20.]
📊 Progress: 189/2000 (9.4%) | ✅ 63 | ❌ 126 | 🔐 0 captchas | ⚡ 4.6/min | ⏱️ ETA: 394min
[32mINFO[39m [33m PlaywrightCrawler:[39m ✅ Parsed: GD32F150C8T6, Микроконтроллер, 32-Бит, Cortex-M3, 72МГц, 64K Flash, 8K SRAM, 39 I/O [LQFP-48.]
📊 Progress: 190/2000 (9.5%) | ✅ 64 | ❌ 126 | 🔐 0 captchas | ⚡ 4.7/min | ⏱️ ETA: 388min
[32mINFO[39m [33m PlaywrightCrawler:[39m ✅ Parsed: GD32F150R8T6, Микроконтроллер ARM Cortex-M3, 32-бит, 72МГц,64K Flash, 8К RAM, 55 I/O, USB FS [LQFP-64.]
📊 Progress: 191/2000 (9.6%) | ✅ 65 | ❌ 126 | 🔐 0 captchas | ⚡ 4.7/min | ⏱️ ETA: 382min
[32mINFO[39m [33m PlaywrightCrawler:[39m ✅ Parsed: GD32F205RCT6, Микроконтроллер ARM Cortex-M3, 32-бит, 120МГц, 256K Flash, 128К RAM, 51 I/O, USB FS OTG [LQFP-64]
📊 Progress: 192/2000 (9.6%) | ✅ 66 | ❌ 126 | 🔐 0 captchas | ⚡ 4.8/min | ⏱️ ETA: 376min
[32mINFO[39m [33m PlaywrightCrawler:[39m ✅ Parsed: GD32F205VET6, Микроконтроллер ARM Cortex-M3, 32-бит, 120МГц, 512КБ Flash, USB [LQFP-100.]
📊 Progress: 193/2000 (9.7%) | ✅ 67 | ❌ 126 | 🔐 0 captchas | ⚡ 4.8/min | ⏱️ ETA: 373min
[32mINFO[39m [33m PlaywrightCrawler:[39m ✅ Parsed: GD32F303CCT6, Микроконтроллер ARM Cortex-M4, 32-бит, 120МГц, 256МБ Flash [LQFP-48]
📊 Progress: 194/2000 (9.7%) | ✅ 68 | ❌ 126 | 🔐 0 captchas | ⚡ 4.9/min | ⏱️ ETA: 368min
[32mINFO[39m [33m PlaywrightCrawler:[39m ✅ Parsed: GD32F303CGT6, Микроконтроллер ARM Cortex-M4, 32-бит, 120МГц, 1М Flash, 96К RAM, 37 I/O, USB FS [LQFP-48.]
📊 Progress: 195/2000 (9.8%) | ✅ 69 | ❌ 126 | 🔐 0 captchas | ⚡ 5.0/min | ⏱️ ETA: 363min
[32mINFO[39m [33m PlaywrightCrawler:[39m ✅ Parsed: GD32F303RET6, Микроконтроллер ARM Cortex-M4, 32-бит, 120МГц, 256K Flash, 51 I/O [LQFP-100]
📊 Progress: 196/2000 (9.8%) | ✅ 70 | ❌ 126 | 🔐 0 captchas | ⚡ 5.0/min | ⏱️ ETA: 358min
[32mINFO[39m [33m PlaywrightCrawler:[39m ✅ Parsed: GD32F303RBT6, Микроконтроллер ARM Cortex-M4, 32-бит, 120МГц, 128K Flash, 32К RAM, 51 I/O, USB FS [LQFP-64]
📊 Progress: 197/2000 (9.8%) | ✅ 71 | ❌ 126 | 🔐 0 captchas | ⚡ 5.1/min | ⏱️ ETA: 352min
[32mINFO[39m [33m PlaywrightCrawler:[39m ✅ Parsed: GD32F303VCT6, Микроконтроллер ARM Cortex-M4, 32-бит, 120МГц, 256K Flash, 48К RAM, 80 I/O, USB [LQFP-100.]
📊 Progress: 198/2000 (9.9%) | ✅ 72 | ❌ 126 | 🔐 0 captchas | ⚡ 5.1/min | ⏱️ ETA: 350min
[32mINFO[39m [33m PlaywrightCrawler:[39m ✅ Parsed: GD32F330C8T6, Микроконтроллер ARM Cortex-M4, 32-бит, 84МГц, 64K Flash, 8К RAM, 39 I/O [LQFP-48.]
📊 Progress: 199/2000 (10.0%) | ✅ 73 | ❌ 126 | 🔐 0 captchas | ⚡ 5.2/min | ⏱️ ETA: 345min
[32mINFO[39m [33m PlaywrightCrawler:[39m ✅ Parsed: GD32F330K8U6, Микроконтроллер ARM Cortex-M4, 32-бит, 84МГц, 64K Flash, 8К RAM, 27 I/O [QFN-32.]
📊 Progress: 200/2000 (10.0%) | ✅ 74 | ❌ 126 | 🔐 0 captchas | ⚡ 5.3/min | ⏱️ ETA: 341min
[32mINFO[39m [33m PlaywrightCrawler:[39m ✅ Parsed: GD32F307VCT6, Микроконтроллер ARM Cortex-M4, 32-бит, 120МГц, 256K Flash, 96К RAM, 80 I/O, USB FS OTG [LQFP-100.]
📊 Progress: 201/2000 (10.1%) | ✅ 75 | ❌ 126 | 🔐 0 captchas | ⚡ 5.4/min | ⏱️ ETA: 336min
[32mINFO[39m [33m PlaywrightCrawler:[39m ✅ Parsed: GD32F350CBT6, Микроконтроллер ARM Cortex-M4, 32-бит, 108МГц, 128K Flash, 16К RAM,, 39 I/O, USB FS OTG [LQFP-48.]
📊 Progress: 202/2000 (10.1%) | ✅ 76 | ❌ 126 | 🔐 0 captchas | ⚡ 5.4/min | ⏱️ ETA: 332min
[32mINFO[39m [33m PlaywrightCrawler:[39m ✅ Parsed: GD32F350RBT6, Микроконтроллер ARM Cortex-M4, 32-бит, 108МГц, 128K Flash, 16К RAM, 55 I/O, USB FS OTG [LQFP-64.]
📊 Progress: 203/2000 (10.2%) | ✅ 77 | ❌ 126 | 🔐 0 captchas | ⚡ 5.4/min | ⏱️ ETA: 330min
[32mINFO[39m [33m PlaywrightCrawler:[39m ✅ Parsed: GD32F350K8U6, Микроконтроллер ARM Cortex-M4, 32-бит, 108МГц, 64K Flash, 8К RAM, 27 I/O, USB FS OTG [QFN-32]
📊 Progress: 204/2000 (10.2%) | ✅ 78 | ❌ 126 | 🔐 0 captchas | ⚡ 5.5/min | ⏱️ ETA: 326min
[32mINFO[39m [33m PlaywrightCrawler:[39m ✅ Parsed: GD32F405RET6, Микроконтроллер ARM Cortex-M4, 32-бит, 168МГц, 512K Flash, 192К RAM, 51 I/O, USB FS/HS OTG [LQFP-64]
📊 Progress: 205/2000 (10.3%) | ✅ 79 | ❌ 126 | 🔐 0 captchas | ⚡ 5.6/min | ⏱️ ETA: 322min
[32mINFO[39m [33m PlaywrightCrawler:[39m ✅ Parsed: GD32F405VGT6, Микроконтроллер ARM Cortex-M4, 32-бит, 168МГц, 512K Flash, 82 I/O [LQFP-100]
📊 Progress: 206/2000 (10.3%) | ✅ 80 | ❌ 126 | 🔐 0 captchas | ⚡ 5.6/min | ⏱️ ETA: 318min
[32mINFO[39m [33m PlaywrightCrawler:[39m ✅ Parsed: GD32F405RGT6, Микроконтроллер ARM Cortex-M4, 32-бит, 168МГц, 1МБ Flash, USB OTG HS/FS [LQFP-64]
📊 Progress: 207/2000 (10.3%) | ✅ 81 | ❌ 126 | 🔐 0 captchas | ⚡ 5.7/min | ⏱️ ETA: 314min
[32mINFO[39m [33m PlaywrightCrawler:[39m ✅ Parsed: GD32F407RET6, Микроконтроллер ARM Cortex-M4, 32-бит, 168МГц, 512K Flash, 192К RAM, 51 I/O, USB FS/HS OTG [LQFP-64]
📊 Progress: 208/2000 (10.4%) | ✅ 82 | ❌ 126 | 🔐 0 captchas | ⚡ 5.7/min | ⏱️ ETA: 312min
[32mINFO[39m [33m PlaywrightCrawler:[39m ✅ Parsed: GD32F407VET6, Микроконтроллер ARM Cortex-M4, 32-бит, 168МГц, 512K Flash, 192К RAM, 82 I/O, USB FS/HS OTG [LQFP-100
📊 Progress: 209/2000 (10.4%) | ✅ 83 | ❌ 126 | 🔐 0 captchas | ⚡ 5.8/min | ⏱️ ETA: 308min
[32mINFO[39m [33m PlaywrightCrawler:[39m ✅ Parsed: GD32F407VGT6, Микроконтроллер ARM Cortex-M4, 32-бит, 168МГц, 1М Flash, 192К RAM, 82 I/O, USB FS/HS OTG [LQFP-100]
📊 Progress: 210/2000 (10.5%) | ✅ 84 | ❌ 126 | 🔐 0 captchas | ⚡ 5.9/min | ⏱️ ETA: 305min
[32mINFO[39m [33m PlaywrightCrawler:[39m ✅ Parsed: GD32F450VET6, Микроконтроллер ARM Cortex-M4, 32-бит, 200МГц, 512K Flash, 256К RAM, 82 I/O, USB [LQFP-100.]
📊 Progress: 211/2000 (10.5%) | ✅ 85 | ❌ 126 | 🔐 0 captchas | ⚡ 5.9/min | ⏱️ ETA: 301min
[32mINFO[39m [33m PlaywrightCrawler:[39m ✅ Parsed: GD32F407ZGT6, Микроконтроллер ARM Cortex-M4, 32-бит, 168МГц, 1М Flash, 192К RAM, 114 I/O, USB FS/HS OTG [LQFP-144]
📊 Progress: 212/2000 (10.6%) | ✅ 86 | ❌ 126 | 🔐 0 captchas | ⚡ 6.0/min | ⏱️ ETA: 298min
[32mINFO[39m [33m PlaywrightCrawler:[39m ✅ Parsed: LPC1768FBD100K, Микроконтроллер 32-Бит, Cortex-M3, 100МГц, 512КБ Flash, USB, CAN [LQFP-100]
📊 Progress: 213/2000 (10.7%) | ✅ 87 | ❌ 126 | 🔐 0 captchas | ⚡ 6.0/min | ⏱️ ETA: 296min
[32mINFO[39m [33m PlaywrightCrawler:[39m ✅ Parsed: LPC2368FBD100K, Микроконтроллер 16/32-Бит, ARM7TDMI-S, 72МГц, 512КБ Flash, Ethernet, USB, CAN, АЦП/ЦАП [LQFP-100.]
📊 Progress: 214/2000 (10.7%) | ✅ 88 | ❌ 126 | 🔐 0 captchas | ⚡ 6.1/min | ⏱️ ETA: 293min
[32mINFO[39m [33m PlaywrightCrawler:[39m ✅ Parsed: GD32F450VGT6, Микроконтроллер ARM Cortex-M4, 32-бит, 200МГц, 1М Flash, 256К RAM, 82 I/O, USB FS/HS OTG [LQFP-100.]
📊 Progress: 215/2000 (10.8%) | ✅ 89 | ❌ 126 | 🔐 0 captchas | ⚡ 6.2/min | ⏱️ ETA: 290min
[32mINFO[39m [33m PlaywrightCrawler:[39m ✅ Parsed: MIK32 АМУР (К1948ВК018), Микроконтроллер 32-Бит, RISC-V, 32МГц, OTP 256 бит [QFN-64]
📊 Progress: 216/2000 (10.8%) | ✅ 90 | ❌ 126 | 🔐 0 captchas | ⚡ 6.2/min | ⏱️ ETA: 286min
[32mINFO[39m [33m PlaywrightCrawler:[39m ✅ Parsed: LPC2478FBD208K, Микроконтроллер 16/32-Бит, ARM7TDMI-S, 72МГц, 512КБ Flash, Ethernet, CAN, LCD, USB [LQFP-208]
📊 Progress: 217/2000 (10.8%) | ✅ 91 | ❌ 126 | 🔐 0 captchas | ⚡ 6.3/min | ⏱️ ETA: 283min
[32mINFO[39m [33m PlaywrightCrawler:[39m ✅ Parsed: MSP430F1222IPWR, Микроконтроллер, 16-Бит, 8MГц ,4KБ [TSSOP-28]
📊 Progress: 218/2000 (10.9%) | ✅ 92 | ❌ 126 | 🔐 0 captchas | ⚡ 6.3/min | ⏱️ ETA: 282min
[32mINFO[39m [33m PlaywrightCrawler:[39m ✅ Parsed: MSP430F149IPMR, Микроконтроллер 16-Бит, MSP430, Mixed-Signal, 8МГц, 60КБ Flash [QFP-64]
📊 Progress: 219/2000 (10.9%) | ✅ 93 | ❌ 126 | 🔐 0 captchas | ⚡ 6.4/min | ⏱️ ETA: 279min
[32mINFO[39m [33m PlaywrightCrawler:[39m ✅ Parsed: MSP430F2011IPWR, Микроконтроллер MSP430, 16-бит, 16МГц, 2K FLASH, 128B RAM, 24 I/O [TSSOP-28]
📊 Progress: 220/2000 (11.0%) | ✅ 94 | ❌ 126 | 🔐 0 captchas | ⚡ 6.4/min | ⏱️ ETA: 276min
[32mINFO[39m [33m PlaywrightCrawler:[39m ✅ Parsed: MSP430F5438AIPZR, Микроконтроллер CPUXV2, 16-бит, 25МГц, 256K FLASH, 16К RAM, 87 I/O [LQFP-100.]
📊 Progress: 221/2000 (11.1%) | ✅ 95 | ❌ 126 | 🔐 0 captchas | ⚡ 6.5/min | ⏱️ ETA: 273min
[32mINFO[39m [33m PlaywrightCrawler:[39m ✅ Parsed: MSP430F5529IPNR, Микроконтроллер CPUXV2, 16-бит, 25МГц, 128K FLASH, 10К RAM, 63 I/O, USB [LQFP-80.]
📊 Progress: 222/2000 (11.1%) | ✅ 96 | ❌ 126 | 🔐 0 captchas | ⚡ 6.6/min | ⏱️ ETA: 270min
[32mINFO[39m [33m PlaywrightCrawler:Statistics:[39m PlaywrightCrawler request statistics:[90m {"requestAvgFailedDurationMillis":null,"requestAvgFinishedDurationMillis":4594,"requestsFinishedPerMinute":44,"requestsFailedPerMinute":0,"requestTotalDurationMillis":1019897,"requestsTotal":222,"crawlerRuntimeMillis":300352,"retryHistogram":[222]}[39m
[32mINFO[39m [33m PlaywrightCrawler:AutoscaledPool:[39m state[90m {"currentConcurrency":5,"desiredConcurrency":5,"systemStatus":{"isSystemIdle":true,"memInfo":{"isOverloaded":false,"limitRatio":0.2,"actualRatio":0},"eventLoopInfo":{"isOverloaded":false,"limitRatio":0.6,"actualRatio":0},"cpuInfo":{"isOverloaded":false,"limitRatio":0.4,"actualRatio":0},"clientInfo":{"isOverloaded":false,"limitRatio":0.3,"actualRatio":0}}}[39m
[32mINFO[39m [33m PlaywrightCrawler:[39m ✅ Parsed: PIC10F200T-I/OT, Микроконтроллер 8 бит, Flash, PIC10F, 4 МГц, 384 Байт, 16 Байт, [SOT-23-6.]
📊 Progress: 223/2000 (11.2%) | ✅ 97 | ❌ 126 | 🔐 0 captchas | ⚡ 6.6/min | ⏱️ ETA: 270min
[32mINFO[39m [33m PlaywrightCrawler:[39m ✅ Parsed: MSP430G2553IPW28R, Микроконтроллер MSP430, 16-бит, 16МГц, 16K FLASH, 512B RAM, 24 I/O [TSSOP-28]
📊 Progress: 224/2000 (11.2%) | ✅ 98 | ❌ 126 | 🔐 0 captchas | ⚡ 6.7/min | ⏱️ ETA: 267min
[32mINFO[39m [33m PlaywrightCrawler:[39m ✅ Parsed: PIC10F322T-I/OT, Микроконтроллер, PIC10F, 8-бит, 896Б Flash [SOT-23-6.]
📊 Progress: 225/2000 (11.3%) | ✅ 99 | ❌ 126 | 🔐 0 captchas | ⚡ 6.7/min | ⏱️ ETA: 265min
[32mINFO[39m [33m PlaywrightCrawler:[39m ✅ Parsed: PIC12F1822-I/SN, 8-битный микроконтроллер 3.5KB 128B [SOIC-8.]
📊 Progress: 226/2000 (11.3%) | ✅ 100 | ❌ 126 | 🔐 0 captchas | ⚡ 6.8/min | ⏱️ ETA: 262min
[32mINFO[39m [33m PlaywrightCrawler:[39m ✅ Parsed: PIC10F220T-I/OT, Микроконтроллер PIC10F, 8-бит, 8МГц, 386 FLASH, 16B RAM, 4 I/O [SOT-23-6.]
📊 Progress: 227/2000 (11.3%) | ✅ 101 | ❌ 126 | 🔐 0 captchas | ⚡ 6.8/min | ⏱️ ETA: 259min
[32mINFO[39m [33m PlaywrightCrawler:[39m ✅ Parsed: PIC12F1840-I/SN, Микроконтроллер 8-Бит, PIC XLP 12F, 32МГц, 7КБит (4К x 14) Flash, 5 I/O [SOIC-8.]
📊 Progress: 228/2000 (11.4%) | ✅ 102 | ❌ 126 | 🔐 0 captchas | ⚡ 6.9/min | ⏱️ ETA: 258min
[32mINFO[39m [33m PlaywrightCrawler:[39m ✅ Parsed: PIC12F509-I/P, Микроконтроллер 8-Бит, PIC, 4МГц, 1.5КБ (1Кx12) Flash, 6 I/O [DIP-8.]
📊 Progress: 229/2000 (11.5%) | ✅ 103 | ❌ 126 | 🔐 0 captchas | ⚡ 6.9/min | ⏱️ ETA: 256min
[32mINFO[39m [33m PlaywrightCrawler:[39m ✅ Parsed: PIC12F615-I/SN, Микросхема
📊 Progress: 230/2000 (11.5%) | ✅ 104 | ❌ 126 | 🔐 0 captchas | ⚡ 7.0/min | ⏱️ ETA: 254min
[32mINFO[39m [33m PlaywrightCrawler:[39m ✅ Parsed: PIC12F510-I/P, Микроконтроллер PIC12F, 8-бит, 8МГц, 1.5К FLASH, 38B RAM, 5 I/O [DIP-8.]
📊 Progress: 231/2000 (11.6%) | ✅ 105 | ❌ 126 | 🔐 0 captchas | ⚡ 7.0/min | ⏱️ ETA: 251min
[32mINFO[39m [33m PlaywrightCrawler:[39m ✅ Parsed: PIC12F509-I/SN, Микроконтроллер 8-Бит, PIC, 4МГц, 1.5КБ (1Кx12) Flash, 6 I/O [SOIC-8.]
📊 Progress: 232/2000 (11.6%) | ✅ 106 | ❌ 126 | 🔐 0 captchas | ⚡ 7.1/min | ⏱️ ETA: 249min
[32mINFO[39m [33m PlaywrightCrawler:[39m ✅ Parsed: PIC12F629-I/P, Микроконтроллер 8-Бит, PIC, 20МГц, 1.75КБ (1Кx14) Flash, 6 I/O [DIP-8.]
📊 Progress: 233/2000 (11.7%) | ✅ 107 | ❌ 126 | 🔐 0 captchas | ⚡ 7.1/min | ⏱️ ETA: 248min
[32mINFO[39m [33m PlaywrightCrawler:[39m ✅ Parsed: PIC12F629-I/SN, Микроконтроллер 8-Бит, PIC, 20МГц, 1.75КБ (1Кx14) Flash, 6 I/O [SOIC-8.]
📊 Progress: 234/2000 (11.7%) | ✅ 108 | ❌ 126 | 🔐 0 captchas | ⚡ 7.2/min | ⏱️ ETA: 246min
[32mINFO[39m [33m PlaywrightCrawler:[39m ✅ Parsed: PIC12F675-I/P, Микроконтроллер 8-Бит, PIC, 20МГц, 1.75КБ (1Кx14) Flash, 5 I/O [DIP-8.]
📊 Progress: 235/2000 (11.8%) | ✅ 109 | ❌ 126 | 🔐 0 captchas | ⚡ 7.2/min | ⏱️ ETA: 244min
[32mINFO[39m [33m PlaywrightCrawler:[39m ✅ Parsed: PIC12F675-I/SN, Микроконтроллер 8-Бит, PIC, 20МГц, 1.75КБ (1Кx14) Flash, 5 I/O [SOIC-8.]
📊 Progress: 236/2000 (11.8%) | ✅ 110 | ❌ 126 | 🔐 0 captchas | ⚡ 7.3/min | ⏱️ ETA: 241min
[32mINFO[39m [33m PlaywrightCrawler:[39m ✅ Parsed: PIC12F683-I/P, Микроконтроллер 8-Бит, PIC, 20МГц, 3.5КБ (2Кx14) Flash, 6 I/O [DIP-8.]
📊 Progress: 237/2000 (11.8%) | ✅ 111 | ❌ 126 | 🔐 0 captchas | ⚡ 7.4/min | ⏱️ ETA: 240min
[32mINFO[39m [33m PlaywrightCrawler:[39m ✅ Parsed: PIC12F683-I/SN, Микроконтроллер 8-Бит, PIC, 20МГц, 3.5КБ (2Кx14) Flash, 6 I/O [SOIC-8.]
📊 Progress: 238/2000 (11.9%) | ✅ 112 | ❌ 126 | 🔐 0 captchas | ⚡ 7.4/min | ⏱️ ETA: 239min
[32mINFO[39m [33m PlaywrightCrawler:[39m ✅ Parsed: PIC16C505-04I/P, Микроконтроллер 8-Бит, PIC, 4МГц, 1.5КБ (1Кx12) OTP, 11 I/O [DIP-14]
📊 Progress: 239/2000 (11.9%) | ✅ 113 | ❌ 126 | 🔐 0 captchas | ⚡ 7.5/min | ⏱️ ETA: 236min
[32mINFO[39m [33m PlaywrightCrawler:[39m ✅ Parsed: PIC16C54C-04I/P, Микроконтроллер 8-Бит, PIC, 4МГц, 768Б (512x12) OTP, 12 I/O [DIP-18]
📊 Progress: 240/2000 (12.0%) | ✅ 114 | ❌ 126 | 🔐 0 captchas | ⚡ 7.5/min | ⏱️ ETA: 235min
[32mINFO[39m [33m PlaywrightCrawler:[39m ✅ Parsed: PIC16C711-04/P, Микроконтроллер 8-Бит, PIC, 4МГц, 1.75КБ (1Кx14) OTP, 13 I/O [DIP-18.]
📊 Progress: 241/2000 (12.0%) | ✅ 115 | ❌ 126 | 🔐 0 captchas | ⚡ 7.6/min | ⏱️ ETA: 233min
[32mINFO[39m [33m PlaywrightCrawler:[39m ✅ Parsed: PIC16C711-04I/P, Микроконтроллер 8-Бит, PIC, 4МГц, 1.75КБ (1Кx14) OTP, 13 I/O [DIP-18]
📊 Progress: 242/2000 (12.1%) | ✅ 116 | ❌ 126 | 🔐 0 captchas | ⚡ 7.6/min | ⏱️ ETA: 231min
[32mINFO[39m [33m PlaywrightCrawler:[39m ✅ Parsed: PIC16F1503-I/SL, Микроконтроллер 8-бит 3.5кБ Флэш-память [SOIC-14]
📊 Progress: 243/2000 (12.2%) | ✅ 117 | ❌ 126 | 🔐 0 captchas | ⚡ 7.6/min | ⏱️ ETA: 230min
[32mINFO[39m [33m PlaywrightCrawler:[39m ✅ Parsed: PIC16F1509-I/SS, Микроконтроллер PIC XLP 16F, 8-бит, 20МГц, 14КБ FLASH, 512B RAM, 17 I/O [SSOP-20]
📊 Progress: 244/2000 (12.2%) | ✅ 118 | ❌ 126 | 🔐 0 captchas | ⚡ 7.7/min | ⏱️ ETA: 228min
[32mINFO[39m [33m PlaywrightCrawler:[39m ✅ Parsed: PIC16F1513-I/SS, Микроконтроллер 8-Бит 7КБ FLASH [SSOP-28-0.209]
📊 Progress: 245/2000 (12.3%) | ✅ 119 | ❌ 126 | 🔐 0 captchas | ⚡ 7.8/min | ⏱️ ETA: 226min
[32mINFO[39m [33m PlaywrightCrawler:[39m ✅ Parsed: PIC16F15323-I/P, Микроконтроллер, PICXLP16F, 8-бит, 32МГц, 3.5КБ FLASH [DIP-14]
📊 Progress: 246/2000 (12.3%) | ✅ 120 | ❌ 126 | 🔐 0 captchas | ⚡ 7.8/min | ⏱️ ETA: 225min
[32mINFO[39m [33m PlaywrightCrawler:[39m ✅ Parsed: PIC16F1823-I/SL, Микроконтроллер PIC XLP 16F, 8-бит, 32МГц, 3.5КБ FLASH [SOIC-14]
📊 Progress: 247/2000 (12.3%) | ✅ 121 | ❌ 126 | 🔐 0 captchas | ⚡ 7.9/min | ⏱️ ETA: 223min
[32mINFO[39m [33m PlaywrightCrawler:[39m ✅ Parsed: PIC16F1827-I/SO, Микроконтроллер 8-Бит, PIC XLP mTouch 16F, 32МГц, 7КБит (4К x 14) Flash, 16 I/O [SOIC-18W]
📊 Progress: 248/2000 (12.4%) | ✅ 122 | ❌ 126 | 🔐 0 captchas | ⚡ 7.9/min | ⏱️ ETA: 222min
[32mINFO[39m [33m PlaywrightCrawler:[39m ✅ Parsed: PIC16F1824-I/SL, Микроконтроллер, PICXLPmTouch16F, 8-бит, 32МГц, 7КБ FLASH [SOIC -14]
📊 Progress: 249/2000 (12.4%) | ✅ 123 | ❌ 126 | 🔐 0 captchas | ⚡ 8.0/min | ⏱️ ETA: 220min
[32mINFO[39m [33m PlaywrightCrawler:[39m ✅ Parsed: PIC16F1825-I/SL, Микроконтроллер, PICXLPmTouch16F, 8-бит, 32МГц, 14КБ FLASH [SOIC -14]
📊 Progress: 250/2000 (12.5%) | ✅ 124 | ❌ 126 | 🔐 0 captchas | ⚡ 8.0/min | ⏱️ ETA: 218min
[32mINFO[39m [33m PlaywrightCrawler:[39m ✅ Parsed: PIC16F1828-I/SS, Микроконтроллер, PICXLPmTouch16F, 8-бит, 32МГц, 7КБ FLASH [SSOP-20]
📊 Progress: 251/2000 (12.6%) | ✅ 125 | ❌ 126 | 🔐 0 captchas | ⚡ 8.1/min | ⏱️ ETA: 217min
[32mINFO[39m [33m PlaywrightCrawler:[39m ✅ Parsed: PIC16F18326-I/SL, Микроконтроллер, 8-бит PIC RISC, 28KB Flash, 3.3V/5V, Automotive [SOIC-14]
📊 Progress: 252/2000 (12.6%) | ✅ 126 | ❌ 126 | 🔐 0 captchas | ⚡ 8.1/min | ⏱️ ETA: 216min
[32mINFO[39m [33m PlaywrightCrawler:[39m ✅ Parsed: PIC16F1933-I/SS, Микроконтроллер PIC XLP 16F, 8-бит, 32МГц, 14КБ FLASH, 256B RAM, 25 I/O [SSOP-28]
📊 Progress: 253/2000 (12.7%) | ✅ 127 | ❌ 126 | 🔐 0 captchas | ⚡ 8.1/min | ⏱️ ETA: 215min
[32mINFO[39m [33m PlaywrightCrawler:Statistics:[39m PlaywrightCrawler request statistics:[90m {"requestAvgFailedDurationMillis":null,"requestAvgFinishedDurationMillis":5132,"requestsFinishedPerMinute":42,"requestsFailedPerMinute":0,"requestTotalDurationMillis":1298291,"requestsTotal":253,"crawlerRuntimeMillis":360356,"retryHistogram":[253]}[39m
[32mINFO[39m [33m PlaywrightCrawler:AutoscaledPool:[39m state[90m {"currentConcurrency":5,"desiredConcurrency":5,"systemStatus":{"isSystemIdle":true,"memInfo":{"isOverloaded":false,"limitRatio":0.2,"actualRatio":0},"eventLoopInfo":{"isOverloaded":false,"limitRatio":0.6,"actualRatio":0},"cpuInfo":{"isOverloaded":false,"limitRatio":0.4,"actualRatio":0},"clientInfo":{"isOverloaded":false,"limitRatio":0.3,"actualRatio":0}}}[39m
[33mWARN[39m [33m PlaywrightCrawler:[39m 🚫 Captcha detected on product page
🔐 Captcha detected! Attempting to solve with 2captcha...
[32mINFO[39m [33m PlaywrightCrawler:[39m ✅ Parsed: PIC16F1936-I/SS, Микроконтроллер PIC XLP 16F, 8-бит, 32МГц, 14КБ FLASH, 512B RAM, 25 I/O [SSOP-28]
📊 Progress: 254/2000 (12.7%) | ✅ 128 | ❌ 126 | 🔐 0 captchas | ⚡ 8.2/min | ⏱️ ETA: 213min
⚠️ Could not detect captcha type or sitekey
[31mERROR[39m[33m PlaywrightCrawler:[39m ❌ Failed to solve captcha
[33mWARN[39m [33m PlaywrightCrawler:[39m 🚫 Captcha detected on product page
🔐 Captcha detected! Attempting to solve with 2captcha...
⚠️ Could not detect captcha type or sitekey
[31mERROR[39m[33m PlaywrightCrawler:[39m ❌ Failed to solve captcha
[32mINFO[39m [33m PlaywrightCrawler:[39m ✅ Parsed: PIC16F1936-I/SO, Микроконтроллер 8 бит, Flash, PIC16F19xx, 32 МГц, 14 КБ, 512 Байт, [SOIC-28]
📊 Progress: 257/2000 (12.8%) | ✅ 129 | ❌ 128 | 🔐 0 captchas | ⚡ 8.3/min | ⏱️ ETA: 211min
[32mINFO[39m [33m PlaywrightCrawler:[39m ✅ Parsed: PIC16F1938-I/SS, Микроконтроллер, PICXLP16F, 8-бит, 32МГц, 28КБ FLASH [SSOP-28]
📊 Progress: 258/2000 (12.9%) | ✅ 130 | ❌ 128 | 🔐 0 captchas | ⚡ 8.3/min | ⏱️ ETA: 210min
[33mWARN[39m [33m PlaywrightCrawler:[39m 🚫 Captcha detected on product page
🔐 Captcha detected! Attempting to solve with 2captcha...
⚠️ Could not detect captcha type or sitekey
[31mERROR[39m[33m PlaywrightCrawler:[39m ❌ Failed to solve captcha
[33mWARN[39m [33m PlaywrightCrawler:[39m 🚫 Captcha detected on product page
🔐 Captcha detected! Attempting to solve with 2captcha...
⚠️ Could not detect captcha type or sitekey
[31mERROR[39m[33m PlaywrightCrawler:[39m ❌ Failed to solve captcha
[33mWARN[39m [33m PlaywrightCrawler:[39m 🚫 Captcha detected on product page
🔐 Captcha detected! Attempting to solve with 2captcha...
⚠️ Could not detect captcha type or sitekey
[31mERROR[39m[33m PlaywrightCrawler:[39m ❌ Failed to solve captcha
[33mWARN[39m [33m PlaywrightCrawler:[39m 🚫 Captcha detected on product page
🔐 Captcha detected! Attempting to solve with 2captcha...
⚠️ Could not detect captcha type or sitekey
[31mERROR[39m[33m PlaywrightCrawler:[39m ❌ Failed to solve captcha
[33mWARN[39m [33m PlaywrightCrawler:[39m 🚫 Captcha detected on product page
🔐 Captcha detected! Attempting to solve with 2captcha...
⚠️ Could not detect captcha type or sitekey
[31mERROR[39m[33m PlaywrightCrawler:[39m ❌ Failed to solve captcha
[33mWARN[39m [33m PlaywrightCrawler:[39m 🚫 Captcha detected on product page
🔐 Captcha detected! Attempting to solve with 2captcha...
⚠️ Could not detect captcha type or sitekey
[31mERROR[39m[33m PlaywrightCrawler:[39m ❌ Failed to solve captcha
[33mWARN[39m [33m PlaywrightCrawler:[39m 🚫 Captcha detected on product page
🔐 Captcha detected! Attempting to solve with 2captcha...
⚠️ Could not detect captcha type or sitekey
[31mERROR[39m[33m PlaywrightCrawler:[39m ❌ Failed to solve captcha
[33mWARN[39m [33m PlaywrightCrawler:[39m 🚫 Captcha detected on product page
🔐 Captcha detected! Attempting to solve with 2captcha...
⚠️ Could not detect captcha type or sitekey
[31mERROR[39m[33m PlaywrightCrawler:[39m ❌ Failed to solve captcha
[33mWARN[39m [33m PlaywrightCrawler:[39m 🚫 Captcha detected on product page
🔐 Captcha detected! Attempting to solve with 2captcha...
⚠️ Could not detect captcha type or sitekey
[31mERROR[39m[33m PlaywrightCrawler:[39m ❌ Failed to solve captcha
[33mWARN[39m [33m PlaywrightCrawler:[39m 🚫 Captcha detected on product page
🔐 Captcha detected! Attempting to solve with 2captcha...
⚠️ Could not detect captcha type or sitekey
[31mERROR[39m[33m PlaywrightCrawler:[39m ❌ Failed to solve captcha
[rebrowser-patches][frames._context] cannot get world, error: ProtocolError: Protocol error (Runtime.evaluate): Cannot find context with specified id
    at /Users/lux/Desktop/projects/electromagaz/node_modules/rebrowser-playwright/node_modules/playwright-core/lib/server/chromium/crConnection.js:116:57
    at new Promise (<anonymous>)
    at CRSession.send (/Users/lux/Desktop/projects/electromagaz/node_modules/rebrowser-playwright/node_modules/playwright-core/lib/server/chromium/crConnection.js:115:12)
    at CRSession.__re__getMainWorld (/Users/lux/Desktop/projects/electromagaz/node_modules/rebrowser-playwright/node_modules/playwright-core/lib/server/chromium/crConnection.js:266:20)
    at runNextTicks (node:internal/process/task_queues:65:5)
    at process.processImmediate (node:internal/timers:472:9)
    at async CRSession.__re__emitExecutionContext (/Users/lux/Desktop/projects/electromagaz/node_modules/rebrowser-playwright/node_modules/playwright-core/lib/server/chromium/crConnection.js:220:28)
    at async Frame.evaluateExpression (/Users/lux/Desktop/projects/electromagaz/node_modules/rebrowser-playwright/node_modules/playwright-core/lib/server/frames.js:645:21) {
  type: 'error',
  method: 'Runtime.evaluate',
  logs: undefined
}
[33mWARN[39m [33m PlaywrightCrawler:[39m 🚫 Captcha detected on product page
🔐 Captcha detected! Attempting to solve with 2captcha...
⚠️ Could not detect captcha type or sitekey
[31mERROR[39m[33m PlaywrightCrawler:[39m ❌ Failed to solve captcha
[rebrowser-patches][frames._context] cannot get world, error: ProtocolError: Protocol error (Runtime.evaluate): Cannot find context with specified id
    at /Users/lux/Desktop/projects/electromagaz/node_modules/rebrowser-playwright/node_modules/playwright-core/lib/server/chromium/crConnection.js:116:57
    at new Promise (<anonymous>)
    at CRSession.send (/Users/lux/Desktop/projects/electromagaz/node_modules/rebrowser-playwright/node_modules/playwright-core/lib/server/chromium/crConnection.js:115:12)
    at CRSession.__re__getMainWorld (/Users/lux/Desktop/projects/electromagaz/node_modules/rebrowser-playwright/node_modules/playwright-core/lib/server/chromium/crConnection.js:266:20)
    at async CRSession.__re__emitExecutionContext (/Users/lux/Desktop/projects/electromagaz/node_modules/rebrowser-playwright/node_modules/playwright-core/lib/server/chromium/crConnection.js:220:28)
    at async Frame.evaluateExpression (/Users/lux/Desktop/projects/electromagaz/node_modules/rebrowser-playwright/node_modules/playwright-core/lib/server/frames.js:645:21) {
  type: 'error',
  method: 'Runtime.evaluate',
  logs: undefined
}
[33mWARN[39m [33m PlaywrightCrawler:[39m 🚫 Captcha detected on product page
🔐 Captcha detected! Attempting to solve with 2captcha...
⚠️ Could not detect captcha type or sitekey
[31mERROR[39m[33m PlaywrightCrawler:[39m ❌ Failed to solve captcha
[rebrowser-patches][frames._context] cannot get world, error: ProtocolError: Protocol error (Runtime.evaluate): Cannot find context with specified id
    at /Users/lux/Desktop/projects/electromagaz/node_modules/rebrowser-playwright/node_modules/playwright-core/lib/server/chromium/crConnection.js:116:57
    at new Promise (<anonymous>)
    at CRSession.send (/Users/lux/Desktop/projects/electromagaz/node_modules/rebrowser-playwright/node_modules/playwright-core/lib/server/chromium/crConnection.js:115:12)
    at CRSession.__re__getMainWorld (/Users/lux/Desktop/projects/electromagaz/node_modules/rebrowser-playwright/node_modules/playwright-core/lib/server/chromium/crConnection.js:266:20)
    at async CRSession.__re__emitExecutionContext (/Users/lux/Desktop/projects/electromagaz/node_modules/rebrowser-playwright/node_modules/playwright-core/lib/server/chromium/crConnection.js:220:28)
    at async Frame.evaluateExpression (/Users/lux/Desktop/projects/electromagaz/node_modules/rebrowser-playwright/node_modules/playwright-core/lib/server/frames.js:645:21) {
  type: 'error',
  method: 'Runtime.evaluate',
  logs: undefined
}
[33mWARN[39m [33m PlaywrightCrawler:[39m 🚫 Captcha detected on product page
🔐 Captcha detected! Attempting to solve with 2captcha...
[33mWARN[39m [33m PlaywrightCrawler:[39m 🚫 Captcha detected on product page
🔐 Captcha detected! Attempting to solve with 2captcha...
[33mWARN[39m [33m PlaywrightCrawler:[39m 🚫 Captcha detected on product page
🔐 Captcha detected! Attempting to solve with 2captcha...
[33mWARN[39m [33m PlaywrightCrawler:[39m 🚫 Captcha detected on product page
🔐 Captcha detected! Attempting to solve with 2captcha...
[33mWARN[39m [33m PlaywrightCrawler:[39m 🚫 Captcha detected on product page
🔐 Captcha detected! Attempting to solve with 2captcha...
⚠️ Could not detect captcha type or sitekey
[31mERROR[39m[33m PlaywrightCrawler:[39m ❌ Failed to solve captcha
⚠️ Could not detect captcha type or sitekey
[31mERROR[39m[33m PlaywrightCrawler:[39m ❌ Failed to solve captcha
⚠️ Could not detect captcha type or sitekey
[31mERROR[39m[33m PlaywrightCrawler:[39m ❌ Failed to solve captcha
⚠️ Could not detect captcha type or sitekey
[31mERROR[39m[33m PlaywrightCrawler:[39m ❌ Failed to solve captcha
⚠️ Could not detect captcha type or sitekey
[31mERROR[39m[33m PlaywrightCrawler:[39m ❌ Failed to solve captcha
[33mWARN[39m [33m PlaywrightCrawler:[39m 🚫 Captcha detected on product page
🔐 Captcha detected! Attempting to solve with 2captcha...
⚠️ Could not detect captcha type or sitekey
[31mERROR[39m[33m PlaywrightCrawler:[39m ❌ Failed to solve captcha
[33mWARN[39m [33m PlaywrightCrawler:[39m 🚫 Captcha detected on product page
🔐 Captcha detected! Attempting to solve with 2captcha...
⚠️ Could not detect captcha type or sitekey
[31mERROR[39m[33m PlaywrightCrawler:[39m ❌ Failed to solve captcha
[33mWARN[39m [33m PlaywrightCrawler:[39m 🚫 Captcha detected on product page
🔐 Captcha detected! Attempting to solve with 2captcha...
⚠️ Could not detect captcha type or sitekey
[31mERROR[39m[33m PlaywrightCrawler:[39m ❌ Failed to solve captcha
[33mWARN[39m [33m PlaywrightCrawler:[39m 🚫 Captcha detected on product page
🔐 Captcha detected! Attempting to solve with 2captcha...
⚠️ Could not detect captcha type or sitekey
[31mERROR[39m[33m PlaywrightCrawler:[39m ❌ Failed to solve captcha
[33mWARN[39m [33m PlaywrightCrawler:[39m 🚫 Captcha detected on product page
🔐 Captcha detected! Attempting to solve with 2captcha...
[33mWARN[39m [33m PlaywrightCrawler:[39m 🚫 Captcha detected on product page
🔐 Captcha detected! Attempting to solve with 2captcha...
⚠️ Could not detect captcha type or sitekey
[31mERROR[39m[33m PlaywrightCrawler:[39m ❌ Failed to solve captcha
⚠️ Could not detect captcha type or sitekey
[31mERROR[39m[33m PlaywrightCrawler:[39m ❌ Failed to solve captcha
[33mWARN[39m [33m PlaywrightCrawler:[39m 🚫 Captcha detected on product page
🔐 Captcha detected! Attempting to solve with 2captcha...
⚠️ Could not detect captcha type or sitekey
[31mERROR[39m[33m PlaywrightCrawler:[39m ❌ Failed to solve captcha
[33mWARN[39m [33m PlaywrightCrawler:[39m 🚫 Captcha detected on product page
🔐 Captcha detected! Attempting to solve with 2captcha...
⚠️ Could not detect captcha type or sitekey
[31mERROR[39m[33m PlaywrightCrawler:[39m ❌ Failed to solve captcha
[33mWARN[39m [33m PlaywrightCrawler:[39m 🚫 Captcha detected on product page
🔐 Captcha detected! Attempting to solve with 2captcha...
⚠️ Could not detect captcha type or sitekey
[31mERROR[39m[33m PlaywrightCrawler:[39m ❌ Failed to solve captcha
[33mWARN[39m [33m PlaywrightCrawler:[39m 🚫 Captcha detected on product page
🔐 Captcha detected! Attempting to solve with 2captcha...
⚠️ Could not detect captcha type or sitekey
[31mERROR[39m[33m PlaywrightCrawler:[39m ❌ Failed to solve captcha
[33mWARN[39m [33m PlaywrightCrawler:[39m 🚫 Captcha detected on product page
🔐 Captcha detected! Attempting to solve with 2captcha...
⚠️ Could not detect captcha type or sitekey
[31mERROR[39m[33m PlaywrightCrawler:[39m ❌ Failed to solve captcha
[33mWARN[39m [33m PlaywrightCrawler:[39m 🚫 Captcha detected on product page
🔐 Captcha detected! Attempting to solve with 2captcha...
⚠️ Could not detect captcha type or sitekey
[31mERROR[39m[33m PlaywrightCrawler:[39m ❌ Failed to solve captcha
[rebrowser-patches][frames._context] cannot get world, error: ProtocolError: Protocol error (Runtime.evaluate): Cannot find context with specified id
    at /Users/lux/Desktop/projects/electromagaz/node_modules/rebrowser-playwright/node_modules/playwright-core/lib/server/chromium/crConnection.js:116:57
    at new Promise (<anonymous>)
    at CRSession.send (/Users/lux/Desktop/projects/electromagaz/node_modules/rebrowser-playwright/node_modules/playwright-core/lib/server/chromium/crConnection.js:115:12)
    at CRSession.__re__getMainWorld (/Users/lux/Desktop/projects/electromagaz/node_modules/rebrowser-playwright/node_modules/playwright-core/lib/server/chromium/crConnection.js:266:20)
    at runNextTicks (node:internal/process/task_queues:65:5)
    at process.processImmediate (node:internal/timers:472:9)
    at async CRSession.__re__emitExecutionContext (/Users/lux/Desktop/projects/electromagaz/node_modules/rebrowser-playwright/node_modules/playwright-core/lib/server/chromium/crConnection.js:220:28)
    at async Frame.evaluateExpression (/Users/lux/Desktop/projects/electromagaz/node_modules/rebrowser-playwright/node_modules/playwright-core/lib/server/frames.js:645:21) {
  type: 'error',
  method: 'Runtime.evaluate',
  logs: undefined
}
[33mWARN[39m [33m PlaywrightCrawler:[39m 🚫 Captcha detected on product page
🔐 Captcha detected! Attempting to solve with 2captcha...
⚠️ Could not detect captcha type or sitekey
[31mERROR[39m[33m PlaywrightCrawler:[39m ❌ Failed to solve captcha
[33mWARN[39m [33m PlaywrightCrawler:[39m 🚫 Captcha detected on product page
🔐 Captcha detected! Attempting to solve with 2captcha...
⚠️ Could not detect captcha type or sitekey
[31mERROR[39m[33m PlaywrightCrawler:[39m ❌ Failed to solve captcha
[33mWARN[39m [33m PlaywrightCrawler:[39m 🚫 Captcha detected on product page
🔐 Captcha detected! Attempting to solve with 2captcha...
[33mWARN[39m [33m PlaywrightCrawler:[39m 🚫 Captcha detected on product page
🔐 Captcha detected! Attempting to solve with 2captcha...
⚠️ Could not detect captcha type or sitekey
[31mERROR[39m[33m PlaywrightCrawler:[39m ❌ Failed to solve captcha
⚠️ Could not detect captcha type or sitekey
[31mERROR[39m[33m PlaywrightCrawler:[39m ❌ Failed to solve captcha
[33mWARN[39m [33m PlaywrightCrawler:[39m 🚫 Captcha detected on product page
🔐 Captcha detected! Attempting to solve with 2captcha...
⚠️ Could not detect captcha type or sitekey
[31mERROR[39m[33m PlaywrightCrawler:[39m ❌ Failed to solve captcha
[33mWARN[39m [33m PlaywrightCrawler:[39m 🚫 Captcha detected on product page
🔐 Captcha detected! Attempting to solve with 2captcha...
⚠️ Could not detect captcha type or sitekey
[31mERROR[39m[33m PlaywrightCrawler:[39m ❌ Failed to solve captcha
[33mWARN[39m [33m PlaywrightCrawler:[39m 🚫 Captcha detected on product page
🔐 Captcha detected! Attempting to solve with 2captcha...
⚠️ Could not detect captcha type or sitekey
[31mERROR[39m[33m PlaywrightCrawler:[39m ❌ Failed to solve captcha
[rebrowser-patches][frames._context] cannot get world, error: ProtocolError: Protocol error (Runtime.evaluate): Cannot find context with specified id
    at /Users/lux/Desktop/projects/electromagaz/node_modules/rebrowser-playwright/node_modules/playwright-core/lib/server/chromium/crConnection.js:116:57
    at new Promise (<anonymous>)
    at CRSession.send (/Users/lux/Desktop/projects/electromagaz/node_modules/rebrowser-playwright/node_modules/playwright-core/lib/server/chromium/crConnection.js:115:12)
    at CRSession.__re__getMainWorld (/Users/lux/Desktop/projects/electromagaz/node_modules/rebrowser-playwright/node_modules/playwright-core/lib/server/chromium/crConnection.js:266:20)
    at runNextTicks (node:internal/process/task_queues:65:5)
    at process.processImmediate (node:internal/timers:472:9)
    at async CRSession.__re__emitExecutionContext (/Users/lux/Desktop/projects/electromagaz/node_modules/rebrowser-playwright/node_modules/playwright-core/lib/server/chromium/crConnection.js:220:28)
    at async Frame.evaluateExpression (/Users/lux/Desktop/projects/electromagaz/node_modules/rebrowser-playwright/node_modules/playwright-core/lib/server/frames.js:645:21) {
  type: 'error',
  method: 'Runtime.evaluate',
  logs: undefined
}
[33mWARN[39m [33m PlaywrightCrawler:[39m 🚫 Captcha detected on product page
🔐 Captcha detected! Attempting to solve with 2captcha...
⚠️ Could not detect captcha type or sitekey
[31mERROR[39m[33m PlaywrightCrawler:[39m ❌ Failed to solve captcha
[rebrowser-patches][frames._context] cannot get world, error: ProtocolError: Protocol error (Runtime.evaluate): Cannot find context with specified id
    at /Users/lux/Desktop/projects/electromagaz/node_modules/rebrowser-playwright/node_modules/playwright-core/lib/server/chromium/crConnection.js:116:57
    at new Promise (<anonymous>)
    at CRSession.send (/Users/lux/Desktop/projects/electromagaz/node_modules/rebrowser-playwright/node_modules/playwright-core/lib/server/chromium/crConnection.js:115:12)
    at CRSession.__re__getMainWorld (/Users/lux/Desktop/projects/electromagaz/node_modules/rebrowser-playwright/node_modules/playwright-core/lib/server/chromium/crConnection.js:266:20)
    at runNextTicks (node:internal/process/task_queues:65:5)
    at process.processImmediate (node:internal/timers:472:9)
    at async CRSession.__re__emitExecutionContext (/Users/lux/Desktop/projects/electromagaz/node_modules/rebrowser-playwright/node_modules/playwright-core/lib/server/chromium/crConnection.js:220:28)
    at async Frame.evaluateExpression (/Users/lux/Desktop/projects/electromagaz/node_modules/rebrowser-playwright/node_modules/playwright-core/lib/server/frames.js:645:21) {
  type: 'error',
  method: 'Runtime.evaluate',
  logs: undefined
}
[33mWARN[39m [33m PlaywrightCrawler:[39m 🚫 Captcha detected on product page
🔐 Captcha detected! Attempting to solve with 2captcha...
⚠️ Could not detect captcha type or sitekey
[31mERROR[39m[33m PlaywrightCrawler:[39m ❌ Failed to solve captcha
[33mWARN[39m [33m PlaywrightCrawler:[39m 🚫 Captcha detected on product page
🔐 Captcha detected! Attempting to solve with 2captcha...
⚠️ Could not detect captcha type or sitekey
[31mERROR[39m[33m PlaywrightCrawler:[39m ❌ Failed to solve captcha
[rebrowser-patches][frames._context] cannot get world, error: ProtocolError: Protocol error (Runtime.evaluate): Cannot find context with specified id
    at /Users/lux/Desktop/projects/electromagaz/node_modules/rebrowser-playwright/node_modules/playwright-core/lib/server/chromium/crConnection.js:116:57
    at new Promise (<anonymous>)
    at CRSession.send (/Users/lux/Desktop/projects/electromagaz/node_modules/rebrowser-playwright/node_modules/playwright-core/lib/server/chromium/crConnection.js:115:12)
    at CRSession.__re__getMainWorld (/Users/lux/Desktop/projects/electromagaz/node_modules/rebrowser-playwright/node_modules/playwright-core/lib/server/chromium/crConnection.js:266:20)
    at runNextTicks (node:internal/process/task_queues:65:5)
    at process.processImmediate (node:internal/timers:472:9)
    at async CRSession.__re__emitExecutionContext (/Users/lux/Desktop/projects/electromagaz/node_modules/rebrowser-playwright/node_modules/playwright-core/lib/server/chromium/crConnection.js:220:28)
    at async Frame.evaluateExpression (/Users/lux/Desktop/projects/electromagaz/node_modules/rebrowser-playwright/node_modules/playwright-core/lib/server/frames.js:645:21) {
  type: 'error',
  method: 'Runtime.evaluate',
  logs: undefined
}
[33mWARN[39m [33m PlaywrightCrawler:[39m 🚫 Captcha detected on product page
🔐 Captcha detected! Attempting to solve with 2captcha...
⚠️ Could not detect captcha type or sitekey
[31mERROR[39m[33m PlaywrightCrawler:[39m ❌ Failed to solve captcha
[33mWARN[39m [33m PlaywrightCrawler:[39m 🚫 Captcha detected on product page
🔐 Captcha detected! Attempting to solve with 2captcha...
⚠️ Could not detect captcha type or sitekey
[31mERROR[39m[33m PlaywrightCrawler:[39m ❌ Failed to solve captcha
[rebrowser-patches][frames._context] cannot get world, error: ProtocolError: Protocol error (Runtime.evaluate): Cannot find context with specified id
    at /Users/lux/Desktop/projects/electromagaz/node_modules/rebrowser-playwright/node_modules/playwright-core/lib/server/chromium/crConnection.js:116:57
    at new Promise (<anonymous>)
    at CRSession.send (/Users/lux/Desktop/projects/electromagaz/node_modules/rebrowser-playwright/node_modules/playwright-core/lib/server/chromium/crConnection.js:115:12)
    at CRSession.__re__getMainWorld (/Users/lux/Desktop/projects/electromagaz/node_modules/rebrowser-playwright/node_modules/playwright-core/lib/server/chromium/crConnection.js:266:20)
    at runNextTicks (node:internal/process/task_queues:65:5)
    at process.processImmediate (node:internal/timers:472:9)
    at async CRSession.__re__emitExecutionContext (/Users/lux/Desktop/projects/electromagaz/node_modules/rebrowser-playwright/node_modules/playwright-core/lib/server/chromium/crConnection.js:220:28)
    at async Frame.evaluateExpression (/Users/lux/Desktop/projects/electromagaz/node_modules/rebrowser-playwright/node_modules/playwright-core/lib/server/frames.js:645:21) {
  type: 'error',
  method: 'Runtime.evaluate',
  logs: undefined
}
[33mWARN[39m [33m PlaywrightCrawler:[39m 🚫 Captcha detected on product page
🔐 Captcha detected! Attempting to solve with 2captcha...
⚠️ Could not detect captcha type or sitekey
[31mERROR[39m[33m PlaywrightCrawler:[39m ❌ Failed to solve captcha
[33mWARN[39m [33m PlaywrightCrawler:[39m 🚫 Captcha detected on product page
🔐 Captcha detected! Attempting to solve with 2captcha...
⚠️ Could not detect captcha type or sitekey
[31mERROR[39m[33m PlaywrightCrawler:[39m ❌ Failed to solve captcha
[33mWARN[39m [33m PlaywrightCrawler:[39m 🚫 Captcha detected on product page
🔐 Captcha detected! Attempting to solve with 2captcha...
⚠️ Could not detect captcha type or sitekey
[31mERROR[39m[33m PlaywrightCrawler:[39m ❌ Failed to solve captcha
[rebrowser-patches][frames._context] cannot get world, error: ProtocolError: Protocol error (Runtime.evaluate): Cannot find context with specified id
    at /Users/lux/Desktop/projects/electromagaz/node_modules/rebrowser-playwright/node_modules/playwright-core/lib/server/chromium/crConnection.js:116:57
    at new Promise (<anonymous>)
    at CRSession.send (/Users/lux/Desktop/projects/electromagaz/node_modules/rebrowser-playwright/node_modules/playwright-core/lib/server/chromium/crConnection.js:115:12)
    at CRSession.__re__getMainWorld (/Users/lux/Desktop/projects/electromagaz/node_modules/rebrowser-playwright/node_modules/playwright-core/lib/server/chromium/crConnection.js:266:20)
    at runNextTicks (node:internal/process/task_queues:65:5)
    at process.processImmediate (node:internal/timers:472:9)
    at async CRSession.__re__emitExecutionContext (/Users/lux/Desktop/projects/electromagaz/node_modules/rebrowser-playwright/node_modules/playwright-core/lib/server/chromium/crConnection.js:220:28)
    at async Frame.evaluateExpression (/Users/lux/Desktop/projects/electromagaz/node_modules/rebrowser-playwright/node_modules/playwright-core/lib/server/frames.js:645:21) {
  type: 'error',
  method: 'Runtime.evaluate',
  logs: undefined
}
[rebrowser-patches][frames._context] cannot get world, error: ProtocolError: Protocol error (Runtime.evaluate): Cannot find context with specified id
    at /Users/lux/Desktop/projects/electromagaz/node_modules/rebrowser-playwright/node_modules/playwright-core/lib/server/chromium/crConnection.js:116:57
    at new Promise (<anonymous>)
    at CRSession.send (/Users/lux/Desktop/projects/electromagaz/node_modules/rebrowser-playwright/node_modules/playwright-core/lib/server/chromium/crConnection.js:115:12)
    at CRSession.__re__getMainWorld (/Users/lux/Desktop/projects/electromagaz/node_modules/rebrowser-playwright/node_modules/playwright-core/lib/server/chromium/crConnection.js:266:20)
    at runNextTicks (node:internal/process/task_queues:65:5)
    at process.processImmediate (node:internal/timers:472:9)
    at async CRSession.__re__emitExecutionContext (/Users/lux/Desktop/projects/electromagaz/node_modules/rebrowser-playwright/node_modules/playwright-core/lib/server/chromium/crConnection.js:220:28)
    at async Frame.evaluateExpression (/Users/lux/Desktop/projects/electromagaz/node_modules/rebrowser-playwright/node_modules/playwright-core/lib/server/frames.js:645:21) {
  type: 'error',
  method: 'Runtime.evaluate',
  logs: undefined
}
[33mWARN[39m [33m PlaywrightCrawler:[39m 🚫 Captcha detected on product page
🔐 Captcha detected! Attempting to solve with 2captcha...
⚠️ Could not detect captcha type or sitekey
[31mERROR[39m[33m PlaywrightCrawler:[39m ❌ Failed to solve captcha
[33mWARN[39m [33m PlaywrightCrawler:[39m 🚫 Captcha detected on product page
🔐 Captcha detected! Attempting to solve with 2captcha...
⚠️ Could not detect captcha type or sitekey
[31mERROR[39m[33m PlaywrightCrawler:[39m ❌ Failed to solve captcha
[33mWARN[39m [33m PlaywrightCrawler:[39m 🚫 Captcha detected on product page
🔐 Captcha detected! Attempting to solve with 2captcha...
⚠️ Could not detect captcha type or sitekey
[31mERROR[39m[33m PlaywrightCrawler:[39m ❌ Failed to solve captcha
[33mWARN[39m [33m PlaywrightCrawler:[39m 🚫 Captcha detected on product page
🔐 Captcha detected! Attempting to solve with 2captcha...
⚠️ Could not detect captcha type or sitekey
[31mERROR[39m[33m PlaywrightCrawler:[39m ❌ Failed to solve captcha
[33mWARN[39m [33m PlaywrightCrawler:[39m 🚫 Captcha detected on product page
🔐 Captcha detected! Attempting to solve with 2captcha...
⚠️ Could not detect captcha type or sitekey
[31mERROR[39m[33m PlaywrightCrawler:[39m ❌ Failed to solve captcha
[33mWARN[39m [33m PlaywrightCrawler:[39m 🚫 Captcha detected on product page
🔐 Captcha detected! Attempting to solve with 2captcha...
⚠️ Could not detect captcha type or sitekey
[31mERROR[39m[33m PlaywrightCrawler:[39m ❌ Failed to solve captcha
[33mWARN[39m [33m PlaywrightCrawler:[39m 🚫 Captcha detected on product page
🔐 Captcha detected! Attempting to solve with 2captcha...
⚠️ Could not detect captcha type or sitekey
[31mERROR[39m[33m PlaywrightCrawler:[39m ❌ Failed to solve captcha
[33mWARN[39m [33m PlaywrightCrawler:[39m 🚫 Captcha detected on product page
🔐 Captcha detected! Attempting to solve with 2captcha...
⚠️ Could not detect captcha type or sitekey
[31mERROR[39m[33m PlaywrightCrawler:[39m ❌ Failed to solve captcha
[33mWARN[39m [33m PlaywrightCrawler:[39m 🚫 Captcha detected on product page
🔐 Captcha detected! Attempting to solve with 2captcha...
⚠️ Could not detect captcha type or sitekey
[31mERROR[39m[33m PlaywrightCrawler:[39m ❌ Failed to solve captcha
[rebrowser-patches][frames._context] cannot get world, error: ProtocolError: Protocol error (Runtime.evaluate): Cannot find context with specified id
    at /Users/lux/Desktop/projects/electromagaz/node_modules/rebrowser-playwright/node_modules/playwright-core/lib/server/chromium/crConnection.js:116:57
    at new Promise (<anonymous>)
    at CRSession.send (/Users/lux/Desktop/projects/electromagaz/node_modules/rebrowser-playwright/node_modules/playwright-core/lib/server/chromium/crConnection.js:115:12)
    at CRSession.__re__getMainWorld (/Users/lux/Desktop/projects/electromagaz/node_modules/rebrowser-playwright/node_modules/playwright-core/lib/server/chromium/crConnection.js:266:20)
    at runNextTicks (node:internal/process/task_queues:65:5)
    at process.processImmediate (node:internal/timers:472:9)
    at async CRSession.__re__emitExecutionContext (/Users/lux/Desktop/projects/electromagaz/node_modules/rebrowser-playwright/node_modules/playwright-core/lib/server/chromium/crConnection.js:220:28)
    at async Frame.evaluateExpression (/Users/lux/Desktop/projects/electromagaz/node_modules/rebrowser-playwright/node_modules/playwright-core/lib/server/frames.js:645:21) {
  type: 'error',
  method: 'Runtime.evaluate',
  logs: undefined
}
[33mWARN[39m [33m PlaywrightCrawler:[39m 🚫 Captcha detected on product page
🔐 Captcha detected! Attempting to solve with 2captcha...
⚠️ Could not detect captcha type or sitekey
[31mERROR[39m[33m PlaywrightCrawler:[39m ❌ Failed to solve captcha
[33mWARN[39m [33m PlaywrightCrawler:[39m 🚫 Captcha detected on product page
🔐 Captcha detected! Attempting to solve with 2captcha...
⚠️ Could not detect captcha type or sitekey
[31mERROR[39m[33m PlaywrightCrawler:[39m ❌ Failed to solve captcha
[rebrowser-patches][frames._context] cannot get world, error: ProtocolError: Protocol error (Runtime.evaluate): Cannot find context with specified id
    at /Users/lux/Desktop/projects/electromagaz/node_modules/rebrowser-playwright/node_modules/playwright-core/lib/server/chromium/crConnection.js:116:57
    at new Promise (<anonymous>)
    at CRSession.send (/Users/lux/Desktop/projects/electromagaz/node_modules/rebrowser-playwright/node_modules/playwright-core/lib/server/chromium/crConnection.js:115:12)
    at CRSession.__re__getMainWorld (/Users/lux/Desktop/projects/electromagaz/node_modules/rebrowser-playwright/node_modules/playwright-core/lib/server/chromium/crConnection.js:266:20)
    at async CRSession.__re__emitExecutionContext (/Users/lux/Desktop/projects/electromagaz/node_modules/rebrowser-playwright/node_modules/playwright-core/lib/server/chromium/crConnection.js:220:28)
    at async Frame.evaluateExpression (/Users/lux/Desktop/projects/electromagaz/node_modules/rebrowser-playwright/node_modules/playwright-core/lib/server/frames.js:645:21) {
  type: 'error',
  method: 'Runtime.evaluate',
  logs: undefined
}
[33mWARN[39m [33m PlaywrightCrawler:[39m 🚫 Captcha detected on product page
🔐 Captcha detected! Attempting to solve with 2captcha...
⚠️ Could not detect captcha type or sitekey
[31mERROR[39m[33m PlaywrightCrawler:[39m ❌ Failed to solve captcha
[33mWARN[39m [33m PlaywrightCrawler:[39m 🚫 Captcha detected on product page
🔐 Captcha detected! Attempting to solve with 2captcha...
⚠️ Could not detect captcha type or sitekey
[31mERROR[39m[33m PlaywrightCrawler:[39m ❌ Failed to solve captcha
[33mWARN[39m [33m PlaywrightCrawler:[39m 🚫 Captcha detected on product page
🔐 Captcha detected! Attempting to solve with 2captcha...
⚠️ Could not detect captcha type or sitekey
[31mERROR[39m[33m PlaywrightCrawler:[39m ❌ Failed to solve captcha
[33mWARN[39m [33m PlaywrightCrawler:[39m 🚫 Captcha detected on product page
🔐 Captcha detected! Attempting to solve with 2captcha...
⚠️ Could not detect captcha type or sitekey
[31mERROR[39m[33m PlaywrightCrawler:[39m ❌ Failed to solve captcha
[32mINFO[39m [33m PlaywrightCrawler:Statistics:[39m PlaywrightCrawler request statistics:[90m {"requestAvgFailedDurationMillis":null,"requestAvgFinishedDurationMillis":4525,"requestsFinishedPerMinute":45,"requestsFailedPerMinute":0,"requestTotalDurationMillis":1434528,"requestsTotal":317,"crawlerRuntimeMillis":420357,"retryHistogram":[317]}[39m
[33mWARN[39m [33m PlaywrightCrawler:[39m 🚫 Captcha detected on product page
🔐 Captcha detected! Attempting to solve with 2captcha...
⚠️ Could not detect captcha type or sitekey
[31mERROR[39m[33m PlaywrightCrawler:[39m ❌ Failed to solve captcha
[33mWARN[39m [33m PlaywrightCrawler:[39m Reclaiming failed request back to the list or queue. browserController.newPage() failed: JAyJ_llzmct7uFo8uL_11
Cause:browserContext.newPage: Target page, context or browser has been closed.
[90m {"id":"vTzJbkJLfpWesxL","url":"https://www.chipdip.ru/product/pic18f458-i-p-mikrokontroller-8-bit-pic-40mgts-microchip-457899716","retryCount":1}[39m
[32mINFO[39m [33m PlaywrightCrawler:[39m Final request statistics:[90m {"requestsFinished":318,"requestsFailed":0,"retryHistogram":[318],"requestAvgFailedDurationMillis":null,"requestAvgFinishedDurationMillis":4515,"requestsFinishedPerMinute":45,"requestsFailedPerMinute":0,"requestTotalDurationMillis":1435718,"requestsTotal":318,"crawlerRuntimeMillis":421258}[39m
[32mINFO[39m [33m PlaywrightCrawler:[39m Finished! Total 318 requests: 318 succeeded, 0 failed.[90m {"terminal":true}[39m
Failed to launch browser. Please check the following:
- Try installing the required dependencies by running `npx playwright install --with-deps` (https://playwright.dev/docs/browsers).

The original error is available in the `cause` property. Below is the error received when trying to launch a browser:
​
browserType.launchPersistentContext: Target page, context or browser has been closed
Browser logs:

<launching> /Users/lux/Library/Caches/ms-playwright/chromium_headless_shell-1169/chrome-mac/headless_shell --disable-field-trial-config --disable-background-networking --disable-background-timer-throttling --disable-backgrounding-occluded-windows --disable-back-forward-cache --disable-breakpad --disable-client-side-phishing-detection --disable-component-extensions-with-background-pages --disable-component-update --no-default-browser-check --disable-default-apps --disable-dev-shm-usage --disable-extensions --disable-features=AcceptCHFrame,AutoExpandDetailsElement,AvoidUnnecessaryBeforeUnloadCheckSync,CertificateTransparencyComponentUpdater,DeferRendererTasksAfterInput,DestroyProfileOnBrowserClose,DialMediaRouteProvider,ExtensionManifestV2Disabled,GlobalMediaControls,HttpsUpgrades,ImprovedCookieControls,LazyFrameLoading,LensOverlay,MediaRouter,PaintHolding,ThirdPartyStoragePartitioning,Translate --allow-pre-commit-input --disable-hang-monitor --disable-ipc-flooding-protection --disable-popup-blocking --disable-prompt-on-repost --disable-renderer-backgrounding --force-color-profile=srgb --metrics-recording-only --no-first-run --enable-automation --password-store=basic --use-mock-keychain --no-service-autorun --export-tagged-pdf --disable-search-engine-choice-screen --unsafely-disable-devtools-self-xss-warnings --enable-use-zoom-for-dsf=false --use-angle --headless --hide-scrollbars --mute-audio --blink-settings=primaryHoverType=2,availableHoverTypes=2,primaryPointerType=4,availablePointerTypes=4 --no-sandbox --proxy-server=http://127.0.0.1:49574 --proxy-bypass-list=<-loopback> --disable-blink-features=AutomationControlled --user-data-dir=/var/folders/3x/y5wkd37d3rj7lgkxn_x76gq40000gn/T/playwright_chromiumdev_profile-n3IS9l --remote-debugging-pipe about:blank
<launched> pid=37026
[pid=37026] <gracefully close start>
Call log:
  - <launching> /Users/lux/Library/Caches/ms-playwright/chromium_headless_shell-1169/chrome-mac/headless_shell --disable-field-trial-config --disable-background-networking --disable-background-timer-throttling --disable-backgrounding-occluded-windows --disable-back-forward-cache --disable-breakpad --disable-client-side-phishing-detection --disable-component-extensions-with-background-pages --disable-component-update --no-default-browser-check --disable-default-apps --disable-dev-shm-usage --disable-extensions --disable-features=AcceptCHFrame,AutoExpandDetailsElement,AvoidUnnecessaryBeforeUnloadCheckSync,CertificateTransparencyComponentUpdater,DeferRendererTasksAfterInput,DestroyProfileOnBrowserClose,DialMediaRouteProvider,ExtensionManifestV2Disabled,GlobalMediaControls,HttpsUpgrades,ImprovedCookieControls,LazyFrameLoading,LensOverlay,MediaRouter,PaintHolding,ThirdPartyStoragePartitioning,Translate --allow-pre-commit-input --disable-hang-monitor --disable-ipc-flooding-protection --disable-popup-blocking --disable-prompt-on-repost --disable-renderer-backgrounding --force-color-profile=srgb --metrics-recording-only --no-first-run --enable-automation --password-store=basic --use-mock-keychain --no-service-autorun --export-tagged-pdf --disable-search-engine-choice-screen --unsafely-disable-devtools-self-xss-warnings --enable-use-zoom-for-dsf=false --use-angle --headless --hide-scrollbars --mute-audio --blink-settings=primaryHoverType=2,availableHoverTypes=2,primaryPointerType=4,availablePointerTypes=4 --no-sandbox --proxy-server=http://127.0.0.1:49574 --proxy-bypass-list=<-loopback> --disable-blink-features=AutomationControlled --user-data-dir=/var/folders/3x/y5wkd37d3rj7lgkxn_x76gq40000gn/T/playwright_chromiumdev_profile-n3IS9l --remote-debugging-pipe about:blank
  - <launched> pid=37026
  - [pid=37026] <gracefully close start>

    at async PlaywrightPlugin._launch (/Users/lux/Desktop/projects/electromagaz/node_modules/@crawlee/src/playwright/playwright-plugin.ts:120:40)
    at async BrowserPool._launchBrowser (/Users/lux/Desktop/projects/electromagaz/node_modules/@crawlee/src/browser-pool.ts:706:29)
    at async <anonymous> (/Users/lux/Desktop/projects/electromagaz/node_modules/@crawlee/src/browser-pool.ts:453:37)
Error thrown at:

    at PlaywrightPlugin._throwAugmentedLaunchError (/Users/lux/Desktop/projects/electromagaz/node_modules/@crawlee/src/abstract-classes/browser-plugin.ts:261:15)
    at PlaywrightPlugin._throwOnFailedLaunch (/Users/lux/Desktop/projects/electromagaz/node_modules/@crawlee/src/playwright/playwright-plugin.ts:194:14)
    at <anonymous> (/Users/lux/Desktop/projects/electromagaz/node_modules/@crawlee/src/playwright/playwright-plugin.ts:123:37)
    at async PlaywrightPlugin._launch (/Users/lux/Desktop/projects/electromagaz/node_modules/@crawlee/src/playwright/playwright-plugin.ts:120:40)
    at async BrowserPool._launchBrowser (/Users/lux/Desktop/projects/electromagaz/node_modules/@crawlee/src/browser-pool.ts:706:29)
    at async <anonymous> (/Users/lux/Desktop/projects/electromagaz/node_modules/@crawlee/src/browser-pool.ts:453:37) {
  name: 'BrowserLaunchError',
  [cause]: browserType.launchPersistentContext: Target page, context or browser has been closed
  Browser logs:
  
  <launching> /Users/lux/Library/Caches/ms-playwright/chromium_headless_shell-1169/chrome-mac/headless_shell --disable-field-trial-config --disable-background-networking --disable-background-timer-throttling --disable-backgrounding-occluded-windows --disable-back-forward-cache --disable-breakpad --disable-client-side-phishing-detection --disable-component-extensions-with-background-pages --disable-component-update --no-default-browser-check --disable-default-apps --disable-dev-shm-usage --disable-extensions --disable-features=AcceptCHFrame,AutoExpandDetailsElement,AvoidUnnecessaryBeforeUnloadCheckSync,CertificateTransparencyComponentUpdater,DeferRendererTasksAfterInput,DestroyProfileOnBrowserClose,DialMediaRouteProvider,ExtensionManifestV2Disabled,GlobalMediaControls,HttpsUpgrades,ImprovedCookieControls,LazyFrameLoading,LensOverlay,MediaRouter,PaintHolding,ThirdPartyStoragePartitioning,Translate --allow-pre-commit-input --disable-hang-monitor --disable-ipc-flooding-protection --disable-popup-blocking --disable-prompt-on-repost --disable-renderer-backgrounding --force-color-profile=srgb --metrics-recording-only --no-first-run --enable-automation --password-store=basic --use-mock-keychain --no-service-autorun --export-tagged-pdf --disable-search-engine-choice-screen --unsafely-disable-devtools-self-xss-warnings --enable-use-zoom-for-dsf=false --use-angle --headless --hide-scrollbars --mute-audio --blink-settings=primaryHoverType=2,availableHoverTypes=2,primaryPointerType=4,availablePointerTypes=4 --no-sandbox --proxy-server=http://127.0.0.1:49574 --proxy-bypass-list=<-loopback> --disable-blink-features=AutomationControlled --user-data-dir=/var/folders/3x/y5wkd37d3rj7lgkxn_x76gq40000gn/T/playwright_chromiumdev_profile-n3IS9l --remote-debugging-pipe about:blank
  <launched> pid=37026
  [pid=37026] <gracefully close start>
  Call log:
    - <launching> /Users/lux/Library/Caches/ms-playwright/chromium_headless_shell-1169/chrome-mac/headless_shell --disable-field-trial-config --disable-background-networking --disable-background-timer-throttling --disable-backgrounding-occluded-windows --disable-back-forward-cache --disable-breakpad --disable-client-side-phishing-detection --disable-component-extensions-with-background-pages --disable-component-update --no-default-browser-check --disable-default-apps --disable-dev-shm-usage --disable-extensions --disable-features=AcceptCHFrame,AutoExpandDetailsElement,AvoidUnnecessaryBeforeUnloadCheckSync,CertificateTransparencyComponentUpdater,DeferRendererTasksAfterInput,DestroyProfileOnBrowserClose,DialMediaRouteProvider,ExtensionManifestV2Disabled,GlobalMediaControls,HttpsUpgrades,ImprovedCookieControls,LazyFrameLoading,LensOverlay,MediaRouter,PaintHolding,ThirdPartyStoragePartitioning,Translate --allow-pre-commit-input --disable-hang-monitor --disable-ipc-flooding-protection --disable-popup-blocking --disable-prompt-on-repost --disable-renderer-backgrounding --force-color-profile=srgb --metrics-recording-only --no-first-run --enable-automation --password-store=basic --use-mock-keychain --no-service-autorun --export-tagged-pdf --disable-search-engine-choice-screen --unsafely-disable-devtools-self-xss-warnings --enable-use-zoom-for-dsf=false --use-angle --headless --hide-scrollbars --mute-audio --blink-settings=primaryHoverType=2,availableHoverTypes=2,primaryPointerType=4,availablePointerTypes=4 --no-sandbox --proxy-server=http://127.0.0.1:49574 --proxy-bypass-list=<-loopback> --disable-blink-features=AutomationControlled --user-data-dir=/var/folders/3x/y5wkd37d3rj7lgkxn_x76gq40000gn/T/playwright_chromiumdev_profile-n3IS9l --remote-debugging-pipe about:blank
    - <launched> pid=37026
    - [pid=37026] <gracefully close start>
  
      at async PlaywrightPlugin._launch (/Users/lux/Desktop/projects/electromagaz/node_modules/@crawlee/src/playwright/playwright-plugin.ts:120:40)
      at async BrowserPool._launchBrowser (/Users/lux/Desktop/projects/electromagaz/node_modules/@crawlee/src/browser-pool.ts:706:29)
      at async <anonymous> (/Users/lux/Desktop/projects/electromagaz/node_modules/@crawlee/src/browser-pool.ts:453:37)
}
[33mWARN[39m [33m PlaywrightCrawler:[39m 🚫 Captcha detected on product page
🔐 Captcha detected! Attempting to solve with 2captcha...
[33mWARN[39m [33m PlaywrightCrawler:[39m 🚫 Captcha detected on product page
🔐 Captcha detected! Attempting to solve with 2captcha...
⚠️ Could not detect captcha type or sitekey
[31mERROR[39m[33m PlaywrightCrawler:[39m ❌ Failed to solve captcha
⚠️ Could not detect captcha type or sitekey
[31mERROR[39m[33m PlaywrightCrawler:[39m ❌ Failed to solve captcha
